arch,model,campaign,hardware_cohort,source_cohort,hidden_size,intermediate_size,num_experts,top_k,num_tokens,activation,status,source_us,export_us,source_over_export,official_us,official_export_us,official_over_export,source_directional_disagreement,source_endpoint_drift,official_directional_disagreement,official_endpoint_drift
sm_100a,Qwen3-30B-A3B,sm_100a_c01,sm_100a_gpu01,sm_100a_source01,2048,768,128,8,1,swiglu,PASS,16.48,16.607,0.9923526223881497,17.535999999999998,16.607,1.055940266152827,0.0018368296774777804,0.0018775361879959096,0.0033633028157908917,0.0018666827241524686
sm_100a,Qwen3-30B-A3B,sm_100a_c01,sm_100a_gpu01,sm_100a_source01,2048,768,128,8,2,swiglu,PASS,20.8,20.704,1.0046367851622875,22.24,20.704,1.0741885625965997,0.0,0.0015455950540959051,0.0003864921400547061,0.0015455950540959051
sm_100a,Qwen3-30B-A3B,sm_100a_c02,sm_100a_gpu02,sm_100a_source02,2048,768,128,8,3,swiglu,PASS,24.832,24.736,1.0038809831824063,26.144000000000002,24.736,1.056921086675291,0.0012146850346823612,0.0012919896640826156,0.00027856080832522334,0.0012919896640826156
sm_100a,Qwen3-30B-A3B,sm_100a_c02,sm_100a_gpu02,sm_100a_source02,2048,768,128,8,4,swiglu,PASS,28.32,28.576,0.9910414333706608,29.409000000000002,28.576,1.0291503359462486,5.8294540190351185e-05,3.527212443987793e-05,0.000146058587325415,3.495647918350109e-05
sm_100a,Qwen3-30B-A3B,sm_100a_c02,sm_100a_gpu02,sm_100a_source02,2048,768,128,8,5,swiglu,PASS,31.584,31.36,1.0071428571428571,31.232,31.36,0.9959183673469388,4.670451478505644e-05,0.0010121457489880026,0.00010756655849197827,0.0010235414534288667
sm_100a,Qwen3-30B-A3B,sm_100a_c02,sm_100a_gpu02,sm_100a_source02,2048,768,128,8,6,swiglu,PASS,34.144,34.528000000000006,0.9888785912882297,34.4,34.528000000000006,0.9962928637627432,0.00018777866917907282,0.000936329588014928,2.156659138474737e-05,0.0009293680297397522
sm_100a,Qwen3-30B-A3B,sm_100a_c02,sm_100a_gpu02,sm_100a_source02,2048,768,128,8,7,swiglu,PASS,38.080000000000005,37.6,1.0127659574468086,37.6,37.6,1.0,0.0001310824261158139,0.0008134134501849299,0.0,2.6573129251694638e-05
sm_100a,Qwen3-30B-A3B,sm_100a_c02,sm_100a_gpu02,sm_100a_source02,2048,768,128,8,8,swiglu,PASS,40.896,40.512,1.009478672985782,39.488,40.512,0.9747235387045814,0.000615956608912005,0.0015637216575450363,6.152121646540998e-05,0.00041802313061323204
sm_100a,Qwen3-30B-A3B,sm_100a_c02,sm_100a_gpu02,sm_100a_source02,2048,768,128,8,9,swiglu,PASS,43.007999999999996,43.456,0.9896907216494845,41.728,43.456,0.9602356406480118,0.00044432189349974394,0.0007446016381236209,0.0002621932037962793,0.0007668711656441118
sm_100a,Qwen3-30B-A3B,sm_100a_c02,sm_100a_gpu02,sm_100a_source02,2048,768,128,8,10,swiglu,PASS,45.343,44.992,1.0078013869132292,43.296,44.992,0.9623044096728308,0.000516291658446355,0.000711743772241924,0.0007531155341599094,0.000711743772241924
sm_100a,Qwen3-30B-A3B,sm_100a_c02,sm_100a_gpu02,sm_100a_source02,2048,768,128,8,11,swiglu,PASS,47.775999999999996,47.584,1.0040349697377269,44.8,47.584,0.9414929388029589,1.929264000022357e-05,0.0006488749345890943,0.0007573110216048118,0.00036804068522477973
sm_100a,Qwen3-30B-A3B,sm_100a_c02,sm_100a_gpu02,sm_100a_source02,2048,768,128,8,12,swiglu,PASS,50.048,50.079499999999996,0.9993710001098255,45.983999999999995,50.079499999999996,0.9182200301520582,0.0006387799914859826,0.0006194053708439284,0.00018462247083883554,0.0006190095846645427
sm_100a,Qwen3-30B-A3B,sm_100a_c02,sm_100a_gpu02,sm_100a_source02,2048,768,128,8,13,swiglu,PASS,52.287,52.48,0.9963224085365854,47.839,52.48,0.9115663109756098,0.0005915793931547952,0.0005998686002113285,0.00015314580743930328,0.0006688963210701449
sm_100a,Qwen3-30B-A3B,sm_100a_c02,sm_100a_gpu02,sm_100a_source02,2048,768,128,8,14,swiglu,PASS,54.592,54.72,0.9976608187134504,48.510999999999996,54.72,0.8865314327485381,4.114628946449983e-07,0.0011695906432747094,0.00035939383068117614,0.0011695906432747094
sm_100a,Qwen3-30B-A3B,sm_100a_c02,sm_100a_gpu02,sm_100a_source02,2048,768,128,8,15,swiglu,PASS,56.799,56.895,0.9983126812549433,50.559,56.895,0.8886369628262589,3.0508798930628522e-05,0.000546082299887285,1.7665347654016728e-05,0.0006329113924049556
sm_100a,Qwen3-30B-A3B,sm_100a_c02,sm_100a_gpu02,sm_100a_source02,2048,768,128,8,16,swiglu,PASS,58.944,58.879,1.0011039589666944,51.488,58.879,0.8744713734947944,0.0005278360199629795,0.0,0.00022846642781226834,0.000621130068518494
sm_100a,Qwen3-30B-A3B,sm_100a_c02,sm_100a_gpu02,sm_100a_source02,2048,768,128,8,17,swiglu,PASS,61.439,61.376,1.0010264598540146,53.376,61.376,0.8696558915537018,1.496661777178332e-06,0.0005211047420532466,0.00020787927311016752,0.0005811337732453126
sm_100a,Qwen3-30B-A3B,sm_100a_c02,sm_100a_gpu02,sm_100a_source02,2048,768,128,8,18,swiglu,PASS,64.16,64.064,1.0014985014985014,54.847,64.064,0.8561282467532468,1.1889029545297802e-05,0.0004995004995005381,5.676001477228354e-05,0.0005831010040270312
sm_100a,Qwen3-30B-A3B,sm_100a_c02,sm_100a_gpu02,sm_100a_source02,2048,768,128,8,19,swiglu,PASS,66.271,66.11200000000001,1.002405009680542,55.328,66.11200000000001,0.8368828654404646,3.6306575450284484e-05,0.00046890125847021125,0.00017282887352410015,0.0005960982658959058
sm_100a,Qwen3-30B-A3B,sm_100a_c02,sm_100a_gpu02,sm_100a_source02,2048,768,128,8,20,swiglu,PASS,68.095,67.839,1.0037736405312578,55.80800000000001,67.839,0.8226536358142073,0.00022199192166749704,0.0009540864255518366,8.20879629033211e-05,0.0005551675352352126
sm_100a,Qwen3-30B-A3B,sm_100a_c02,sm_100a_gpu02,sm_100a_source02,2048,768,128,8,21,swiglu,PASS,69.664,69.98400000000001,0.9954275262917238,56.800000000000004,69.98400000000001,0.8116140832190215,0.0004360589546543725,0.00045934772622879816,0.0002141149529047981,0.0005636978579481866
sm_100a,Qwen3-30B-A3B,sm_100a_c02,sm_100a_gpu02,sm_100a_source02,2048,768,128,8,22,swiglu,PASS,71.327,71.232,1.001333670260557,58.272,71.232,0.8180592991913745,0.0004257730888894695,0.00046306690615161017,4.600944638499804e-05,0.0005317050580587734
sm_100a,Qwen3-30B-A3B,sm_100a_c02,sm_100a_gpu02,sm_100a_source02,2048,768,128,8,23,swiglu,PASS,73.215,73.247,0.9995631220391278,58.272,73.247,0.7955547667481261,0.0004250444900140149,0.0004437011502098631,1.8761622941676492e-05,0.0005317050580587734
sm_100a,Qwen3-30B-A3B,sm_100a_c02,sm_100a_gpu02,sm_100a_source02,2048,768,128,8,24,swiglu,PASS,74.944,74.944,1.0,58.784000000000006,74.944,0.7843723313407345,1.9944959367856896e-05,0.0008402800933643428,7.616665606913209e-05,0.0005440696409140244
sm_100a,Qwen3-30B-A3B,sm_100a_c02,sm_100a_gpu02,sm_100a_source02,2048,768,128,8,25,swiglu,PASS,76.864,76.89500000000001,0.9995968528512906,60.544000000000004,76.89500000000001,0.7873593861759541,0.00038959887719769437,0.00041631973355538143,0.0004097387922835649,0.001040033016921016
sm_100a,Qwen3-30B-A3B,sm_100a_c02,sm_100a_gpu02,sm_100a_source02,2048,768,128,8,26,swiglu,PASS,78.719,78.719,1.0,62.303,78.719,0.791460765507692,0.0003928246492519438,0.0008003048780489408,0.000122077300895862,0.0010272213662044782
sm_100a,Qwen3-30B-A3B,sm_100a_c02,sm_100a_gpu02,sm_100a_source02,2048,768,128,8,27,swiglu,PASS,80.76700000000001,80.768,0.999987618858954,62.751000000000005,80.768,0.7769289817749603,9.816688129049567e-09,0.0007797126202055971,1.4217964137364092e-05,0.001004977029096521
sm_100a,Qwen3-30B-A3B,sm_100a_c02,sm_100a_gpu02,sm_100a_source02,2048,768,128,8,28,swiglu,PASS,82.271,82.271,1.0,63.455,82.271,0.7712924359737939,1.2136069612589395e-05,0.0001945158682399306,0.00027173023084514636,0.0004885351824127637
sm_100a,Qwen3-30B-A3B,sm_100a_c02,sm_100a_gpu02,sm_100a_source02,2048,768,128,8,29,swiglu,PASS,84.767,84.703,1.000755581266307,64.416,84.703,0.7604925445379739,0.00035401392990075387,0.0005602505204431729,0.0005660441948492911,0.0004962856123698067
sm_100a,Qwen3-30B-A3B,sm_100a_c02,sm_100a_gpu02,sm_100a_source02,2048,768,128,8,30,swiglu,PASS,86.65599999999999,86.592,1.000739098300074,64.831,86.592,0.748695029563932,0.0003476398842841011,0.00018480979029855682,0.00013402017841535052,0.0004781663093273991
sm_100a,Qwen3-30B-A3B,sm_100a_c02,sm_100a_gpu02,sm_100a_source02,2048,768,128,8,31,swiglu,PASS,88.895,89.087,0.9978448033944347,65.664,89.087,0.7370772391033484,3.59465894796962e-05,0.00036010488054660783,0.0004895303999254974,0.0004873294346978696
sm_100a,Qwen3-30B-A3B,sm_100a_c02,sm_100a_gpu02,sm_100a_source02,2048,768,128,8,32,swiglu,PASS,90.847,90.784,1.0006939548819174,65.63199999999999,90.784,0.7229467747620726,0.0003426401997306261,0.0003633720930231732,6.134361107390518e-05,0.00047233057045348303
sm_100a,Qwen3-235B-A22B,sm_100a_c02,sm_100a_gpu02,sm_100a_source02,4096,1536,128,8,1,swiglu,PASS,33.728,33.664,1.0019011406844107,35.552,33.664,1.056083650190114,0.0008854539702128905,0.0009208923744169484,0.00026088024117998376,0.0009208923744169484
sm_100a,Qwen3-235B-A22B,sm_100a_c02,sm_100a_gpu02,sm_100a_source02,4096,1536,128,8,2,swiglu,PASS,43.871,44.0,0.9970681818181819,52.992,44.0,1.2043636363636363,5.373698612309852e-06,0.0014545785131480082,0.00022493121496536261,0.0014545785131480082
sm_100a,Qwen3-235B-A22B,sm_100a_c02,sm_100a_gpu02,sm_100a_source02,4096,1536,128,8,3,swiglu,PASS,58.879,58.751,1.0021786863202329,68.224,58.751,1.1612398086841076,0.0005242476787593597,0.0005446623093681158,0.001060371353309053,0.0005446623093681158
sm_100a,Qwen3-235B-A22B,sm_100a_c02,sm_100a_gpu02,sm_100a_source02,4096,1536,128,8,4,swiglu,PASS,69.248,69.216,1.0004623208506704,80.64,69.216,1.1650485436893205,0.00044844488014805783,0.00046232085067043904,5.271834381026519e-05,0.000997676219984478
sm_100a,Qwen3-235B-A22B,sm_100a_c02,sm_100a_gpu02,sm_100a_source02,4096,1536,128,8,5,swiglu,PASS,79.10300000000001,78.91199999999999,1.0024204176804543,91.32700000000001,78.91199999999999,1.1573271492295216,0.00039895816794199845,0.0007986815415821358,0.00010658699332322108,0.0007986815415821358
sm_100a,Qwen3-235B-A22B,sm_100a_c02,sm_100a_gpu02,sm_100a_source02,4096,1536,128,8,6,swiglu,PASS,89.02300000000001,88.64,1.0043208483754513,104.191,88.64,1.1754399819494585,0.00035912974564500377,0.0007298778296801478,4.663950909722381e-05,0.00015356339048777645
sm_100a,Qwen3-235B-A22B,sm_100a_c02,sm_100a_gpu02,sm_100a_source02,4096,1536,128,8,7,swiglu,PASS,101.503,101.44,1.0006210567823344,118.559,101.44,1.168759858044164,0.0003077328685670011,0.0006206713102074879,0.00025481281597605765,0.0005310943071749064
sm_100a,Qwen3-235B-A22B,sm_100a_c02,sm_100a_gpu02,sm_100a_source02,4096,1536,128,8,8,swiglu,PASS,112.67099999999999,112.576,1.000843874360432,126.59100000000001,112.576,1.124493675383741,0.00026982235970640644,0.0002842549411502526,0.0003523228908560716,0.0005135985081938799
sm_100a,Qwen3-235B-A22B,sm_100a_c02,sm_100a_gpu02,sm_100a_source02,4096,1536,128,8,9,swiglu,PASS,122.431,122.336,1.0007765498299765,134.336,122.336,1.0980905048391316,0.0005236987975956175,0.0005186594898352048,0.0003140415102915739,0.0002615084132158163
sm_100a,Qwen3-235B-A22B,sm_100a_c02,sm_100a_gpu02,sm_100a_source02,4096,1536,128,8,10,swiglu,PASS,132.415,132.479,0.9995169045660066,140.03099999999998,132.479,1.0570052612112106,0.00024090459106829165,0.0004830954339933857,0.00017976554995247085,0.0004830954339933857
sm_100a,Qwen3-235B-A22B,sm_100a_c02,sm_100a_gpu02,sm_100a_source02,4096,1536,128,8,11,swiglu,PASS,144.255,144.15900000000002,1.0006659313674484,145.85500000000002,144.15900000000002,1.0117647874915892,0.00043705883170652715,0.0011096392978757752,5.5530182910823456e-06,0.000443954244965461
sm_100a,Qwen3-235B-A22B,sm_100a_c02,sm_100a_gpu02,sm_100a_source02,4096,1536,128,8,12,swiglu,PASS,153.984,153.791,1.001254949899539,151.648,153.791,0.9860655044833573,4.622431779566227e-06,0.00021457692582771415,7.380521032795961e-05,0.00021457692582771415
sm_100a,Qwen3-235B-A22B,sm_100a_c02,sm_100a_gpu02,sm_100a_source02,4096,1536,128,8,13,swiglu,PASS,163.839,164.158,0.9980567502040718,159.422,164.158,0.9711497459764374,0.00020285999017577439,0.0001952755521109628,0.00010463231469037826,0.00039831265975642793
sm_100a,Qwen3-235B-A22B,sm_100a_c02,sm_100a_gpu02,sm_100a_source02,4096,1536,128,8,14,swiglu,PASS,175.391,175.35899999999998,1.000182482792443,161.375,175.35899999999998,0.9202550197024391,8.931782629739704e-05,0.0009119147359721858,0.0003666662023285028,0.00019833522371603962
sm_100a,Qwen3-235B-A22B,sm_100a_c02,sm_100a_gpu02,sm_100a_source02,4096,1536,128,8,15,swiglu,PASS,186.302,186.175,1.0006821538874715,168.608,186.175,0.9056425406203841,0.00034064905841946214,0.00034370351275714306,2.336218328702344e-05,0.00034370351275714306
sm_100a,Qwen3-235B-A22B,sm_100a_c02,sm_100a_gpu02,sm_100a_source02,4096,1536,128,8,16,swiglu,PASS,195.45499999999998,195.327,1.0006553113496854,172.57500000000002,195.327,0.8835184075934203,0.0001646843533393838,0.0003273874989129233,8.81713935552142e-06,0.0005561767483358571
sm_100a,Qwen3-235B-A22B,sm_100a_c02,sm_100a_gpu02,sm_100a_source02,4096,1536,128,8,17,swiglu,PASS,206.687,206.847,0.9992264814089642,178.975,206.847,0.8652530614415486,0.0001589079361430379,0.0004643288996372119,0.0003039850004747935,0.0004592056226102592
sm_100a,Qwen3-235B-A22B,sm_100a_c02,sm_100a_gpu02,sm_100a_source02,4096,1536,128,8,18,swiglu,PASS,217.726,217.982,0.9988255911038526,184.127,217.982,0.8446890110192585,0.00043649241348220347,0.00015143310786625008,0.00020446031546939025,0.0005211981041418623
sm_100a,Qwen3-235B-A22B,sm_100a_c02,sm_100a_gpu02,sm_100a_source02,4096,1536,128,8,19,swiglu,PASS,226.2705,225.98299999999998,1.0012722195917392,185.951,225.98299999999998,0.8228539314904219,0.00014719974297161542,0.00028284730002370306,0.0002585513866099065,0.0001693707741321493
sm_100a,Qwen3-235B-A22B,sm_100a_c02,sm_100a_gpu02,sm_100a_source02,4096,1536,128,8,20,swiglu,PASS,235.038,235.423,0.998364645765282,187.839,235.423,0.7978787119355374,0.000136451187351061,0.00034186872665586954,1.7214009075283698e-05,0.00034186872665586954
sm_100a,Qwen3-235B-A22B,sm_100a_c02,sm_100a_gpu02,sm_100a_source02,4096,1536,128,8,21,swiglu,PASS,244.254,244.22299999999998,1.0001269331717324,191.743,244.22299999999998,0.7851144241123891,8.01276156536801e-10,0.00025789337950854474,0.00011062146820228769,0.00017204794402714274
sm_100a,Qwen3-235B-A22B,sm_100a_c02,sm_100a_gpu02,sm_100a_source02,4096,1536,128,8,22,swiglu,PASS,254.814,254.87900000000002,0.9997449770283152,197.31099999999998,254.87900000000002,0.7741359625547808,6.369121256177834e-06,0.00012558179691846139,0.0003768647345078202,0.0001621805170516355
sm_100a,Qwen3-235B-A22B,sm_100a_c02,sm_100a_gpu02,sm_100a_source02,4096,1536,128,8,23,swiglu,PASS,265.63,265.502,1.0004821055961912,197.375,265.502,0.7434030628771158,0.00024116805199325686,0.0003614049617890469,3.5327850745892064e-05,0.00024325105028699667
sm_100a,Qwen3-235B-A22B,sm_100a_c02,sm_100a_gpu02,sm_100a_source02,4096,1536,128,8,24,swiglu,PASS,275.294,275.518,0.9991869859682488,198.878,275.518,0.7218330562794446,0.0002324635320842816,0.00023223577737296885,0.00017309327044290335,0.00048757684361855347
sm_100a,Qwen3-235B-A22B,sm_100a_c02,sm_100a_gpu02,sm_100a_source02,4096,1536,128,8,25,swiglu,PASS,284.57500000000005,284.382,1.0006786646130907,206.238,284.382,0.7252146760343481,0.00011181520256331456,0.00033749815430694774,0.00011892952019143532,0.00033749815430694774
sm_100a,Qwen3-235B-A22B,sm_100a_c02,sm_100a_gpu02,sm_100a_source02,4096,1536,128,8,26,swiglu,PASS,295.102,295.39,0.9990250177731135,214.10999999999999,295.39,0.7248383493009242,0.00021152401452362302,0.00043666200668190935,0.00021576160410896605,0.0007422761267192879
sm_100a,Qwen3-235B-A22B,sm_100a_c02,sm_100a_gpu02,sm_100a_source02,4096,1536,128,8,27,swiglu,PASS,307.39,307.00600000000003,1.0012507898868426,215.807,307.00600000000003,0.7029406591402122,0.00020750577554129457,0.0005202947469741259,0.00014370075086378442,0.0014817147143530995
sm_100a,Qwen3-235B-A22B,sm_100a_c02,sm_100a_gpu02,sm_100a_source02,4096,1536,128,8,28,swiglu,PASS,318.49399999999997,318.718,0.9992971843447813,217.3425,318.718,0.6819272836802439,9.990922496105892e-05,0.0009064846587665265,0.00024581421667013714,0.0009064846587665265
sm_100a,Qwen3-235B-A22B,sm_100a_c02,sm_100a_gpu02,sm_100a_source02,4096,1536,128,8,29,swiglu,PASS,328.382,328.029,1.001076124367053,220.99099999999999,328.029,0.6736934844175362,0.00010058155084391451,0.00043990769549251407,0.00010215882656605668,0.0010108456730378856
sm_100a,Qwen3-235B-A22B,sm_100a_c02,sm_100a_gpu02,sm_100a_source02,4096,1536,128,8,30,swiglu,PASS,338.494,338.686,0.9994331032283591,222.718,338.686,0.6575943499288427,1.000390454697353e-06,0.0007560766708998301,1.471988821244441e-05,0.0005699821375677594
sm_100a,Qwen3-235B-A22B,sm_100a_c02,sm_100a_gpu02,sm_100a_source02,4096,1536,128,8,31,swiglu,PASS,348.414,348.766,0.9989907273071342,226.398,348.766,0.6491401111346862,9.306602873526693e-05,0.0007342859929209133,0.00011619461195788716,0.0012669627327547284
sm_100a,Qwen3-235B-A22B,sm_100a_c02,sm_100a_gpu02,sm_100a_source02,4096,1536,128,8,32,swiglu,PASS,359.39,359.102,1.000802000545806,226.623,359.102,0.631082533653391,7.1929033440554235e-06,0.0003561273377812313,8.098803641976016e-05,0.0014792866795857451
sm_100a,Qwen3.5-35B-A3B,sm_100a_c03,sm_100a_gpu03,sm_100a_source02,2048,512,256,8,1,swiglu,PASS,14.56,14.687000000000001,0.9913528971199019,16.031,14.687000000000001,1.0915094981956832,5.7587100489531196e-05,0.0021151746724890064,0.0017245860488861453,0.0021151746724890064
sm_100a,Qwen3.5-35B-A3B,sm_100a_c03,sm_100a_gpu03,sm_100a_source02,2048,512,256,8,2,swiglu,PASS,17.631999999999998,17.6,1.0018181818181817,19.968,17.6,1.1345454545454545,0.00179161338448397,5.6818181818241165e-05,0.000774483077333743,5.6818181818241165e-05
sm_100a,Qwen3.5-35B-A3B,sm_100a_c03,sm_100a_gpu03,sm_100a_source02,2048,512,256,8,3,swiglu,PASS,21.312,21.215999999999998,1.0045248868778283,23.136,21.215999999999998,1.0904977375565612,0.0014342275371690416,0.0,0.0007654513967505494,0.0
sm_100a,Qwen3.5-35B-A3B,sm_100a_c03,sm_100a_gpu03,sm_100a_source02,2048,512,256,8,4,swiglu,PASS,24.032,23.968,1.0026702269692924,26.272,23.968,1.096128170894526,0.0013567621074180858,4.172403721791618e-05,0.0011658278728389204,0.0012195121951219523
sm_100a,Qwen3.5-35B-A3B,sm_100a_c03,sm_100a_gpu03,sm_100a_source02,2048,512,256,8,5,swiglu,PASS,26.816,27.007,0.9929277594697671,28.287,27.007,1.0473951197837597,5.519446966717467e-05,3.707136237252051e-05,0.001242485289505768,0.0011312217194570096
sm_100a,Qwen3.5-35B-A3B,sm_100a_c03,sm_100a_gpu03,sm_100a_source02,2048,512,256,8,6,swiglu,PASS,29.439,29.311,1.0043669612091024,31.168000000000003,29.311,1.0633550544164307,1.8830068082786866e-05,0.00105188151063762,0.001311443442741811,0.0
sm_100a,Qwen3.5-35B-A3B,sm_100a_c03,sm_100a_gpu03,sm_100a_source02,2048,512,256,8,7,swiglu,PASS,31.870999999999995,31.744,1.004000756048387,33.855999999999995,31.744,1.066532258064516,0.0009989458075619906,3.1470292044311066e-05,0.0006303226514792204,3.1470292044311066e-05
sm_100a,Qwen3.5-35B-A3B,sm_100a_c03,sm_100a_gpu03,sm_100a_source02,2048,512,256,8,8,swiglu,PASS,34.592,35.039,0.9872427866092068,36.575,35.039,1.0438368674905107,0.0001777213448457271,0.000895358576668781,0.0010361197251032017,0.0008748906386700783
sm_100a,Qwen3.5-35B-A3B,sm_100a_c03,sm_100a_gpu03,sm_100a_source02,2048,512,256,8,9,swiglu,PASS,36.831,36.958999999999996,0.996536702832869,38.24,36.958999999999996,1.0346600286804297,0.0008968297953874105,0.0008665511265164572,0.0010334432287459894,0.0008665511265164572
sm_100a,Qwen3.5-35B-A3B,sm_100a_c03,sm_100a_gpu03,sm_100a_source02,2048,512,256,8,10,swiglu,PASS,38.496,38.911,0.9893346354501298,39.68,38.911,1.0197630490092775,0.0009418966672263274,0.0007966694078946901,0.0005930019053725921,0.0007966694078946901
sm_100a,Qwen3.5-35B-A3B,sm_100a_c03,sm_100a_gpu03,sm_100a_source02,2048,512,256,8,11,swiglu,PASS,40.352,40.510999999999996,0.9960751400854089,41.695,40.510999999999996,1.0292266298042507,1.6654870188537174e-05,0.0007924126488869643,0.000397292676902139,0.0007905138339920903
sm_100a,Qwen3.5-35B-A3B,sm_100a_c03,sm_100a_gpu03,sm_100a_source02,2048,512,256,8,12,swiglu,PASS,42.047000000000004,42.4,0.9916745283018868,42.656,42.4,1.0060377358490566,0.0007062129699260122,0.0007610350076104888,0.0006698813756177424,0.0007490636704120535
sm_100a,Qwen3.5-35B-A3B,sm_100a_c03,sm_100a_gpu03,sm_100a_source02,2048,512,256,8,13,swiglu,PASS,43.871,43.776,1.0021701388888888,44.672000000000004,43.776,1.0204678362573099,3.908653873319068e-05,0.0007304601899196239,0.0007758788216332135,0.0006934657629240615
sm_100a,Qwen3.5-35B-A3B,sm_100a_c03,sm_100a_gpu03,sm_100a_source02,2048,512,256,8,14,swiglu,PASS,45.471,45.344,1.0028008115737472,45.792,45.344,1.009880028228652,9.291666849486901e-06,0.00070473715506425,0.0006525271897234175,0.00070473715506425
sm_100a,Qwen3.5-35B-A3B,sm_100a_c03,sm_100a_gpu03,sm_100a_source02,2048,512,256,8,15,swiglu,PASS,46.911,47.168,0.9945513907734057,47.072,47.168,0.9979647218453189,0.0007379743185820242,0.0006821282401092699,3.080471694705267e-05,0.0006585656016313557
sm_100a,Qwen3.5-35B-A3B,sm_100a_c03,sm_100a_gpu03,sm_100a_source02,2048,512,256,8,16,swiglu,PASS,48.959,48.895,1.0013089272931792,48.544,48.895,0.9928213518764699,0.0006342961440817252,0.0006340116576337707,5.725878049089861e-05,0.0006381883685023793
sm_100a,Qwen3.5-35B-A3B,sm_100a_c03,sm_100a_gpu03,sm_100a_source02,2048,512,256,8,17,swiglu,PASS,50.623000000000005,50.784000000000006,0.9968297101449275,50.239,50.784000000000006,0.9892682734719596,0.0006214438127051247,0.0006127450980393245,9.062141000748536e-05,0.0006170504986164893
sm_100a,Qwen3.5-35B-A3B,sm_100a_c03,sm_100a_gpu03,sm_100a_source02,2048,512,256,8,18,swiglu,PASS,52.382999999999996,52.287,1.0018360204257273,51.231,52.287,0.9798037753170004,0.0005654991375988461,0.0012019460078221966,2.2420529760758257e-05,0.0006449469384566253
sm_100a,Qwen3.5-35B-A3B,sm_100a_c03,sm_100a_gpu03,sm_100a_source02,2048,512,256,8,19,swiglu,PASS,54.207,54.271,0.998820732988152,52.351,54.271,0.9646219896445616,0.0005877297375441737,0.0005903296622207233,0.00014310232135406054,0.0006112586197016823
sm_100a,Qwen3.5-35B-A3B,sm_100a_c03,sm_100a_gpu03,sm_100a_source02,2048,512,256,8,20,swiglu,PASS,55.80800000000001,55.68,1.0022988505747128,53.472,55.68,0.9603448275862069,0.0005668767689247511,0.00027822153614187606,0.00014640715359792722,0.0005797426690605789
sm_100a,Qwen3.5-35B-A3B,sm_100a_c03,sm_100a_gpu03,sm_100a_source02,2048,512,256,8,21,swiglu,PASS,57.278999999999996,57.184,1.0016613038612199,54.432,57.184,0.9518746502518187,1.6033099357048997e-06,1.7467859139252973e-05,6.562957009781378e-05,0.0005970807345010432
sm_100a,Qwen3.5-35B-A3B,sm_100a_c03,sm_100a_gpu03,sm_100a_source02,2048,512,256,8,22,swiglu,PASS,58.783,58.655,1.0021822521524166,55.614999999999995,58.655,0.948171511380104,0.0005131011494468041,0.0005276416122004246,0.00028390897938668225,0.0005753843387577007
sm_100a,Qwen3.5-35B-A3B,sm_100a_c03,sm_100a_gpu03,sm_100a_source02,2048,512,256,8,23,swiglu,PASS,60.096,60.159,0.9989527751458634,56.608,60.159,0.9409730879835104,2.3564071209181137e-05,0.000549423105739022,0.0004895104690550989,0.0005649817263723156
sm_100a,Qwen3.5-35B-A3B,sm_100a_c03,sm_100a_gpu03,sm_100a_source02,2048,512,256,8,24,swiglu,PASS,61.663000000000004,61.823,0.9974119664202643,57.216,61.823,0.9254808081134853,0.00022440914163412984,0.0005192107995846129,0.00039473662698430445,0.0005592938914620316
sm_100a,Qwen3.5-35B-A3B,sm_100a_c03,sm_100a_gpu03,sm_100a_source02,2048,512,256,8,25,swiglu,PASS,63.487,63.583,0.9984901624648098,58.751999999999995,63.583,0.9240205715364169,1.535932185214861e-06,0.0009913141993957986,0.00027582967247119505,0.0009913141993957986
sm_100a,Qwen3.5-35B-A3B,sm_100a_c03,sm_100a_gpu03,sm_100a_source02,2048,512,256,8,26,swiglu,PASS,65.056,65.183,0.9980516392310879,60.096,65.183,0.9219581792798734,2.1837033683524965e-06,0.0004762855869836491,0.0003258727369407355,0.0004753507628610931
sm_100a,Qwen3.5-35B-A3B,sm_100a_c03,sm_100a_gpu03,sm_100a_source02,2048,512,256,8,27,swiglu,PASS,66.944,66.943,1.0000149380816516,61.087,66.943,0.912522593848498,5.278399990871208e-06,0.000485252069786557,7.237554620787012e-05,0.000540496273851554
sm_100a,Qwen3.5-35B-A3B,sm_100a_c03,sm_100a_gpu03,sm_100a_source02,2048,512,256,8,28,swiglu,PASS,69.055,68.927,1.0018570371552513,62.975,68.927,0.9136477722808188,3.4738758277752524e-06,0.0004491191469633282,0.0002715840324101215,1.5879065040635965e-05
sm_100a,Qwen3.5-35B-A3B,sm_100a_c03,sm_100a_gpu03,sm_100a_source02,2048,512,256,8,29,swiglu,PASS,70.94300000000001,70.87899999999999,1.0009029472763442,64.863,70.87899999999999,0.915122956023646,1.2335307817412655e-06,0.0008896294622682266,0.00011455465584631064,0.0008896294622682266
sm_100a,Qwen3.5-35B-A3B,sm_100a_c03,sm_100a_gpu03,sm_100a_source02,2048,512,256,8,30,swiglu,PASS,72.57600000000001,72.479,1.0013383186854123,66.015,72.479,0.9108155465721106,1.3704278576387452e-06,0.0004547082977375272,0.00011834927523346472,0.0004852087155615692
sm_100a,Qwen3.5-35B-A3B,sm_100a_c03,sm_100a_gpu03,sm_100a_source02,2048,512,256,8,31,swiglu,PASS,74.239,74.271,0.9995691454268826,67.871,74.271,0.9138290853765265,0.00023572293567619695,0.0008489650711513974,0.00012872250369300176,0.0008489650711513974
sm_100a,Qwen3.5-35B-A3B,sm_100a_c03,sm_100a_gpu03,sm_100a_source02,2048,512,256,8,32,swiglu,PASS,75.871,76.223,0.9953819713209923,68.83200000000001,76.223,0.9030345171404958,0.0004265339872843166,0.0008372945496739614,0.00011022011485783967,0.0009156976744184586
sm_100a,Qwen3.5-397B-A17B,sm_100a_c03,sm_100a_gpu03,sm_100a_source02,4096,1024,512,10,1,swiglu,PASS,31.808000000000003,31.68,1.004040404040404,29.024,31.68,0.9161616161616162,7.630366446209624e-05,0.0010090817356205317,0.0009246702086853631,0.0010090817356205317
sm_100a,Qwen3.5-397B-A17B,sm_100a_c03,sm_100a_gpu03,sm_100a_source02,4096,1024,512,10,2,swiglu,PASS,40.576,40.223,1.008776073390846,42.24,40.223,1.0501454391765905,7.169863193934312e-05,0.0007880220646176994,0.0012180335435911793,0.0007700906719660949
sm_100a,Qwen3.5-397B-A17B,sm_100a_c03,sm_100a_gpu03,sm_100a_source02,4096,1024,512,10,3,swiglu,PASS,52.607,51.935500000000005,1.0129294990902176,54.815000000000005,51.935500000000005,1.0554437716013132,0.0001398629529345552,0.0006161548088956526,0.0005348045664110845,0.0006161548088956526
sm_100a,Qwen3.5-397B-A17B,sm_100a_c03,sm_100a_gpu03,sm_100a_source02,4096,1024,512,10,4,swiglu,PASS,64.28699999999999,64.128,1.0024794161676644,66.33500000000001,64.128,1.0344155439121756,0.0005098494585282776,0.0004987608909114982,0.0006383338574029729,0.0004987608909114982
sm_100a,Qwen3.5-397B-A17B,sm_100a_c03,sm_100a_gpu03,sm_100a_source02,4096,1024,512,10,5,swiglu,PASS,75.327,75.199,1.0017021502945518,77.439,75.199,1.0297876301546562,0.00041176917025342874,0.0004122340425531945,0.0003948402820072028,0.0004122340425531945
sm_100a,Qwen3.5-397B-A17B,sm_100a_c03,sm_100a_gpu03,sm_100a_source02,4096,1024,512,10,6,swiglu,PASS,86.271,86.175,1.0011140121845084,88.351,86.175,1.025250942848854,0.0007343456237032253,0.0007421236331589531,0.0006910101817738656,0.0007421236331589531
sm_100a,Qwen3.5-397B-A17B,sm_100a_c03,sm_100a_gpu03,sm_100a_source02,4096,1024,512,10,7,swiglu,PASS,94.49499999999999,94.623,0.9986472633503481,95.103,94.623,1.0050727624361941,0.00033640632855003183,0.00033864225620394706,0.0004732816199130019,0.0003258527355862739
sm_100a,Qwen3.5-397B-A17B,sm_100a_c03,sm_100a_gpu03,sm_100a_source02,4096,1024,512,10,8,swiglu,PASS,103.583,103.455,1.001237252911894,103.167,103.455,0.9972161809482383,0.0006218395205550564,0.0009276527486543618,0.000277797566945015,0.0006209312027631864
sm_100a,Qwen3.5-397B-A17B,sm_100a_c03,sm_100a_gpu03,sm_100a_source02,4096,1024,512,10,9,swiglu,PASS,113.375,112.991,1.0033985007655477,112.3665,112.991,0.9944730111247799,2.073376652567127e-05,0.0008386373467279551,0.0002717655967731103,0.000557724484104849
sm_100a,Qwen3.5-397B-A17B,sm_100a_c03,sm_100a_gpu03,sm_100a_source02,4096,1024,512,10,10,swiglu,PASS,123.231,123.359,0.9989623780996928,122.17500000000001,123.359,0.9904019974221582,1.0801754339651026e-05,0.0002634586856248289,0.0002678791219005161,0.0002634586856248289
sm_100a,Qwen3.5-397B-A17B,sm_100a_c03,sm_100a_gpu03,sm_100a_source02,4096,1024,512,10,11,swiglu,PASS,130.719,131.166,0.9965921046612689,128.12599999999998,131.166,0.9768232621258557,0.0002674624934571046,0.00036719987148026156,0.00033388744660411973,0.00024975219899014967
sm_100a,Qwen3.5-397B-A17B,sm_100a_c03,sm_100a_gpu03,sm_100a_source02,4096,1024,512,10,12,swiglu,PASS,139.935,140.19,0.9981810400171196,133.983,140.19,0.9557243740637704,1.3364159064943593e-05,0.0006915974475062425,3.400845660861407e-06,0.0006915974475062425
sm_100a,Qwen3.5-397B-A17B,sm_100a_c03,sm_100a_gpu03,sm_100a_source02,4096,1024,512,10,13,swiglu,PASS,149.982,150.04600000000002,0.9995734641376643,142.014,150.04600000000002,0.9464697492768883,0.00020673607597621046,0.0005334506924856708,0.00034260391376672583,0.0005334506924856708
sm_100a,Qwen3.5-397B-A17B,sm_100a_c03,sm_100a_gpu03,sm_100a_source02,4096,1024,512,10,14,swiglu,PASS,159.199,159.422,0.998601196823525,149.694,159.422,0.9389795636737714,1.5246040821370599e-05,0.0008043535636632626,0.0003508344185170209,0.0006446462628887373
sm_100a,Qwen3.5-397B-A17B,sm_100a_c03,sm_100a_gpu03,sm_100a_source02,4096,1024,512,10,15,swiglu,PASS,169.43800000000002,168.89399999999998,1.0032209551553046,158.782,168.89399999999998,0.9401281277013986,0.00037232292403133194,0.0005662580957210839,0.0004205993533501484,0.0004028248089728015
sm_100a,Qwen3.5-397B-A17B,sm_100a_c03,sm_100a_gpu03,sm_100a_source02,4096,1024,512,10,16,swiglu,PASS,178.04600000000002,177.598,1.0025225509296276,166.366,177.598,0.9367560445500512,0.00017919790275167102,0.0003603644185181665,0.0002969077429598732,0.0003603644185181665
sm_100a,Qwen3.5-397B-A17B,sm_100a_c03,sm_100a_gpu03,sm_100a_source02,4096,1024,512,10,17,swiglu,PASS,186.558,185.886,1.003615118943869,173.214,185.886,0.9318291856299022,2.1299250807516046e-07,0.0005091349529182665,0.0002438219328113611,0.0003442970422732339
sm_100a,Qwen3.5-397B-A17B,sm_100a_c03,sm_100a_gpu03,sm_100a_source02,4096,1024,512,10,18,swiglu,PASS,196.286,195.86999999999998,1.0021238576606932,181.95,195.86999999999998,0.9289324551998775,1.7534825908271934e-05,0.0002445610638406315,0.00047836762829633894,0.00034893656772816417
sm_100a,Qwen3.5-397B-A17B,sm_100a_c03,sm_100a_gpu03,sm_100a_source02,4096,1024,512,10,19,swiglu,PASS,206.27,205.597,1.0032733940670342,189.53400000000002,205.597,0.9218714280850402,5.342338476710395e-06,0.0005424484126693718,0.00048447419313779605,0.0005424484126693718
sm_100a,Qwen3.5-397B-A17B,sm_100a_c03,sm_100a_gpu03,sm_100a_source02,4096,1024,512,10,20,swiglu,PASS,215.517,215.3255,1.0008893512380093,195.13400000000001,215.3255,0.9062280129385512,0.0001504314204989754,0.0005241624996520367,3.6109322699928725e-05,0.0004918083177082311
sm_100a,Qwen3.5-397B-A17B,sm_100a_c03,sm_100a_gpu03,sm_100a_source02,4096,1024,512,10,21,swiglu,PASS,224.446,224.061,1.0017182820749706,200.958,224.061,0.8968896862907868,0.0002839314387872438,0.0004284547511614889,7.211831690079329e-05,0.0004750735617833346
sm_100a,Qwen3.5-397B-A17B,sm_100a_c03,sm_100a_gpu03,sm_100a_source02,4096,1024,512,10,22,swiglu,PASS,233.08599999999998,232.382,1.0030294945391638,205.05349999999999,232.382,0.8823983785319001,6.0123394819866505e-05,0.00040886593501188173,2.560272200402558e-05,0.0004681693602660575
sm_100a,Qwen3.5-397B-A17B,sm_100a_c03,sm_100a_gpu03,sm_100a_source02,4096,1024,512,10,23,swiglu,PASS,242.686,242.749,0.9997404726693004,210.013,242.749,0.8651446555907543,0.0002678621978701168,0.0003975815505679048,0.0003110692791242764,0.0003975815505679048
sm_100a,Qwen3.5-397B-A17B,sm_100a_c03,sm_100a_gpu03,sm_100a_source02,4096,1024,512,10,24,swiglu,PASS,250.685,250.877,0.9992346847259812,215.64600000000002,250.877,0.859568633234613,0.00012141519521102762,0.0005100129893931271,3.0143838968488268e-05,0.0005978477481067834
sm_100a,Qwen3.5-397B-A17B,sm_100a_c03,sm_100a_gpu03,sm_100a_source02,4096,1024,512,10,25,swiglu,PASS,260.573,260.86199999999997,0.9988921345385684,221.47,260.86199999999997,0.8489929541290031,0.00036833761174648316,0.0004905022666570336,4.641028483742815e-07,0.0004905022666570336
sm_100a,Qwen3.5-397B-A17B,sm_100a_c03,sm_100a_gpu03,sm_100a_source02,4096,1024,512,10,26,swiglu,PASS,269.181,269.822,0.997624359763103,226.462,269.822,0.8393014654105299,1.00634892397089e-06,0.0005888605363446597,0.00019485857866596845,0.0009882905221174632
sm_100a,Qwen3.5-397B-A17B,sm_100a_c03,sm_100a_gpu03,sm_100a_source02,4096,1024,512,10,27,swiglu,PASS,278.33299999999997,278.557,0.999195855785351,231.39000000000001,278.557,0.8306737938734263,0.00011395590095308883,0.0007472203761248464,0.00011610570705289369,0.0009672599770276236
sm_100a,Qwen3.5-397B-A17B,sm_100a_c03,sm_100a_gpu03,sm_100a_source02,4096,1024,512,10,28,swiglu,PASS,288.509,288.925,0.9985601799775029,234.27,288.925,0.8108332612269621,0.0003320333836096534,0.0004435127596542632,0.0005284986364335609,0.00041376956874117354
sm_100a,Qwen3.5-397B-A17B,sm_100a_c03,sm_100a_gpu03,sm_100a_source02,4096,1024,512,10,29,swiglu,PASS,298.1725,297.949,1.0007501283776754,241.917,297.949,0.8119409697632816,0.00010756378776699549,0.0007509596526811269,0.00015440302461233735,0.0007933425339029521
sm_100a,Qwen3.5-397B-A17B,sm_100a_c03,sm_100a_gpu03,sm_100a_source02,4096,1024,512,10,30,swiglu,PASS,306.46099999999996,306.653,0.9993738851405334,244.861,306.653,0.7984953677283444,0.00010191496386124932,0.0005218713000140207,0.00030140238841003253,0.0013094024066898635
sm_100a,Qwen3.5-397B-A17B,sm_100a_c03,sm_100a_gpu03,sm_100a_source02,4096,1024,512,10,31,swiglu,PASS,316.28499999999997,316.47700000000003,0.9993933208416409,250.558,316.47700000000003,0.7917099820840061,0.00020248740542894161,0.0009101567808258437,0.00029814104020076115,0.0011487032217538662
sm_100a,Qwen3.5-397B-A17B,sm_100a_c03,sm_100a_gpu03,sm_100a_source02,4096,1024,512,10,32,swiglu,PASS,326.95750000000004,326.141,1.0025035184168811,254.33299999999997,326.141,0.7798252902885561,0.00020073708808143742,0.0003882984578131854,0.00038698799168224163,0.0008801813802343794
sm_100a,MiniMax-M2,sm_100a_c03,sm_100a_gpu03,sm_100a_source02,3072,1536,256,8,1,swiglu,PASS,29.696,29.823,0.9957415417630688,32.032,29.823,1.0740703483888274,0.0010189530898860877,0.0010787486515642097,0.0006747505983969448,0.0010405477980666156
sm_100a,MiniMax-M2,sm_100a_c03,sm_100a_gpu03,sm_100a_source02,3072,1536,256,8,2,swiglu,PASS,36.032000000000004,36.416,0.9894551845342707,44.608000000000004,36.416,1.224956063268893,0.0006372341313722885,0.0008596067992123757,0.000332970338849381,2.7460456941796885e-05
sm_100a,MiniMax-M2,sm_100a_c03,sm_100a_gpu03,sm_100a_source02,3072,1536,256,8,3,swiglu,PASS,47.614999999999995,47.647,0.9993283942325853,57.823,47.647,1.2135706340378198,0.0006711409395973034,0.0006720430107527431,0.0004067225590969059,0.0006720430107527431
sm_100a,MiniMax-M2,sm_100a_c03,sm_100a_gpu03,sm_100a_source02,3072,1536,256,8,4,swiglu,PASS,59.166999999999994,58.975,1.003255616786774,70.399,58.975,1.1937091988130564,1.5597723360905036e-05,0.0005405496714472324,0.0003934296843690621,0.0004614445343668061
sm_100a,MiniMax-M2,sm_100a_c03,sm_100a_gpu03,sm_100a_source02,3072,1536,256,8,5,swiglu,PASS,68.063,67.807,1.0037754214166679,80.35000000000001,67.807,1.184980901676818,7.861701212252825e-07,0.00047148266564522867,0.00038543529238599383,0.0011961871534482693
sm_100a,MiniMax-M2,sm_100a_c03,sm_100a_gpu03,sm_100a_source02,3072,1536,256,8,6,swiglu,PASS,77.98299999999999,77.663,1.0041203661975457,93.374,77.663,1.2022971041551318,6.657859727754456e-06,0.0008075473632936925,0.00041037358540385593,0.0006856506181569522
sm_100a,MiniMax-M2,sm_100a_c03,sm_100a_gpu03,sm_100a_source02,3072,1536,256,8,7,swiglu,PASS,87.327,87.071,1.0029401293197506,106.014,87.071,1.2175580847813854,8.132557228313075e-06,0.0003676512827581746,0.0003813323686050474,0.0003676512827581746
sm_100a,MiniMax-M2,sm_100a_c03,sm_100a_gpu03,sm_100a_source02,3072,1536,256,8,8,swiglu,PASS,96.542,96.638,0.999006601957822,117.054,96.638,1.2112626503031934,7.672379472634105e-06,0.00033112925423484096,0.00013409729565139195,0.0004144519833877425
sm_100a,MiniMax-M2,sm_100a_c03,sm_100a_gpu03,sm_100a_source02,3072,1536,256,8,9,swiglu,PASS,105.279,105.567,0.9972718747335816,126.974,105.567,1.2027811721465989,0.00029648348807032043,0.0003031250296019472,0.0003888614932380241,0.0005040401972058461
sm_100a,MiniMax-M2,sm_100a_c03,sm_100a_gpu03,sm_100a_source02,3072,1536,256,8,10,swiglu,PASS,111.74199999999999,111.967,0.9979904793376619,132.862,111.967,1.1866174855091234,0.00028410798210498633,0.0002864534378888006,0.0001755833386349881,0.0009563325025037095
sm_100a,MiniMax-M2,sm_100a_c03,sm_100a_gpu03,sm_100a_source02,3072,1536,256,8,11,swiglu,PASS,118.59100000000001,118.75,0.998661052631579,141.374,118.75,1.1905178947368422,4.434058866076285e-06,0.0005350206846579386,3.6799382684638005e-05,0.0005350206846579386
sm_100a,MiniMax-M2,sm_100a_c03,sm_100a_gpu03,sm_100a_source02,3072,1536,256,8,12,swiglu,PASS,126.911,126.911,1.0,145.726,126.911,1.1482535004845915,0.000505571170168917,0.0005044215703273736,2.0131870527739792e-05,0.0005457222582605503
sm_100a,MiniMax-M2,sm_100a_c03,sm_100a_gpu03,sm_100a_source02,3072,1536,256,8,13,swiglu,PASS,134.463,134.91,0.9966866800088948,154.20600000000002,134.91,1.143028685790527,0.0002210480882118837,0.00046842238315469853,7.039125739183305e-05,0.0004668672466690005
sm_100a,MiniMax-M2,sm_100a_c03,sm_100a_gpu03,sm_100a_source02,3072,1536,256,8,14,swiglu,PASS,141.85500000000002,142.36599999999999,0.9964106598485595,158.81400000000002,142.36599999999999,1.1155332031524383,4.635682873010971e-06,0.0005622458912124539,0.00029326003619400964,0.0005622458912124539
sm_100a,MiniMax-M2,sm_100a_c03,sm_100a_gpu03,sm_100a_source02,3072,1536,256,8,15,swiglu,PASS,150.46200000000002,150.7025,0.998404140608152,164.286,150.7025,1.0901345365869843,6.48821901072516e-06,0.0006378991853495108,0.00016048538737933882,0.00058130333686357
sm_100a,MiniMax-M2,sm_100a_c03,sm_100a_gpu03,sm_100a_source02,3072,1536,256,8,16,swiglu,PASS,159.135,158.84599999999998,1.0018193722221524,170.334,158.84599999999998,1.0723216196819563,0.0002141028723094962,0.00020414765214504804,4.5190692242291775e-05,0.0004726896924287516
sm_100a,MiniMax-M2,sm_100a_c03,sm_100a_gpu03,sm_100a_source02,3072,1536,256,8,17,swiglu,PASS,167.711,167.486,1.0013433958659232,177.02200000000002,167.486,1.0569361021219685,0.00019054826744246967,0.00038794389734408963,6.795121104696822e-05,0.00038794389734408963
sm_100a,MiniMax-M2,sm_100a_c03,sm_100a_gpu03,sm_100a_source02,3072,1536,256,8,18,swiglu,PASS,174.38199999999998,174.27,1.0006426808974578,181.054,174.27,1.038928100074597,8.61540147989448e-05,0.00027261483541218823,4.000450532015698e-05,0.0009724294159896285
sm_100a,MiniMax-M2,sm_100a_c03,sm_100a_gpu03,sm_100a_source02,3072,1536,256,8,19,swiglu,PASS,181.982,182.334,0.9980694768940517,186.654,182.334,1.0236927835730034,0.00018202033256964345,0.0002632531508111047,0.00018036357843320694,0.000685760819484349
sm_100a,MiniMax-M2,sm_100a_c03,sm_100a_gpu03,sm_100a_source02,3072,1536,256,8,20,swiglu,PASS,189.59799999999998,189.4385,1.0008419619032034,192.062,189.4385,1.0138488216492423,0.0005080766060947539,0.0005065909594622608,0.00010535226839647471,0.0009192062016472047
sm_100a,MiniMax-M2,sm_100a_c03,sm_100a_gpu03,sm_100a_source02,3072,1536,256,8,21,swiglu,PASS,197.214,197.34199999999998,0.9993513798380477,196.27,197.34199999999998,0.9945678061436491,0.0001619853154370965,0.0003243626780191633,0.00031172280122104823,0.0006525352012152208
sm_100a,MiniMax-M2,sm_100a_c03,sm_100a_gpu03,sm_100a_source02,3072,1536,256,8,22,swiglu,PASS,205.18200000000002,205.15,1.0001559834267608,201.534,205.15,0.9823738727760175,0.0002335326899635115,0.0003094338335440927,3.625085007752382e-05,0.0005557374934255233
sm_100a,MiniMax-M2,sm_100a_c03,sm_100a_gpu03,sm_100a_source02,3072,1536,256,8,23,swiglu,PASS,212.989,213.085,0.9995494755613957,205.662,213.085,0.965164136377502,0.0001478045032949904,0.00030030311846018787,0.00046892860778879886,0.00031123863249526984
sm_100a,MiniMax-M2,sm_100a_c03,sm_100a_gpu03,sm_100a_source02,3072,1536,256,8,24,swiglu,PASS,221.2295,220.958,1.001228740303587,208.414,220.958,0.9432290299513935,0.00014128580033201388,0.0004317711206156538,0.0002668859005836577,0.0003070810981988803
sm_100a,MiniMax-M2,sm_100a_c03,sm_100a_gpu03,sm_100a_source02,3072,1536,256,8,25,swiglu,PASS,229.597,229.469,1.000557809551617,215.517,229.469,0.9391987588737476,0.000209082394886817,0.0002787881427919192,0.00014845456204926055,0.00014850152678136386
sm_100a,MiniMax-M2,sm_100a_c03,sm_100a_gpu03,sm_100a_source02,3072,1536,256,8,26,swiglu,PASS,237.63,238.013,0.9983908441975858,222.142,238.013,0.9333187683025718,0.00013377779720524785,0.0004039910953628212,0.00023293385030720426,0.000864063076604582
sm_100a,MiniMax-M2,sm_100a_c03,sm_100a_gpu03,sm_100a_source02,3072,1536,256,8,27,swiglu,PASS,246.26999999999998,246.75,0.9980547112462006,226.23749999999998,246.75,0.916869300911854,0.0001367012721182892,0.00026339036072331456,1.587151378557028e-05,0.0003513253139831862
sm_100a,MiniMax-M2,sm_100a_c03,sm_100a_gpu03,sm_100a_source02,3072,1536,256,8,28,swiglu,PASS,254.94099999999997,255.45299999999997,0.9979957174118135,234.30200000000002,255.45299999999997,0.9172019901899763,0.00012261252350564966,0.0005017620471892137,0.0002086562770519107,0.0010958273283132591
sm_100a,MiniMax-M2,sm_100a_c03,sm_100a_gpu03,sm_100a_source02,3072,1536,256,8,29,swiglu,PASS,263.64500000000004,263.805,0.9993934914046361,241.50199999999998,263.805,0.9154564924849794,0.00023804506266145165,0.0003011945489469481,0.0002724546287137253,0.0011934210852894145
sm_100a,MiniMax-M2,sm_100a_c03,sm_100a_gpu03,sm_100a_source02,3072,1536,256,8,30,swiglu,PASS,271.934,272.157,0.9991806200097739,248.286,272.157,0.9122895975484739,0.00012036608427279383,0.00011766890544007147,9.766376811848332e-05,0.0007727073330731082
sm_100a,MiniMax-M2,sm_100a_c03,sm_100a_gpu03,sm_100a_source02,3072,1536,256,8,31,swiglu,PASS,279.357,279.517,0.9994275840109904,256.733,279.517,0.918487963165031,0.00011413829061623915,0.00034333167628108896,0.00014088227408026732,0.0007472038231930433
sm_100a,MiniMax-M2,sm_100a_c03,sm_100a_gpu03,sm_100a_source02,3072,1536,256,8,32,swiglu,PASS,286.781,287.229,0.9984402689143506,260.861,287.229,0.908198684673205,0.00039094798465766356,0.0007799089874065412,0.00019613062277057391,0.0015298688218861045
sm_100a,MiniMax-M3,sm_100a_c05,sm_100a_gpu05,sm_100a_source02,6144,3072,128,4,1,swiglu,PASS,42.975,43.2,0.9947916666666666,38.815000000000005,43.2,0.8984953703703704,0.0006079831340127795,0.0007695895522387142,0.00014235996671285722,0.0007197251114414716
sm_100a,MiniMax-M3,sm_100a_c05,sm_100a_gpu05,sm_100a_source02,6144,3072,128,4,2,swiglu,PASS,57.886,57.791000000000004,1.0016438545794328,59.775,57.791000000000004,1.0343306051115226,1.3318137877860181e-05,0.0005355261112167664,0.0003857416070440767,0.0005356276049077735
sm_100a,MiniMax-M3,sm_100a_c05,sm_100a_gpu05,sm_100a_source02,6144,3072,128,4,3,swiglu,PASS,78.367,78.046,1.0041129590241653,80.89399999999999,78.046,1.0364913000025624,0.00040688603761118713,0.0006151440782771189,0.00014875967202576668,0.0006151440782771189
sm_100a,MiniMax-M3,sm_100a_c05,sm_100a_gpu05,sm_100a_source02,6144,3072,128,4,4,swiglu,PASS,97.27900000000001,97.055,1.0023079697078976,99.167,97.055,1.0217608572458916,0.0003150997031537983,0.0006626088296478594,0.0005391660010718446,0.0016144981937802338
sm_100a,MiniMax-M3,sm_100a_c05,sm_100a_gpu05,sm_100a_source02,6144,3072,128,4,5,swiglu,PASS,110.687,110.398,1.0026178010471205,109.054,110.398,0.9878258664106234,0.00027998304866361234,0.0005782122400304068,0.0005872089630722943,0.00029900512839087234
sm_100a,MiniMax-M3,sm_100a_c05,sm_100a_gpu05,sm_100a_source02,6144,3072,128,4,6,swiglu,PASS,128.542,128.447,1.0007396046618449,126.526,128.447,0.9850444152062718,2.6572790851053796e-06,0.0004905968928863302,1.5259780912213472e-05,0.0004905968928863302
sm_100a,MiniMax-M3,sm_100a_c05,sm_100a_gpu05,sm_100a_source02,6144,3072,128,4,7,swiglu,PASS,146.46200000000002,146.27,1.0013126410063582,143.74200000000002,146.27,0.982716893416285,0.0008718905146403166,0.0004445812386717485,8.395491608137462e-05,0.0004445812386717485
sm_100a,MiniMax-M3,sm_100a_c05,sm_100a_gpu05,sm_100a_source02,6144,3072,128,4,8,swiglu,PASS,163.742,163.55,1.0011739529195964,156.766,163.55,0.9585203301742585,0.00019654782732025922,0.0006818174869369642,0.0001339741019164009,0.0006818174869369642
sm_100a,MiniMax-M3,sm_100a_c05,sm_100a_gpu05,sm_100a_source02,6144,3072,128,4,9,swiglu,PASS,181.855,181.79000000000002,1.0003575554210902,174.911,181.79000000000002,0.9621596347433853,0.00017372558400530203,0.00044014568822281497,2.698949889423652e-05,0.0007318049282487582
sm_100a,MiniMax-M3,sm_100a_c05,sm_100a_gpu05,sm_100a_source02,6144,3072,128,4,10,swiglu,PASS,194.398,194.142,1.0013186224516075,179.32500000000002,194.142,0.9236795747442593,0.00033653936179867117,0.0004944834193527647,0.0005871693704613268,0.0004944834193527647
sm_100a,MiniMax-M3,sm_100a_c05,sm_100a_gpu05,sm_100a_source02,6144,3072,128,4,11,swiglu,PASS,211.54999999999998,212.15800000000002,0.9971342112953552,188.03,212.15800000000002,0.8862734377209438,0.0001549712754516097,0.00029919312091408745,0.0003308750935777649,0.00042550022870635473
sm_100a,MiniMax-M3,sm_100a_c05,sm_100a_gpu05,sm_100a_source02,6144,3072,128,4,12,swiglu,PASS,229.34099999999998,229.789,0.99805038535352,196.51,229.789,0.8551758352227478,0.0002775593881221283,0.0004884910207061388,0.00021217943588436317,0.000328415585738151
sm_100a,MiniMax-M3,sm_100a_c05,sm_100a_gpu05,sm_100a_source02,6144,3072,128,4,13,swiglu,PASS,246.81300000000002,246.68499999999997,1.0005188803534872,214.014,246.68499999999997,0.8675598435251435,0.0003907015028457028,0.00025923735610289267,9.74303697751644e-05,0.0005930671847053093
sm_100a,MiniMax-M3,sm_100a_c05,sm_100a_gpu05,sm_100a_source02,6144,3072,128,4,14,swiglu,PASS,264.029,264.28499999999997,0.9990313487333751,214.20600000000002,264.28499999999997,0.8105113797604859,0.00011486308240815646,0.00048432380073104575,0.0001581650200340734,0.0005928872207128233
sm_100a,MiniMax-M3,sm_100a_c05,sm_100a_gpu05,sm_100a_source02,6144,3072,128,4,15,swiglu,PASS,281.30899999999997,281.40500000000003,0.9996588546756453,231.5815,281.40500000000003,0.8229473534585383,0.00011362358613409285,0.00045316093077463204,0.00012619021209103742,0.0005487051422745637
sm_100a,MiniMax-M3,sm_100a_c05,sm_100a_gpu05,sm_100a_source02,6144,3072,128,4,16,swiglu,PASS,298.9735,299.29299999999995,0.9989324842211479,240.286,299.29299999999995,0.8028453722606276,0.00010188271155175954,0.00032242597984921684,0.0001221955784702633,0.0005346725806586461
sm_100a,MiniMax-M3,sm_100a_c05,sm_100a_gpu05,sm_100a_source02,6144,3072,128,4,17,swiglu,PASS,316.668,316.4285,1.000756885046701,253.085,316.4285,0.7998173363018818,5.064274780908207e-05,0.0006066801168491676,0.00019579091109656055,0.0006319564582000226
sm_100a,MiniMax-M3,sm_100a_c05,sm_100a_gpu05,sm_100a_source02,6144,3072,128,4,18,swiglu,PASS,333.757,334.2525,0.9985175877517746,266.077,334.2525,0.7960359309204867,0.0001942596833005572,0.0018209158443617257,0.0009290573172973104,0.0019809335149190144
sm_100a,MiniMax-M3,sm_100a_c05,sm_100a_gpu05,sm_100a_source02,6144,3072,128,4,19,swiglu,PASS,348.188,348.21999999999997,0.9999081040721384,274.557,348.21999999999997,0.78845844581012,0.00018526898089787913,0.0006415104629351465,0.00022153217428333427,0.0006415104629351465
sm_100a,MiniMax-M3,sm_100a_c05,sm_100a_gpu05,sm_100a_source02,6144,3072,128,4,20,swiglu,PASS,362.62,363.356,0.997974438291923,274.462,363.356,0.7553528770682195,0.00026174983663751483,0.0006628183698526025,0.00012727844763271712,0.0006587271027008734
sm_100a,MiniMax-M3,sm_100a_c05,sm_100a_gpu05,sm_100a_source02,6144,3072,128,4,21,swiglu,PASS,379.868,380.124,0.9993265355515568,287.61199999999997,380.124,0.7566267849438604,0.0002511942343539353,0.0007604682800522733,5.1198271121766226e-05,0.0011118639356508808
sm_100a,MiniMax-M3,sm_100a_c05,sm_100a_gpu05,sm_100a_source02,6144,3072,128,4,22,swiglu,PASS,396.7,396.54,1.0004034901901446,296.18899999999996,396.54,0.7469334745548998,3.2068914762595213e-06,0.0003228182029114679,0.0007542088154752769,0.0003228182029114679
sm_100a,MiniMax-M3,sm_100a_c05,sm_100a_gpu05,sm_100a_source02,6144,3072,128,4,23,swiglu,PASS,414.29949999999997,414.363,0.9998467527264742,300.62100000000004,414.363,0.7255015529861499,7.494762412929568e-05,0.0006176249906511,0.0002595235218862957,0.001276612720913839
sm_100a,MiniMax-M3,sm_100a_c05,sm_100a_gpu05,sm_100a_source02,6144,3072,128,4,24,swiglu,PASS,431.739,432.059,0.9992593604114252,309.0535,432.059,0.7153039283986676,0.0002604502546110776,0.0004801162459767694,5.187795820538188e-05,0.0009346308208258991
sm_100a,MiniMax-M3,sm_100a_c05,sm_100a_gpu05,sm_100a_source02,6144,3072,128,4,25,swiglu,PASS,449.179,449.4035,0.9995004489284128,326.364,449.4035,0.7262159729508114,0.0002850912351184398,0.00042729431453758515,0.00022379897778268543,0.0007339860036990054
sm_100a,MiniMax-M3,sm_100a_c05,sm_100a_gpu05,sm_100a_source02,6144,3072,128,4,26,swiglu,PASS,466.331,466.395,0.999862777259619,334.8445,466.395,0.7179418733048167,6.85807772839997e-05,0.00023906799930106803,0.00047811729705760087,0.00024039897270489163
sm_100a,MiniMax-M3,sm_100a_c05,sm_100a_gpu05,sm_100a_source02,6144,3072,128,4,27,swiglu,PASS,483.6115,483.707,0.9998025664296775,339.3875,483.707,0.7016385952653156,3.496139665104536e-05,0.000727184082932042,4.885227142037429e-06,0.000727184082932042
sm_100a,MiniMax-M3,sm_100a_c05,sm_100a_gpu05,sm_100a_source02,6144,3072,128,4,28,swiglu,PASS,501.018,500.92199999999997,1.0001916466036629,348.029,500.92199999999997,0.6947768315226722,9.547552673938586e-05,0.0002555288048837756,0.0002705440862902364,0.0005528614529198839
sm_100a,MiniMax-M3,sm_100a_c05,sm_100a_gpu05,sm_100a_source02,6144,3072,128,4,29,swiglu,PASS,518.3465,518.202,1.0002788487886962,356.636,518.202,0.6882181079964955,0.00034165652223983045,0.00018618039819440213,6.578947504110033e-06,0.0004038273862272401
sm_100a,MiniMax-M3,sm_100a_c05,sm_100a_gpu05,sm_100a_source02,6144,3072,128,4,30,swiglu,PASS,535.6265,535.4499999999999,1.00032962928378,369.468,535.4499999999999,0.6900140069100758,3.1170926395596155e-07,0.0006575874759473521,0.00026305722931185826,0.0006575874759473521
sm_100a,MiniMax-M3,sm_100a_c05,sm_100a_gpu05,sm_100a_source02,6144,3072,128,4,31,swiglu,PASS,552.9849999999999,552.826,1.0002876131006861,382.587,552.826,0.6920568135362664,0.00017148398663136,0.0006643052948293038,3.7433145387844036e-06,0.000501551675496148
sm_100a,MiniMax-M3,sm_100a_c05,sm_100a_gpu05,sm_100a_source02,6144,3072,128,4,32,swiglu,PASS,570.49,570.65,0.9997196179794972,382.716,570.65,0.6706667834925085,5.6463490609059974e-05,0.00047670331615512485,0.00022280145446895716,0.0005446537726090384
sm_100a,Kimi-K3,sm_100a_c05,sm_100a_gpu05,sm_100a_source02,3584,3072,896,16,1,situ,PASS,77.727,77.34299999999999,1.0049648966293008,125.37400000000001,77.34299999999999,1.6210128906300507,0.0033017120467875305,0.0008230558520556652,0.0013855090917183066,0.0007661000718217625
sm_100a,Kimi-K3,sm_100a_c05,sm_100a_gpu05,sm_100a_source02,3584,3072,896,16,2,situ,PASS,121.11800000000001,121.726,0.995005175558221,220.125,121.726,1.8083646879056239,0.0010377983092306753,0.0002710984415947859,0.00023678769550605772,0.00044072478781598257
sm_100a,Kimi-K3,sm_100a_c05,sm_100a_gpu05,sm_100a_source02,3584,3072,896,16,3,situ,PASS,165.662,165.726,0.9996138204023508,321.436,165.726,1.9395628929679107,0.0011632473341769423,0.0011624571626986935,0.0004796848123409525,0.0011624571626986935
sm_100a,Kimi-K3,sm_100a_c05,sm_100a_gpu05,sm_100a_source02,3584,3072,896,16,4,situ,PASS,209.149,209.533,0.9981673531138293,416.635,209.533,1.9883980089055184,0.0003785099264750347,0.0007636010470879473,1.2870428627964614e-05,0.0007636010470879473
sm_100a,Kimi-K3,sm_100a_c05,sm_100a_gpu05,sm_100a_source02,3584,3072,896,16,5,situ,PASS,252.84450000000004,252.925,0.9996817238311753,502.90500000000003,252.925,1.9883562320846102,0.00031732380998428233,0.0006301458619762945,0.00039693484503200427,0.0006301458619762945
sm_100a,Kimi-K3,sm_100a_c05,sm_100a_gpu05,sm_100a_source02,3584,3072,896,16,6,situ,PASS,296.317,295.836,1.0016259008369501,599.4159999999999,295.836,2.026176665449776,0.0012518154764744605,0.0006522451765962334,0.0008898670469059677,0.0006522451765962334
sm_100a,Kimi-K3,sm_100a_c05,sm_100a_gpu05,sm_100a_source02,3584,3072,896,16,7,situ,PASS,339.868,339.51599999999996,1.0010367699902214,692.055,339.51599999999996,2.0383575442689006,0.00018848127793846814,0.000373534904925088,0.0003637326752606862,0.00041482140998794215
sm_100a,Kimi-K3,sm_100a_c05,sm_100a_gpu05,sm_100a_source02,3584,3072,896,16,8,situ,PASS,382.523,382.171,1.000921053664459,781.75,382.171,2.0455502903150684,0.0007505413333945832,0.0007970307007325594,0.00013551105357212379,0.0007970307007325594
sm_100a,Kimi-K3,sm_100a_c05,sm_100a_gpu05,sm_100a_source02,3584,3072,896,16,9,situ,PASS,425.339,425.4985,0.9996251455645555,869.6850000000001,425.4985,2.04392024883754,0.0005623453330900752,0.0003009371370534808,0.00014025383542359826,0.0004417337127948784
sm_100a,Kimi-K3,sm_100a_c05,sm_100a_gpu05,sm_100a_source02,3584,3072,896,16,10,situ,PASS,468.4425,468.72999999999996,0.9993866404966611,957.461,468.72999999999996,2.0426706206131464,0.00047204017760438255,0.0006848745143470669,0.00019392661001016442,0.0006848745143470669
sm_100a,Kimi-K3,sm_100a_c05,sm_100a_gpu05,sm_100a_source02,3584,3072,896,16,11,situ,PASS,512.058,512.2825,0.9995617652369543,1053.028,512.2825,2.055561140581613,0.000532490165302324,0.00037484039998592067,4.74392588885042e-05,0.0002498935999906138
sm_100a,Kimi-K3,sm_100a_c05,sm_100a_gpu05,sm_100a_source02,3584,3072,896,16,12,situ,PASS,555.7379999999999,556.1850000000001,0.9991963105801126,1146.643,556.1850000000001,2.061621582746748,0.0004359558160254018,0.0005179325141126956,5.357216388124364e-05,0.0005179325141126956
sm_100a,Kimi-K3,sm_100a_c05,sm_100a_gpu05,sm_100a_source02,3584,3072,896,16,13,situ,PASS,598.681,599.193,0.999145517387553,1214.8664999999999,599.193,2.0275044935438165,0.0008280551820269988,0.0004277896144044835,0.00036382622398156705,0.00026695453263780866
sm_100a,Kimi-K3,sm_100a_c05,sm_100a_gpu05,sm_100a_source02,3584,3072,896,16,14,situ,PASS,642.0409999999999,642.617,0.9991036651691443,1308.625,642.617,2.0363995972717808,0.0003978919199201236,0.0003005893420051642,7.633155638675504e-07,0.000248994296474514
sm_100a,Kimi-K3,sm_100a_c05,sm_100a_gpu05,sm_100a_source02,3584,3072,896,16,15,situ,PASS,685.0965,685.72,0.9990907367438605,1397.2485,685.72,2.0376370821909817,0.0002347153831376847,0.000163522747182121,0.0003578486683319948,0.000617816364370749
sm_100a,Kimi-K3,sm_100a_c05,sm_100a_gpu05,sm_100a_source02,3584,3072,896,16,16,situ,PASS,728.312,728.1840000000001,1.0001757797479756,1477.9675000000002,728.1840000000001,2.0296621458312734,0.0003512294507128644,0.00030889281831070203,0.0004272901285844455,0.0005408178736583391
sm_100a,Kimi-K3,sm_100a_c05,sm_100a_gpu05,sm_100a_source02,3584,3072,896,16,17,situ,PASS,771.447,771.288,1.000206148675981,1541.039,771.288,1.9980072294655176,0.00027113204416062686,0.00024898089655156497,0.0003315944352833,0.00024898089655156497
sm_100a,Kimi-K3,sm_100a_c05,sm_100a_gpu05,sm_100a_source02,3584,3072,896,16,18,situ,PASS,814.455,814.487,0.9999607114662359,1597.31,814.487,1.9611239958403266,0.00029571094184288604,0.0004323947174140752,0.0002819931025559441,0.0005006364340667258
sm_100a,Kimi-K3,sm_100a_c05,sm_100a_gpu05,sm_100a_source02,3584,3072,896,16,19,situ,PASS,857.527,857.367,1.0001866178660948,1659.694,857.367,1.935803454063429,0.0004110812168551803,0.00033687734517340306,0.00044854643610781064,0.00042346616999255904
sm_100a,Kimi-K3,sm_100a_c05,sm_100a_gpu05,sm_100a_source02,3584,3072,896,16,20,situ,PASS,900.79,900.6619999999999,1.0001421176867682,1715.693,900.6619999999999,1.9049243778465172,0.00028389296037545364,8.883933628145435e-05,1.1580026081703387e-05,0.0003075877973650609
sm_100a,Kimi-K3,sm_100a_c05,sm_100a_gpu05,sm_100a_source02,3584,3072,896,16,21,situ,PASS,943.846,943.862,0.999983048369359,1778.8765,943.862,1.8846785864882791,0.0002712873393591053,0.000270668965498988,0.00014265346049269212,0.000270668965498988
sm_100a,Kimi-K3,sm_100a_c05,sm_100a_gpu05,sm_100a_source02,3584,3072,896,16,22,situ,PASS,986.997,987.1734999999999,0.9998212067078381,1853.132,987.1734999999999,1.877210034507612,0.0002761042125736246,0.0004863236666372561,0.00022323441837146518,0.0004863236666372561
sm_100a,Kimi-K3,sm_100a_c05,sm_100a_gpu05,sm_100a_source02,3584,3072,896,16,23,situ,PASS,1029.141,1028.404,1.0007166444315658,1929.0025000000003,1028.404,1.875724423475599,0.000342780011947319,0.00018654595588762923,0.0003749223910975985,0.0004981267118245869
sm_100a,Kimi-K3,sm_100a_c05,sm_100a_gpu05,sm_100a_source02,3584,3072,896,16,24,situ,PASS,1071.9565,1071.5079999999998,1.000418568970087,1992.507,1071.5079999999998,1.859535346446317,0.0004182014253450994,0.0004477728895906363,5.719383489499741e-05,0.0006980977025737856
sm_100a,Kimi-K3,sm_100a_c05,sm_100a_gpu05,sm_100a_source02,3584,3072,896,16,25,situ,PASS,1114.3714999999997,1114.196,1.00015751268179,2022.266,1114.196,1.8150002333521214,4.283896638745954e-05,0.00021542670644891793,0.00017776642967715084,0.00021542670644891793
sm_100a,Kimi-K3,sm_100a_c05,sm_100a_gpu05,sm_100a_source02,3584,3072,896,16,26,situ,PASS,1157.8275,1157.1235,1.0006084052393716,2097.0655,1157.1235,1.812309144183832,0.0004150480827704861,0.00016595631027249702,0.0005272634594122305,0.00035843447839201126
sm_100a,Kimi-K3,sm_100a_c05,sm_100a_gpu05,sm_100a_source02,3584,3072,896,16,27,situ,PASS,1201.2994999999999,1200.691,1.0005067915058912,2154.137,1200.691,1.7940810749809901,4.047184216471322e-05,0.00021227004078916423,2.80343490349777e-05,0.0001599079196894504
sm_100a,Kimi-K3,sm_100a_c05,sm_100a_gpu05,sm_100a_source02,3584,3072,896,16,28,situ,PASS,1243.443,1243.186,1.0002067269097306,2216.712,1243.186,1.783089577907087,0.00010293165745234312,0.0005414764526130433,0.0003068656107692025,0.0005414764526130433
sm_100a,Kimi-K3,sm_100a_c05,sm_100a_gpu05,sm_100a_source02,3584,3072,896,16,29,situ,PASS,1286.098,1286.5945000000002,0.9996140975264545,2268.2795,1286.5945000000002,1.7630104123715749,0.00011165765373410963,0.0002479507145488613,0.00024489648749437265,0.0007756142300299196
sm_100a,Kimi-K3,sm_100a_c05,sm_100a_gpu05,sm_100a_source02,3584,3072,896,16,30,situ,PASS,1329.746,1329.5220000000002,1.000168481604667,2319.319,1329.5220000000002,1.7444758341719806,3.6103088322247956e-05,0.00033652246334436864,0.0003252910975439782,0.0008354507216736806
sm_100a,Kimi-K3,sm_100a_c05,sm_100a_gpu05,sm_100a_source02,3584,3072,896,16,31,situ,PASS,1373.361,1373.3935000000001,0.9999763359881927,2363.1905,1373.3935000000001,1.7206943967624717,1.1433226690171772e-05,0.00030319630049557844,8.732690533597154e-05,0.00030319630049557844
sm_100a,Kimi-K3,sm_100a_c05,sm_100a_gpu05,sm_100a_source02,3584,3072,896,16,32,situ,PASS,1415.7445,1416.3684999999998,0.9995594366861449,2431.414,1416.3684999999998,1.7166535403745566,0.0002597174676097769,0.00033886040539710116,0.0005890024754113821,0.001119213522074336
sm_103a,Qwen3-30B-A3B,sm_103a_c01,sm_103a_gpu01,sm_103a_source01,2048,768,128,8,1,swiglu,PASS,15.808,15.904000000000002,0.9939637826961769,16.8,15.904000000000002,1.056338028169014,0.002081466395111975,3.150102378335351e-05,0.004821141598714385,3.150102378335351e-05
sm_103a,Qwen3-30B-A3B,sm_103a_c01,sm_103a_gpu01,sm_103a_source01,2048,768,128,8,2,swiglu,PASS,20.16,19.872,1.0144927536231885,21.536,19.872,1.0837359098228663,9.027398153405031e-05,0.0,0.0011606926924291328,0.0
sm_103a,Qwen3-30B-A3B,sm_103a_c01,sm_103a_gpu01,sm_103a_source01,2048,768,128,8,3,swiglu,PASS,23.969,24.224,0.989473249669749,25.215999999999998,24.224,1.0409511228533685,6.574190095309795e-06,0.0013333333333334085,0.0006412034164356983,0.0006547489137119777
sm_103a,Qwen3-30B-A3B,sm_103a_c01,sm_103a_gpu01,sm_103a_source01,2048,768,128,8,4,swiglu,PASS,27.792499999999997,27.36,1.0158077485380117,28.673000000000002,27.36,1.0479897660818713,3.576614723366234e-05,0.0005936853467661818,0.00047546210114546295,3.48772321427937e-05
sm_103a,Qwen3-30B-A3B,sm_103a_c01,sm_103a_gpu01,sm_103a_source01,2048,768,128,8,5,swiglu,PASS,30.881,30.977,0.9969009264938502,30.592000000000002,30.977,0.9875714239597121,4.8828980618642603e-05,0.0010007424863609504,0.0010608368977451654,0.0010007424863609504
sm_103a,Qwen3-30B-A3B,sm_103a_c01,sm_103a_gpu01,sm_103a_source01,2048,768,128,8,6,swiglu,PASS,33.472,33.44,1.0009569377990433,33.952000000000005,33.44,1.0153110047846892,0.0009429851327498184,0.0009578544061301653,2.9381465874056545e-05,0.0009578544061301653
sm_103a,Qwen3-30B-A3B,sm_103a_c01,sm_103a_gpu01,sm_103a_source01,2048,768,128,8,7,swiglu,PASS,37.377,37.153,1.0060291228164617,36.992999999999995,37.153,0.9956934837025274,7.047014501160298e-05,0.000860585197934749,0.0016889186381405796,0.000860585197934749
sm_103a,Qwen3-30B-A3B,sm_103a_c01,sm_103a_gpu01,sm_103a_source01,2048,768,128,8,8,swiglu,PASS,40.193,40.033,1.0039967027202559,39.233,40.033,0.980016486398721,0.0007787200775224434,0.000799031174700815,0.001033762899752766,0.000799031174700815
sm_103a,Qwen3-30B-A3B,sm_103a_c01,sm_103a_gpu01,sm_103a_source01,2048,768,128,8,9,swiglu,PASS,42.368,42.496,0.996987951807229,41.216,42.496,0.9698795180722892,0.0007889246625756297,0.000731667020699156,9.436523128059093e-05,0.0007527012261747679
sm_103a,Qwen3-30B-A3B,sm_103a_c01,sm_103a_gpu01,sm_103a_source01,2048,768,128,8,10,swiglu,PASS,44.544,44.5285,1.000348091671626,42.721000000000004,44.5285,0.9594080195829638,0.0006981825640293149,0.000741373112868482,0.00022223293451206771,0.002222118263472961
sm_103a,Qwen3-30B-A3B,sm_103a_c01,sm_103a_gpu01,sm_103a_source01,2048,768,128,8,11,swiglu,PASS,47.168,47.104,1.0013586956521738,44.321,47.104,0.94091796875,0.0006928997149144855,0.0006788866259334059,0.0007772807025586692,0.0007440308434604193
sm_103a,Qwen3-30B-A3B,sm_103a_c01,sm_103a_gpu01,sm_103a_source01,2048,768,128,8,12,swiglu,PASS,49.505,49.664,0.9967984858247423,45.472,49.664,0.9155927835051546,0.0005895231269472667,0.0006560818790184442,0.00015945255835869698,0.0007042098545366748
sm_103a,Qwen3-30B-A3B,sm_103a_c01,sm_103a_gpu01,sm_103a_source01,2048,768,128,8,13,swiglu,PASS,51.745,51.776999999999994,0.999381964965139,47.457,51.776999999999994,0.9165652702937598,1.0103050260279467e-05,0.0006180350348610197,0.0004321262962363459,0.0006527964959569532
sm_103a,Qwen3-30B-A3B,sm_103a_c02,sm_103a_gpu02,sm_103a_source02,2048,768,128,8,14,swiglu,PASS,53.793,53.888,0.9982370843230404,48.480000000000004,53.888,0.899643705463183,0.0,1.855666276973089e-05,0.0004500975246356509,0.0006811426684281141
sm_103a,Qwen3-30B-A3B,sm_103a_c02,sm_103a_gpu02,sm_103a_source02,2048,768,128,8,15,swiglu,PASS,55.967999999999996,56.160000000000004,0.9965811965811965,50.528000000000006,56.160000000000004,0.8997150997150998,1.404540992844261e-05,0.0005701152701811374,0.0006327162997452618,0.0005701152701811374
sm_103a,Qwen3-30B-A3B,sm_103a_c02,sm_103a_gpu02,sm_103a_source02,2048,768,128,8,16,swiglu,PASS,58.111999999999995,58.24,0.9978021978021977,51.553000000000004,58.24,0.8851820054945055,0.000522898279763373,0.0010811367380559878,0.00015173213903085792,0.0012213089330025406
sm_103a,Qwen3-30B-A3B,sm_103a_c02,sm_103a_gpu02,sm_103a_source02,2048,768,128,8,17,swiglu,PASS,60.512,60.449000000000005,1.0010422008635378,52.96,60.449000000000005,0.8761104402057933,0.0005037817976616399,0.0005291005291004902,0.0007864779691505452,0.0006234885126965573
sm_103a,Qwen3-30B-A3B,sm_103a_c02,sm_103a_gpu02,sm_103a_source02,2048,768,128,8,18,swiglu,PASS,63.20099999999999,63.10399999999999,1.001537145030426,54.400999999999996,63.10399999999999,0.8620848123732252,1.4112241605079845e-05,0.0005063211025142511,0.0003012520745151459,0.0011567273795535238
sm_103a,Qwen3-30B-A3B,sm_103a_c02,sm_103a_gpu02,sm_103a_source02,2048,768,128,8,19,swiglu,PASS,65.281,65.185,1.0014727314566234,54.913,65.185,0.8424177341412901,0.00046364213810545785,0.00047556953286775894,0.00015943288937980693,0.0017290331974373352
sm_103a,Qwen3-30B-A3B,sm_103a_c02,sm_103a_gpu02,sm_103a_source02,2048,768,128,8,20,swiglu,PASS,67.072,66.88,1.0028708133971294,55.488,66.88,0.829665071770335,4.179578572716114e-05,0.0004917666343787763,7.195064712695043e-05,0.0005763688760805907
sm_103a,Qwen3-30B-A3B,sm_103a_c02,sm_103a_gpu02,sm_103a_source02,2048,768,128,8,21,swiglu,PASS,68.64,68.544,1.0014005602240899,56.480000000000004,68.544,0.8239962651727358,2.618144207477968e-05,0.0006928187513216555,0.0005927253444741876,0.0008582096154866603
sm_103a,Qwen3-30B-A3B,sm_103a_c02,sm_103a_gpu02,sm_103a_source02,2048,768,128,8,22,swiglu,PASS,70.113,69.952,1.0023015782250686,57.92,69.952,0.827996340347667,0.000447936546215999,0.00045620437956206406,0.00039299567767225874,0.0013886852342219758
sm_103a,Qwen3-30B-A3B,sm_103a_c02,sm_103a_gpu02,sm_103a_source02,2048,768,128,8,23,swiglu,PASS,72.0,72.065,0.999098036494831,58.304,72.065,0.8090473877749254,1.5566415128009936e-05,0.0008896673478182571,0.0008011692310239127,0.0008155766556205979
sm_103a,Qwen3-30B-A3B,sm_103a_c02,sm_103a_gpu02,sm_103a_source02,2048,768,128,8,24,swiglu,PASS,74.017,74.112,0.9987181563039724,58.592999999999996,74.112,0.7906007124352332,7.769486052300323e-06,0.0004321521175454368,6.899792796466464e-05,0.0010758013012073242
sm_103a,Qwen3-30B-A3B,sm_103a_c02,sm_103a_gpu02,sm_103a_source02,2048,768,128,8,25,swiglu,PASS,75.809,75.809,1.0,60.544000000000004,75.809,0.7986386840612593,0.0004084064042950697,0.0008511929898649129,0.00014385207420430923,0.0010410986069109285
sm_103a,Qwen3-30B-A3B,sm_103a_c02,sm_103a_gpu02,sm_103a_source02,2048,768,128,8,26,swiglu,PASS,77.888,78.04899999999999,0.9979371933016439,62.112,78.04899999999999,0.79580776179067,2.842647451006819e-05,0.0004099988468782012,0.00020522139006029505,0.0010132527020072502
sm_103a,Qwen3-30B-A3B,sm_103a_c02,sm_103a_gpu02,sm_103a_source02,2048,768,128,8,27,swiglu,PASS,79.872,80.065,0.997589458564916,62.592999999999996,80.065,0.7817773059389246,8.519058697142867e-06,0.000594816952909194,0.00011878283833932635,0.0005189662192912614
sm_103a,Qwen3-30B-A3B,sm_103a_c02,sm_103a_gpu02,sm_103a_source02,2048,768,128,8,28,swiglu,PASS,81.473,81.63199999999999,0.9980522344178754,63.04,81.63199999999999,0.7722461779694237,0.0007692727394852383,0.00039277297721918014,0.0002733223411937047,0.0004999285816311705
sm_103a,Qwen3-30B-A3B,sm_103a_c02,sm_103a_gpu02,sm_103a_source02,2048,768,128,8,29,swiglu,PASS,83.7445,83.937,0.9977066132933033,64.25699999999999,83.937,0.7655384395439436,0.0007416874746303259,0.00036918826219511924,0.0003540668089254684,0.0004982561036370736
sm_103a,Qwen3-30B-A3B,sm_103a_c02,sm_103a_gpu02,sm_103a_source02,2048,768,128,8,30,swiglu,PASS,85.665,85.88850000000001,0.99739778899387,64.704,85.88850000000001,0.7533488185263452,0.0007282271473019186,0.00037230081906181045,3.215794802780003e-05,0.0009727025691700364
sm_103a,Qwen3-30B-A3B,sm_103a_c02,sm_103a_gpu02,sm_103a_source02,2048,768,128,8,31,swiglu,PASS,88.00099999999999,88.129,0.9985475836557773,65.28,88.129,0.7407323355535635,0.0010657724088591891,0.0007272644629039426,0.000737709373920481,0.0007258169693740157
sm_103a,Qwen3-30B-A3B,sm_103a_c02,sm_103a_gpu02,sm_103a_source02,2048,768,128,8,32,swiglu,PASS,89.984,90.049,0.9992781707736897,65.312,90.049,0.7252940065964085,0.0003448640775716161,0.0006991299715908283,0.0010094324137099875,0.0006991299715908283
sm_103a,Qwen3-235B-A22B,sm_103a_c02,sm_103a_gpu02,sm_103a_source02,4096,1536,128,8,1,swiglu,PASS,32.96,32.928,1.000971817298348,34.944,32.928,1.0612244897959184,0.0009656880983616167,3.0338885349201483e-05,0.00033442608527001205,0.0009165902841430373
sm_103a,Qwen3-235B-A22B,sm_103a_c02,sm_103a_gpu02,sm_103a_source02,4096,1536,128,8,2,swiglu,PASS,43.456,43.552,0.9977957384276268,52.449000000000005,43.552,1.2042845334313006,3.733349647094819e-06,0.0010950629949395552,0.0005185025789887776,0.0007577149155033602
sm_103a,Qwen3-235B-A22B,sm_103a_c02,sm_103a_gpu02,sm_103a_source02,4096,1536,128,8,3,swiglu,PASS,58.433,58.496,0.9989230032822757,67.04,58.496,1.1460612691466083,0.0005338034799678981,0.0016582046942578144,8.50096656901389e-06,0.0016582046942578144
sm_103a,Qwen3-235B-A22B,sm_103a_c02,sm_103a_gpu02,sm_103a_source02,4096,1536,128,8,4,swiglu,PASS,69.47200000000001,69.505,0.9995252140133805,79.42399999999999,69.505,1.14270915761456,0.000480912973866765,0.000906005522319453,0.0002156581313953465,0.0007935208393685667
sm_103a,Qwen3-235B-A22B,sm_103a_c02,sm_103a_gpu02,sm_103a_source02,4096,1536,128,8,5,swiglu,PASS,78.88000000000001,78.624,1.0032560032560034,90.144,78.624,1.1465201465201464,0.0007657879711101545,0.00040700040700047957,0.00034356030233984036,0.0006983859524652969
sm_103a,Qwen3-235B-A22B,sm_103a_c02,sm_103a_gpu02,sm_103a_source02,4096,1536,128,8,6,swiglu,PASS,89.505,89.505,1.0,102.625,89.505,1.1465839897212446,0.00037956375296410716,0.0007145409074669207,0.00011493924240579823,0.0009360283148565074
sm_103a,Qwen3-235B-A22B,sm_103a_c02,sm_103a_gpu02,sm_103a_source02,4096,1536,128,8,7,swiglu,PASS,102.30499999999999,101.664,1.0063050834120237,116.86399999999999,101.664,1.1495121183506452,0.00016430287202373606,0.0006158056790968036,0.00022851467809015258,0.0005473406939254799
sm_103a,Qwen3-235B-A22B,sm_103a_c02,sm_103a_gpu02,sm_103a_source02,4096,1536,128,8,8,swiglu,PASS,113.601,113.63199999999999,0.9997271895240777,124.86500000000001,113.63199999999999,1.0988541960011264,1.2289178743518647e-06,0.0005632166712133957,0.00017482328361695387,0.0005632166712133957
sm_103a,Qwen3-235B-A22B,sm_103a_c02,sm_103a_gpu02,sm_103a_source02,4096,1536,128,8,9,swiglu,PASS,123.87299999999999,123.969,0.9992256128548266,132.577,123.969,1.069436714017214,0.00024721264113169994,0.0002582623784351812,0.0002884775785942928,0.00024148574102156317
sm_103a,Qwen3-235B-A22B,sm_103a_c02,sm_103a_gpu02,sm_103a_source02,4096,1536,128,8,10,swiglu,PASS,133.6015,134.017,0.9968996470597012,138.464,134.017,1.033182357462113,7.75385740015011e-06,0.0002387756777124661,0.0005397887069412688,0.0002387756777124661
sm_103a,Qwen3-235B-A22B,sm_103a_c02,sm_103a_gpu02,sm_103a_source02,4096,1536,128,8,11,swiglu,PASS,145.984,145.313,1.0046176185200224,144.289,145.313,0.9929531425268214,4.108206661945779e-05,0.0008802756363087694,0.00018378690981935009,0.0008802756363087694
sm_103a,Qwen3-235B-A22B,sm_103a_c02,sm_103a_gpu02,sm_103a_source02,4096,1536,128,8,12,swiglu,PASS,155.905,155.169,1.0047432154618512,150.081,155.169,0.9672099452854629,0.00010086601158731945,0.00030953163993707733,0.00018735045365469993,0.0006399274748860595
sm_103a,Qwen3-235B-A22B,sm_103a_c02,sm_103a_gpu02,sm_103a_source02,4096,1536,128,8,13,swiglu,PASS,165.53699999999998,165.473,1.000386770047077,157.409,165.473,0.9512669740682769,0.00019394778237091792,0.0015404504156194543,0.00021393722034745988,0.0009665512846069868
sm_103a,Qwen3-235B-A22B,sm_103a_c02,sm_103a_gpu02,sm_103a_source02,4096,1536,128,8,14,swiglu,PASS,177.281,177.345,0.9996391214863684,159.425,177.345,0.8989540161831459,0.0005465658839343135,0.0008120476288491218,7.757170083610987e-05,0.0008120476288491218
sm_103a,Qwen3-235B-A22B,sm_103a_c02,sm_103a_gpu02,sm_103a_source02,4096,1536,128,8,15,swiglu,PASS,188.673,188.642,1.0001643324392235,166.56199999999998,188.642,0.8829528949014535,4.3810699812407705e-06,0.0006789946635263888,7.322176882540443e-05,0.0006789946635263888
sm_103a,Qwen3-235B-A22B,sm_103a_c02,sm_103a_gpu02,sm_103a_source02,4096,1536,128,8,16,swiglu,PASS,198.33700000000002,198.338,0.9999949581018263,170.402,198.338,0.8591495326160393,0.0004037006941282062,0.000562218418073579,0.00014549780855943606,0.00037583167438848264
sm_103a,Qwen3-235B-A22B,sm_103a_c02,sm_103a_gpu02,sm_103a_source02,4096,1536,128,8,17,swiglu,PASS,209.37800000000001,209.634,0.9987788240457178,176.19299999999998,209.634,0.8404791207533129,0.00014812398316488284,0.0007655032289449748,0.0001008353766300818,0.0007655032289449748
sm_103a,Qwen3-235B-A22B,sm_103a_c02,sm_103a_gpu02,sm_103a_source02,4096,1536,128,8,18,swiglu,PASS,220.546,221.21699999999998,0.996966779225828,181.345,221.21699999999998,0.8197606874697695,0.00015500995257522465,0.0005740943322876113,0.00017950034130831405,0.0005740943322876113
sm_103a,Qwen3-235B-A22B,sm_103a_c02,sm_103a_gpu02,sm_103a_source02,4096,1536,128,8,19,swiglu,PASS,228.898,229.153,0.9988872063643068,183.31349999999998,229.153,0.7999611613201659,7.023765572489182e-07,0.0005592792288937609,1.4001357835580208e-05,0.0005238316099636098
sm_103a,Qwen3-235B-A22B,sm_103a_c02,sm_103a_gpu02,sm_103a_source02,4096,1536,128,8,20,swiglu,PASS,238.30599999999998,238.72199999999998,0.9982573872537931,185.089,238.72199999999998,0.7753328139006879,0.0002720015990197444,0.0004021414029709014,9.520722131961534e-05,0.0005135301685461613
sm_103a,Qwen3-235B-A22B,sm_103a_c02,sm_103a_gpu02,sm_103a_source02,4096,1536,128,8,21,swiglu,PASS,248.32199999999997,247.87400000000002,1.0018073698734034,188.802,247.87400000000002,0.7616853724069487,0.00013681892508154991,0.00038644542665999815,0.0004015244621684566,0.00042630147722722
sm_103a,Qwen3-235B-A22B,sm_103a_c02,sm_103a_gpu02,sm_103a_source02,4096,1536,128,8,22,swiglu,PASS,258.69,258.75399999999996,0.9997526608284316,194.305,258.75399999999996,0.7509255895561036,0.0007400245446754772,0.00018546997318413805,0.0005568310819160649,0.000244480530342539
sm_103a,Qwen3-235B-A22B,sm_103a_c02,sm_103a_gpu02,sm_103a_source02,4096,1536,128,8,23,swiglu,PASS,270.018,269.091,1.0034449312686042,194.40099999999998,269.091,0.7224359045824645,0.00023192862888288257,0.00047539461467049904,0.0003505438177822118,0.0004936202158046799
sm_103a,Qwen3-235B-A22B,sm_103a_c02,sm_103a_gpu02,sm_103a_source02,4096,1536,128,8,24,swiglu,PASS,279.778,279.39399999999995,1.0013744031725809,196.0815,279.39399999999995,0.7018099887613908,0.00023052519617505762,0.0003992380461327327,0.00022075418838829464,0.0006557142820693418
sm_103a,Qwen3-235B-A22B,sm_103a_c02,sm_103a_gpu02,sm_103a_source02,4096,1536,128,8,25,swiglu,PASS,288.578,288.674,0.9996674449378885,203.554,288.674,0.7051345115943938,0.00016640328611061683,0.0003328502381958476,3.9903335225410785e-05,0.00033266569177126115
sm_103a,Qwen3-235B-A22B,sm_103a_c02,sm_103a_gpu02,sm_103a_source02,4096,1536,128,8,26,swiglu,PASS,300.259,300.354,0.9996837065595929,211.65,300.354,0.7046684911804071,0.0003749383581521659,0.0007471316965212971,1.6567351188490065e-05,0.0007471316965212971
sm_103a,Qwen3-235B-A22B,sm_103a_c02,sm_103a_gpu02,sm_103a_source02,4096,1536,128,8,27,swiglu,PASS,312.099,312.098,1.0000032041217823,213.345,312.098,0.6835833616364091,0.0,0.0002018389773492668,0.0003808986358720956,0.0007448248724662987
sm_103a,Qwen3-235B-A22B,sm_103a_c02,sm_103a_gpu02,sm_103a_source02,4096,1536,128,8,28,swiglu,PASS,324.0505,324.067,0.9999490846028755,215.138,324.067,0.6638688913095132,0.0002944754191567256,0.0002962944673181589,0.00017290208982712052,0.00029309227778961944
sm_103a,Qwen3-235B-A22B,sm_103a_c02,sm_103a_gpu02,sm_103a_source02,4096,1536,128,8,29,swiglu,PASS,334.21,334.275,0.9998055493231621,219.07299999999998,334.275,0.6553675865679456,0.00024214080675410976,0.0005267150785657204,2.4911242846314963e-06,0.0005267150785657204
sm_103a,Qwen3-235B-A22B,sm_103a_c02,sm_103a_gpu02,sm_103a_source02,4096,1536,128,8,30,swiglu,PASS,344.643,344.03499999999997,1.001767262051826,220.88150000000002,344.03499999999997,0.6420320606914994,9.480283989415916e-05,0.000556424009623413,0.0005094610382090359,0.000556424009623413
sm_103a,Qwen3-235B-A22B,sm_103a_c02,sm_103a_gpu02,sm_103a_source02,4096,1536,128,8,31,swiglu,PASS,354.659,354.435,1.000631991761536,224.48100000000002,354.435,0.6333488509881925,4.224902508975781e-05,0.00044839887759284824,2.896669019281095e-05,0.00044839887759284824
sm_103a,Qwen3-235B-A22B,sm_103a_c02,sm_103a_gpu02,sm_103a_source02,4096,1536,128,8,32,swiglu,PASS,365.635,364.995,1.0017534486773791,224.61,364.995,0.6153782928533268,4.448304399851111e-05,0.00017532949617427018,0.0001458766863465799,0.0002849383375629344
sm_103a,Qwen3.5-35B-A3B,sm_103a_c02,sm_103a_gpu02,sm_103a_source02,2048,512,256,8,1,swiglu,PASS,14.4,14.113000000000001,1.020335860554099,15.584000000000001,14.113000000000001,1.1042301424218806,0.0026266641365466636,0.0021527777777777812,0.003293689621432505,0.0019972939887893393
sm_103a,Qwen3.5-35B-A3B,sm_103a_c02,sm_103a_gpu02,sm_103a_source02,2048,512,256,8,2,swiglu,PASS,17.024,16.929,1.005611672278339,19.296,16.929,1.139819245082403,0.0,5.9073724007596695e-05,0.001615670339929265,5.9073724007596695e-05
sm_103a,Qwen3.5-35B-A3B,sm_103a_c02,sm_103a_gpu02,sm_103a_source02,2048,512,256,8,3,swiglu,PASS,20.352,20.545,0.9906059868581162,22.24,20.545,1.0825018252616208,0.0014152218478584722,0.0015552099533437946,0.0007476711055430796,0.0015552099533437946
sm_103a,Qwen3.5-35B-A3B,sm_103a_c02,sm_103a_gpu02,sm_103a_source02,2048,512,256,8,4,swiglu,PASS,23.233,23.296999999999997,0.9972528651757738,24.927999999999997,23.296999999999997,1.070009014036142,3.815769451320783e-05,0.0013755158184319827,0.0007853995754465437,0.0012820512820512775
sm_103a,Qwen3.5-35B-A3B,sm_103a_c02,sm_103a_gpu02,sm_103a_source02,2048,512,256,8,5,swiglu,PASS,26.528,26.208,1.0122100122100122,27.424,26.208,1.0463980463980465,0.0009980570151231216,0.0012195121951219523,0.0006725006931163069,0.0012195121951219523
sm_103a,Qwen3.5-35B-A3B,sm_103a_c02,sm_103a_gpu02,sm_103a_source02,2048,512,256,8,6,swiglu,PASS,28.704,28.672,1.0011160714285714,30.144000000000002,28.672,1.0513392857142858,1.8697496531050461e-06,0.00111358574610243,0.001418165950590855,0.0010811564886827885
sm_103a,Qwen3.5-35B-A3B,sm_103a_c02,sm_103a_gpu02,sm_103a_source02,2048,512,256,8,7,swiglu,PASS,31.201,31.040000000000003,1.0051868556701031,32.96,31.040000000000003,1.0618556701030928,0.00013409396013419617,3.205025479957602e-05,0.0006779374024921125,0.0
sm_103a,Qwen3.5-35B-A3B,sm_103a_c02,sm_103a_gpu02,sm_103a_source02,2048,512,256,8,8,swiglu,PASS,33.664,34.048,0.9887218045112781,35.616,34.048,1.0460526315789473,2.298848571113954e-05,0.00090962441314546,0.0004177084292260602,0.00090962441314546
sm_103a,Qwen3.5-35B-A3B,sm_103a_c02,sm_103a_gpu02,sm_103a_source02,2048,512,256,8,9,swiglu,PASS,36.096000000000004,36.384,0.9920844327176782,37.472,36.384,1.0299032541776605,0.0007817896312001249,0.0008527494292078774,0.0007441027747804307,0.0008547008547008517
sm_103a,Qwen3.5-35B-A3B,sm_103a_c02,sm_103a_gpu02,sm_103a_source02,2048,512,256,8,10,swiglu,PASS,37.761,38.208,0.9883008793969851,38.912,38.208,1.018425460636516,2.763448784093292e-05,0.0008113484087101108,6.925134700708213e-05,0.0008223472875389382
sm_103a,Qwen3.5-35B-A3B,sm_103a_c02,sm_103a_gpu02,sm_103a_source02,2048,512,256,8,11,swiglu,PASS,39.744,39.967999999999996,0.9943955164131306,41.088,39.967999999999996,1.0280224179343476,0.0007066968707059029,0.0008249793755157331,0.0004334720418925908,0.0008249793755157331
sm_103a,Qwen3.5-35B-A3B,sm_103a_c02,sm_103a_gpu02,sm_103a_source02,2048,512,256,8,12,swiglu,PASS,41.472,41.409,1.0015214083894806,42.016,41.409,1.0146586490859475,0.0007604459098329297,0.0007716049382715529,0.0001684408444876384,0.0007853963871765623
sm_103a,Qwen3.5-35B-A3B,sm_103a_c02,sm_103a_gpu02,sm_103a_source02,2048,512,256,8,13,swiglu,PASS,42.976,43.105,0.9970073077369216,44.064,43.105,1.0222479990720335,0.0007082306797672189,0.0007539903489235389,0.0006895098676824585,0.0007539903489235389
sm_103a,Qwen3.5-35B-A3B,sm_103a_c02,sm_103a_gpu02,sm_103a_source02,2048,512,256,8,14,swiglu,PASS,44.672999999999995,44.833,0.996431200231972,45.152,44.833,1.007115294537506,7.715245511918933e-05,0.0007158196134573469,0.0006193659753093161,0.0007127424994988196
sm_103a,Qwen3.5-35B-A3B,sm_103a_c02,sm_103a_gpu02,sm_103a_source02,2048,512,256,8,15,swiglu,PASS,46.464,46.529,0.9986030217713684,46.559999999999995,46.529,1.0006662511551934,0.0006771702368780774,0.0006896403094762693,0.0006817448740823462,0.0006877579092159358
sm_103a,Qwen3.5-35B-A3B,sm_103a_c02,sm_103a_gpu02,sm_103a_source02,2048,512,256,8,16,swiglu,PASS,48.417,48.513,0.9980211489703791,47.936,48.513,0.9881062807907158,0.00031264314420154093,0.0,0.0005317553442535372,0.0006675567423229944
sm_103a,Qwen3.5-35B-A3B,sm_103a_c02,sm_103a_gpu02,sm_103a_source02,2048,512,256,8,17,swiglu,PASS,50.176,50.111999999999995,1.0012771392081736,49.535999999999994,50.111999999999995,0.9885057471264368,1.4222418413201154e-05,0.0006580915345498761,0.0004281767758659294,0.0006661821705427062
sm_103a,Qwen3.5-35B-A3B,sm_103a_c02,sm_103a_gpu02,sm_103a_source02,2048,512,256,8,18,swiglu,PASS,51.552,51.647999999999996,0.9981412639405205,50.496,51.647999999999996,0.9776951672862454,0.0005681379298335676,0.0006409260410191742,3.79679446187442e-05,0.0006142871296936914
sm_103a,Qwen3.5-35B-A3B,sm_103a_c02,sm_103a_gpu02,sm_103a_source02,2048,512,256,8,19,swiglu,PASS,53.407999999999994,53.440000000000005,0.9994011976047903,51.776,53.440000000000005,0.9688622754491019,0.0006208611520504004,0.0006178849610545267,0.00013785230757401568,0.0012376237623763497
sm_103a,Qwen3.5-35B-A3B,sm_103a_c02,sm_103a_gpu02,sm_103a_source02,2048,512,256,8,20,swiglu,PASS,55.232000000000006,55.168,1.0011600928074247,52.96,55.168,0.9599767981438515,0.0006104491909035836,0.0011574074074073293,0.001098935870069595,0.0006045949214026347
sm_103a,Qwen3.5-35B-A3B,sm_103a_c02,sm_103a_gpu02,sm_103a_source02,2048,512,256,8,21,swiglu,PASS,56.609,56.641,0.9994350382231952,53.792,56.641,0.9497007468088488,0.0005567374609858344,0.0011135266981281422,5.94007981973288e-05,0.0005948729388581819
sm_103a,Qwen3.5-35B-A3B,sm_103a_c02,sm_103a_gpu02,sm_103a_source02,2048,512,256,8,22,swiglu,PASS,57.824,57.985,0.9972234198499612,55.072,57.985,0.9497628697076831,0.0005485752696920976,0.0011061755708039467,0.0002955838552598511,0.0005904742871157831
sm_103a,Qwen3.5-35B-A3B,sm_103a_c02,sm_103a_gpu02,sm_103a_source02,2048,512,256,8,23,swiglu,PASS,59.329,59.456,0.9978639666307858,56.064,59.456,0.9429494079655544,9.07933378357928e-06,0.0005390835579515141,0.0005251606118139573,0.0005532552826955639
sm_103a,Qwen3.5-35B-A3B,sm_103a_c02,sm_103a_gpu02,sm_103a_source02,2048,512,256,8,24,swiglu,PASS,61.184000000000005,60.961,1.0036580764751235,56.577000000000005,60.961,0.9280851692065419,0.0004231981223847825,0.0005235602094240122,0.00010027685174640588,0.0005485463521666123
sm_103a,Qwen3.5-35B-A3B,sm_103a_c02,sm_103a_gpu02,sm_103a_source02,2048,512,256,8,25,swiglu,PASS,62.657000000000004,62.849000000000004,0.9969450587917071,58.208999999999996,62.849000000000004,0.9261722541329217,0.0005000877636109902,1.5960163432193752e-05,6.232072836920288e-05,0.000532865786578629
sm_103a,Qwen3.5-35B-A3B,sm_103a_c02,sm_103a_gpu02,sm_103a_source02,2048,512,256,8,26,swiglu,PASS,64.384,64.417,0.9994877128708259,59.552,64.417,0.9244764580778366,8.995724991023302e-06,0.0004812468951813642,0.0009347872437672766,0.0005544354838709076
sm_103a,Qwen3.5-35B-A3B,sm_103a_c02,sm_103a_gpu02,sm_103a_source02,2048,512,256,8,27,swiglu,PASS,66.04899999999999,66.04899999999999,1.0,60.48,66.04899999999999,0.9156838105043226,2.2750789185899123e-07,0.0009542996500899736,0.0002331076141002253,0.0013310185185186896
sm_103a,Qwen3.5-35B-A3B,sm_103a_c02,sm_103a_gpu02,sm_103a_source02,2048,512,256,8,28,swiglu,PASS,68.09700000000001,68.032,1.0009554327375354,62.529,68.032,0.9191115945437442,0.00044999768927111994,0.0016354608992834585,6.493615365799066e-05,0.0004705882352940005
sm_103a,Qwen3.5-35B-A3B,sm_103a_c02,sm_103a_gpu02,sm_103a_source02,2048,512,256,8,29,swiglu,PASS,69.79299999999999,70.01599999999999,0.9968150137111518,64.44800000000001,70.01599999999999,0.920475319926874,0.0004343618791388115,0.0004587155963302614,0.0009161798063185289,0.0010007990876437223
sm_103a,Qwen3.5-35B-A3B,sm_103a_c02,sm_103a_gpu02,sm_103a_source02,2048,512,256,8,30,swiglu,PASS,71.585,71.585,1.0,65.856,71.585,0.9199692673046029,1.400071127610758e-05,0.000908430232558155,0.0003987672120143726,0.0009561680427393471
sm_103a,Qwen3.5-35B-A3B,sm_103a_c02,sm_103a_gpu02,sm_103a_source02,2048,512,256,8,31,swiglu,PASS,73.408,73.345,1.0008589542572774,67.553,73.345,0.9210307451087328,1.5313971539754334e-06,0.0008585913650238641,0.0006812883068565423,0.0008585913650238641
sm_103a,Qwen3.5-35B-A3B,sm_103a_c02,sm_103a_gpu02,sm_103a_source02,2048,512,256,8,32,swiglu,PASS,74.81599999999999,75.52000000000001,0.9906779661016948,68.32100000000001,75.52000000000001,0.9046742584745763,0.0004324675206992534,0.0014773593030574794,0.0006609841928018056,0.0014773593030574794
sm_103a,Qwen3.5-397B-A17B,sm_103a_c02,sm_103a_gpu02,sm_103a_source02,4096,1024,512,10,1,swiglu,PASS,31.232,30.848,1.012448132780083,28.384,30.848,0.9201244813278008,0.001177432702353709,0.0009925717213115082,0.0014172064030293363,0.0011273957158962622
sm_103a,Qwen3.5-397B-A17B,sm_103a_c02,sm_103a_gpu02,sm_103a_source02,4096,1024,512,10,2,swiglu,PASS,39.519999999999996,39.552,0.9991909385113269,41.568,39.552,1.0509708737864079,0.000781572868174818,0.0007850287421813373,0.0006408786813094647,0.0007837783171520396
sm_103a,Qwen3.5-397B-A17B,sm_103a_c02,sm_103a_gpu02,sm_103a_source02,4096,1024,512,10,3,swiglu,PASS,52.225,51.873000000000005,1.0067858037900257,54.144999999999996,51.873000000000005,1.0437992790083472,3.4415337339277485e-05,0.0003084485999326203,0.00027555476380025645,0.0014775277267311537
sm_103a,Qwen3.5-397B-A17B,sm_103a_c02,sm_103a_gpu02,sm_103a_source02,4096,1024,512,10,4,swiglu,PASS,63.969,63.712,1.004033776996484,65.664,63.712,1.030637870416876,0.0005721260298801045,0.0014836331834084948,0.00024492275649257156,0.0009888247112005422
sm_103a,Qwen3.5-397B-A17B,sm_103a_c02,sm_103a_gpu02,sm_103a_source02,4096,1024,512,10,5,swiglu,PASS,75.23299999999999,75.16799999999999,1.0008647296722009,77.21600000000001,75.16799999999999,1.027245636441039,0.00043357247576158997,0.001262760527435125,0.0005186905650702567,0.001262760527435125
sm_103a,Qwen3.5-397B-A17B,sm_103a_c02,sm_103a_gpu02,sm_103a_source02,4096,1024,512,10,6,swiglu,PASS,86.43299999999999,86.40100000000001,1.0003703660837258,88.256,86.40100000000001,1.0214696589159846,0.0003611106999654723,0.00037036608372598145,0.0008082553737163156,0.0003737724971401013
sm_103a,Qwen3.5-397B-A17B,sm_103a_c02,sm_103a_gpu02,sm_103a_source02,4096,1024,512,10,7,swiglu,PASS,94.65700000000001,94.721,0.9993243314576493,95.009,94.721,1.003040508440578,0.0009852094204307882,0.001014188068499955,0.000987130470746611,0.001014188068499955
sm_103a,Qwen3.5-397B-A17B,sm_103a_c02,sm_103a_gpu02,sm_103a_source02,4096,1024,512,10,8,swiglu,PASS,103.905,103.935,0.9997113580603262,103.233,103.935,0.9932457786116323,0.000616380455485066,0.0006061422413793371,0.00016832354061091515,0.0006102758834470867
sm_103a,Qwen3.5-397B-A17B,sm_103a_c02,sm_103a_gpu02,sm_103a_source02,4096,1024,512,10,9,swiglu,PASS,113.728,113.441,1.0025299494891617,112.608,113.441,0.9926569758729207,0.0002650608242851238,0.00028224419414857316,0.0005655670244175681,0.00028416911614526086
sm_103a,Qwen3.5-397B-A17B,sm_103a_c02,sm_103a_gpu02,sm_103a_source02,4096,1024,512,10,10,swiglu,PASS,123.74499999999999,123.777,0.99974147054784,122.465,123.777,0.9894002924614428,8.087476286888773e-06,0.0007719479763645953,0.000474434618173758,0.0005173263925375426
sm_103a,Qwen3.5-397B-A17B,sm_103a_c02,sm_103a_gpu02,sm_103a_source02,4096,1024,512,10,11,swiglu,PASS,131.296,131.67999999999998,0.9970838396111786,128.51299999999998,131.67999999999998,0.9759492709599028,2.381062856637861e-05,0.0004862593737888776,0.0007635818611941847,0.0004862593737888776
sm_103a,Qwen3.5-397B-A17B,sm_103a_c02,sm_103a_gpu02,sm_103a_source02,4096,1024,512,10,12,swiglu,PASS,141.025,141.121,0.9993197327116448,134.40049999999997,141.121,0.9523777467563296,0.00022483209295165452,0.00044683069372219997,0.0004412817596612939,0.0004688581443637041
sm_103a,Qwen3.5-397B-A17B,sm_103a_c02,sm_103a_gpu02,sm_103a_source02,4096,1024,512,10,13,swiglu,PASS,151.105,150.94449999999998,1.0010633047245843,142.466,150.94449999999998,0.9438303482405787,2.709281813784159e-06,0.0006357194887753881,0.00034892980332812407,0.0004352893269865543
sm_103a,Qwen3.5-397B-A17B,sm_103a_c02,sm_103a_gpu02,sm_103a_source02,4096,1024,512,10,14,swiglu,PASS,160.51299999999998,160.70499999999998,0.9988052643041598,150.305,160.70499999999998,0.9352851498086556,0.0001958239183698085,0.00019908297405080155,0.0003008847323647812,0.00020620339636945317
sm_103a,Qwen3.5-397B-A17B,sm_103a_c02,sm_103a_gpu02,sm_103a_source02,4096,1024,512,10,15,swiglu,PASS,170.946,170.721,1.00131793979651,159.553,170.721,0.9345833260114456,0.0007412929437808913,0.0008411020488308107,0.00015058154915958966,0.0008411020488308107
sm_103a,Qwen3.5-397B-A17B,sm_103a_c02,sm_103a_gpu02,sm_103a_source02,4096,1024,512,10,16,swiglu,PASS,179.585,179.554,1.0001726500105819,167.457,179.554,0.9326275103868474,0.00044545910347704165,0.0008024206355841113,0.0003019339358527606,0.0003620101028665168
sm_103a,Qwen3.5-397B-A17B,sm_103a_c02,sm_103a_gpu02,sm_103a_source02,4096,1024,512,10,17,swiglu,PASS,188.29000000000002,188.7535,0.9975444163949279,173.985,188.7535,0.9217577422405413,0.00018092218541143623,0.0008493222673718881,0.0007533749021062519,0.000643911301218214
sm_103a,Qwen3.5-397B-A17B,sm_103a_c02,sm_103a_gpu02,sm_103a_source02,4096,1024,512,10,18,swiglu,PASS,198.018,198.178,0.9991926449959128,182.881,198.178,0.9228118156404848,0.0004909647657784788,0.0003229436311984468,0.00011180678620736906,0.00035554680363403257
sm_103a,Qwen3.5-397B-A17B,sm_103a_c02,sm_103a_gpu02,sm_103a_source02,4096,1024,512,10,19,swiglu,PASS,208.161,207.553,1.002929372256725,190.561,207.553,0.918131754298902,0.0002489034489927544,0.0003122088052488481,0.00042804504819993205,0.00017314381955246816
sm_103a,Qwen3.5-397B-A17B,sm_103a_c02,sm_103a_gpu02,sm_103a_source02,4096,1024,512,10,20,swiglu,PASS,217.79399999999998,217.826,0.99985309375373,196.386,217.826,0.9015728149991278,0.0001446748442861523,0.00029381249253979114,0.00017165245147365837,0.0002181120223347932
sm_103a,Qwen3.5-397B-A17B,sm_103a_c02,sm_103a_gpu02,sm_103a_source02,4096,1024,512,10,21,swiglu,PASS,226.81799999999998,226.497,1.0014172373144015,202.433,226.497,0.8937557671845543,0.00042697210926179174,0.00042318712805822223,7.139229612063147e-05,0.0007086524738638689
sm_103a,Qwen3.5-397B-A17B,sm_103a_c02,sm_103a_gpu02,sm_103a_source02,4096,1024,512,10,22,swiglu,PASS,235.58599999999998,235.17,1.0017689331122166,206.466,235.17,0.8779436152570482,0.00027743352797637844,0.0005445117048745729,0.0001150720813974937,0.0005445117048745729
sm_103a,Qwen3.5-397B-A17B,sm_103a_c02,sm_103a_gpu02,sm_103a_source02,4096,1024,512,10,23,swiglu,PASS,245.60199999999998,245.4415,1.0006539236437195,211.809,245.4415,0.8629714208884807,0.00025843984062257075,0.0004562303963500103,0.0006429271871676301,0.0004562303963500103
sm_103a,Qwen3.5-397B-A17B,sm_103a_c02,sm_103a_gpu02,sm_103a_source02,4096,1024,512,10,24,swiglu,PASS,254.17800000000003,254.46600000000004,0.9988682181509514,217.634,254.46600000000004,0.8552576768605628,3.1676465739316484e-06,0.0004401382505683227,7.256873407879283e-05,0.0004401382505683227
sm_103a,Qwen3.5-397B-A17B,sm_103a_c02,sm_103a_gpu02,sm_103a_source02,4096,1024,512,10,25,swiglu,PASS,264.034,264.13,0.9996365426115928,223.60150000000002,264.13,0.8465585128535192,0.00012191482222945194,0.0006060560147271854,0.0002415186493798238,0.0006060560147271854
sm_103a,Qwen3.5-397B-A17B,sm_103a_c02,sm_103a_gpu02,sm_103a_source02,4096,1024,512,10,26,swiglu,PASS,272.866,273.346,0.9982439838153843,228.77,273.346,0.8369246303220096,0.00023845557329349454,0.0005270207953622652,0.00017973393372439084,0.0005270207953622652
sm_103a,Qwen3.5-397B-A17B,sm_103a_c02,sm_103a_gpu02,sm_103a_source02,4096,1024,512,10,27,swiglu,PASS,282.242,282.53000000000003,0.9989806392241531,233.69799999999998,282.53000000000003,0.8271617173397515,0.00010747440522773655,0.00045006892787902153,0.00039606134435776763,0.0005474155996340047
sm_103a,Qwen3.5-397B-A17B,sm_103a_c02,sm_103a_gpu02,sm_103a_source02,4096,1024,512,10,28,swiglu,PASS,292.4665,292.6265,0.9994532279202328,236.642,292.6265,0.8086827406267033,0.0004893221249813173,0.00032808174703524706,5.9165090132706766e-05,0.00032808174703524706
sm_103a,Qwen3.5-397B-A17B,sm_103a_c02,sm_103a_gpu02,sm_103a_source02,4096,1024,512,10,29,swiglu,PASS,302.307,302.499,0.999365287157974,244.29000000000002,302.499,0.8075729175964218,1.9654799876533957e-07,0.00042341203945661654,0.00033477835474893247,0.00026191509040152106
sm_103a,Qwen3.5-397B-A17B,sm_103a_c02,sm_103a_gpu02,sm_103a_source02,4096,1024,512,10,30,swiglu,PASS,311.49,310.979,1.0016431977721967,247.394,310.979,0.7955328173285012,0.0001594660394399483,0.0001540661425207812,0.000708737203664378,0.0003900912773164844
sm_103a,Qwen3.5-397B-A17B,sm_103a_c02,sm_103a_gpu02,sm_103a_source02,4096,1024,512,10,31,swiglu,PASS,321.603,321.412,1.0005942528592586,253.2505,321.412,0.787931066668326,0.0004939130892989141,0.00029857895080587227,0.00042919153823450795,0.0007580004579585964
sm_103a,Qwen3.5-397B-A17B,sm_103a_c02,sm_103a_gpu02,sm_103a_source02,4096,1024,512,10,32,swiglu,PASS,331.011,331.20300000000003,0.9994202951060225,256.131,331.20300000000003,0.7733353864548328,0.0003869276670968036,0.0005824990719250911,0.0001853725333327283,0.0006243707513521324
sm_103a,MiniMax-M2,sm_103a_c02,sm_103a_gpu02,sm_103a_source02,3072,1536,256,8,1,swiglu,PASS,29.248,29.28,0.9989071038251366,31.136,29.28,1.0633879781420765,0.0010469625548445993,0.0010587431693989124,0.00047856495246811903,0.0010587431693989124
sm_103a,MiniMax-M2,sm_103a_c02,sm_103a_gpu02,sm_103a_source02,3072,1536,256,8,2,swiglu,PASS,35.679500000000004,35.520999999999994,1.0044621491512065,44.032000000000004,35.520999999999994,1.239604740857521,2.1854454850700478e-05,0.0008976660682227244,0.00013764104824309786,2.8152360575295354e-05
sm_103a,MiniMax-M2,sm_103a_c02,sm_103a_gpu02,sm_103a_source02,3072,1536,256,8,3,swiglu,PASS,47.329,47.391999999999996,0.9986706617150575,57.152,47.391999999999996,1.2059419311276165,0.0006697978616849731,2.1114864864779648e-05,0.000389205593684383,0.0005427075856516694
sm_103a,MiniMax-M2,sm_103a_c02,sm_103a_gpu02,sm_103a_source02,3072,1536,256,8,4,swiglu,PASS,58.881,58.657000000000004,1.0038188110540942,69.537,58.657000000000004,1.1854851083417155,1.1706599204686086e-05,0.0005437737901032857,0.00034513587463624873,0.00046018666321534507
sm_103a,MiniMax-M2,sm_103a_c02,sm_103a_gpu02,sm_103a_source02,3072,1536,256,8,5,swiglu,PASS,67.90400000000001,67.584,1.0047348484848484,79.393,67.584,1.1747307054924243,0.0008705374998778659,0.0006993470307197214,0.0003054431002588176,0.00039046755340588213
sm_103a,MiniMax-M2,sm_103a_c02,sm_103a_gpu02,sm_103a_source02,3072,1536,256,8,6,swiglu,PASS,77.95299999999999,77.66499999999999,1.0037082340822765,92.38499999999999,77.66499999999999,1.1895319642052404,0.00038566576234710936,0.00042490729295430185,0.0003710127515041961,0.0006931170230624062
sm_103a,MiniMax-M2,sm_103a_c02,sm_103a_gpu02,sm_103a_source02,3072,1536,256,8,7,swiglu,PASS,87.424,87.104,1.0036737692872888,104.897,87.104,1.2042730529022778,0.00037717006455917357,0.00036724201248627963,0.0001614060664144601,0.00036724201248627963
sm_103a,MiniMax-M2,sm_103a_c02,sm_103a_gpu02,sm_103a_source02,3072,1536,256,8,8,swiglu,PASS,96.86500000000001,96.76899999999999,1.0009920532401906,115.584,96.76899999999999,1.1944321011894306,0.0006495677252121856,0.0005011132981003197,0.0005688609134929523,0.0005011132981003197
sm_103a,MiniMax-M2,sm_103a_c02,sm_103a_gpu02,sm_103a_source02,3072,1536,256,8,9,swiglu,PASS,105.761,105.824,0.9994046719080737,125.40799999999999,105.824,1.1850619897187782,2.4786943580989984e-06,0.0006047720292937653,0.0001419009050588338,0.0006047720292937653
sm_103a,MiniMax-M2,sm_103a_c02,sm_103a_gpu02,sm_103a_source02,3072,1536,256,8,10,swiglu,PASS,112.22500000000001,112.416,0.998300953600911,131.137,112.416,1.1665332337033874,5.275871944654398e-06,0.00028522532800923095,8.501044944453362e-05,0.00027575900442111667
sm_103a,MiniMax-M2,sm_103a_c02,sm_103a_gpu02,sm_103a_source02,3072,1536,256,8,11,swiglu,PASS,119.36099999999999,119.456,0.9992047281007231,139.553,119.456,1.1682376774712029,0.0005263814951629309,0.0006664040168653518,0.00037430357011525306,0.0006874377904602103
sm_103a,MiniMax-M2,sm_103a_c02,sm_103a_gpu02,sm_103a_source02,3072,1536,256,8,12,swiglu,PASS,127.713,127.87200000000001,0.998756569069069,143.68150000000003,127.87200000000001,1.1236353541041042,0.0002601138600566433,0.0006263285014698194,0.00038583152698523637,0.0004416577117954956
sm_103a,MiniMax-M2,sm_103a_c02,sm_103a_gpu02,sm_103a_source02,3072,1536,256,8,13,swiglu,PASS,135.52100000000002,135.874,0.9974020047985634,152.03300000000002,135.874,1.118926358243667,0.00011478056328573238,0.00023618153503246475,0.00027963457808133363,0.0006311761573207786
sm_103a,MiniMax-M2,sm_103a_c02,sm_103a_gpu02,sm_103a_source02,3072,1536,256,8,14,swiglu,PASS,143.16899999999998,143.649,0.9966585218135873,156.48100000000002,143.649,1.0893288501834333,6.549767527341821e-06,0.0004538028680342032,0.0002473130706224236,0.0006073469805265574
sm_103a,MiniMax-M2,sm_103a_c02,sm_103a_gpu02,sm_103a_source02,3072,1536,256,8,15,swiglu,PASS,151.905,152.19299999999998,0.9981076659241884,162.081,152.19299999999998,1.064970136602866,2.4391829849257363e-06,0.0006318408287644406,0.000694256644432123,0.0005922964443703105
sm_103a,MiniMax-M2,sm_103a_c02,sm_103a_gpu02,sm_103a_source02,3072,1536,256,8,16,swiglu,PASS,160.96099999999998,160.4975,1.0028878954500848,167.969,160.4975,1.046552126980171,6.811466923828391e-08,0.00039888064120052746,9.068595478556318e-05,0.00039888064120052746
sm_103a,MiniMax-M2,sm_103a_c02,sm_103a_gpu02,sm_103a_source02,3072,1536,256,8,17,swiglu,PASS,169.66600000000003,169.377,1.0017062529150949,174.753,169.377,1.0317398466143572,0.0001879552686188113,0.0007554251922499144,0.00029841209881831254,0.0007554251922499144
sm_103a,MiniMax-M2,sm_103a_c02,sm_103a_gpu02,sm_103a_source02,3072,1536,256,8,18,swiglu,PASS,176.577,176.353,1.0012701796964043,178.881,176.353,1.014334885145135,0.0001870620703530168,0.00036554368247010416,3.9727250518817314e-05,0.00035771576129173255
sm_103a,MiniMax-M2,sm_103a_c02,sm_103a_gpu02,sm_103a_source02,3072,1536,256,8,19,swiglu,PASS,184.545,184.89700000000002,0.9980962373645866,184.385,184.89700000000002,0.9972308907121261,3.1960786612827974e-06,0.0005253409300159939,7.849155676764585e-05,0.0005206497274725663
sm_103a,MiniMax-M2,sm_103a_c02,sm_103a_gpu02,sm_103a_source02,3072,1536,256,8,20,swiglu,PASS,192.162,192.09799999999998,1.000333163281242,189.73000000000002,192.09799999999998,0.987672958594051,0.00017143731961066777,0.0004946216404777548,0.00020369963915922717,0.0004946216404777548
sm_103a,MiniMax-M2,sm_103a_c02,sm_103a_gpu02,sm_103a_source02,3072,1536,256,8,21,swiglu,PASS,200.226,199.937,1.0014454553184253,193.79399999999998,199.937,0.9692753217263438,7.722169662627287e-05,0.0003976869128490268,3.343830079605148e-06,0.0005802752825941893
sm_103a,MiniMax-M2,sm_103a_c02,sm_103a_gpu02,sm_103a_source02,3072,1536,256,8,22,swiglu,PASS,208.386,208.033,1.0016968461734437,199.137,208.033,0.9572375536573525,0.0006031339310661465,0.0006193317938056886,5.880584444217796e-05,0.0004616050391882398
sm_103a,MiniMax-M2,sm_103a_c02,sm_103a_gpu02,sm_103a_source02,3072,1536,256,8,23,swiglu,PASS,216.225,216.162,1.0002914480806062,203.2175,216.162,0.9401166717554427,0.00015261330637394988,0.00037237917914678675,0.0001158934850529203,0.0002937618401056552
sm_103a,MiniMax-M2,sm_103a_c02,sm_103a_gpu02,sm_103a_source02,3072,1536,256,8,24,swiglu,PASS,224.61,224.289,1.0014311892246166,205.88899999999998,224.289,0.91796298525563,4.904905441249774e-06,0.00014265208049146771,0.00010723603292606132,0.00015539940074105196
sm_103a,MiniMax-M2,sm_103a_c02,sm_103a_gpu02,sm_103a_source02,3072,1536,256,8,25,swiglu,PASS,233.186,233.12099999999998,1.0002788251594665,213.089,233.12099999999998,0.9140703754702494,0.00013360542095131045,0.00014157682258719717,5.4003518567435904e-05,0.00015488812852892941
sm_103a,MiniMax-M2,sm_103a_c02,sm_103a_gpu02,sm_103a_source02,3072,1536,256,8,26,swiglu,PASS,241.40900000000002,241.602,0.9992011655532653,219.618,241.602,0.9090073757667569,0.00013261610179282624,0.0002671980248059036,0.0005096907543367113,0.0002162846396924767
sm_103a,MiniMax-M2,sm_103a_c02,sm_103a_gpu02,sm_103a_source02,3072,1536,256,8,27,swiglu,PASS,250.24200000000002,250.594,0.9985953374781521,223.64999999999998,250.594,0.8924794687821735,0.00012353420348454325,0.0001279580297661731,0.000518648174059555,0.00014750976693456153
sm_103a,MiniMax-M2,sm_103a_c02,sm_103a_gpu02,sm_103a_source02,3072,1536,256,8,28,swiglu,PASS,259.138,259.65,0.9980281147698825,231.746,259.65,0.8925322549585981,0.0004884722333295954,0.0006159863867007953,0.0001100809370880862,0.0006159863867007953
sm_103a,MiniMax-M2,sm_103a_c02,sm_103a_gpu02,sm_103a_source02,3072,1536,256,8,29,swiglu,PASS,267.96999999999997,268.16200000000003,0.9992840148865237,238.818,268.16200000000003,0.8905736084903901,0.00012267848355207445,0.00029834493149238916,0.0002864290484393406,0.00029834493149238916
sm_103a,MiniMax-M2,sm_103a_c02,sm_103a_gpu02,sm_103a_source02,3072,1536,256,8,30,swiglu,PASS,276.482,276.802,0.9988439389888801,245.666,276.802,0.8875152636180375,0.00017952850708069512,0.0004588647613543717,8.206987282100009e-05,0.0004588647613543717
sm_103a,MiniMax-M2,sm_103a_c02,sm_103a_gpu02,sm_103a_source02,3072,1536,256,8,31,swiglu,PASS,284.098,284.25800000000004,0.9994371310569975,254.17800000000003,284.25800000000004,0.8941806387155331,0.00011321940960185017,0.0003343163406789307,9.62402271450502e-05,0.00037768807685967243
sm_103a,MiniMax-M2,sm_103a_c02,sm_103a_gpu02,sm_103a_source02,3072,1536,256,8,32,swiglu,PASS,291.714,292.066,0.9987947929577561,258.21,292.066,0.8840809953914526,0.00016767786446725275,0.00010969610750211078,0.0005113540210386347,0.0007430283047346053
sm_103a,MiniMax-M3,sm_103a_c03,sm_103a_gpu02,sm_103a_source03,6144,3072,128,4,1,swiglu,PASS,42.784000000000006,42.784000000000006,1.0,38.976,42.784000000000006,0.9109947643979056,0.0014550993930588785,0.0007485029940119681,0.00028530907500989855,0.000748485486398609
sm_103a,MiniMax-M3,sm_103a_c03,sm_103a_gpu02,sm_103a_source03,6144,3072,128,4,2,swiglu,PASS,57.888000000000005,57.824,1.0011068068622027,59.489,57.824,1.028794272274488,0.0005696013214587792,0.001105583195135429,0.0002967220603743437,0.0005213852027514676
sm_103a,MiniMax-M3,sm_103a_c03,sm_103a_gpu02,sm_103a_source03,6144,3072,128,4,3,swiglu,PASS,78.65700000000001,78.368,1.0036877296855862,80.768,78.368,1.0306247447937935,0.0006236048001058148,0.0004145408163265252,0.0002166325675008185,0.0007923832163329037
sm_103a,MiniMax-M3,sm_103a_c03,sm_103a_gpu02,sm_103a_source03,6144,3072,128,4,4,swiglu,PASS,97.953,98.081,0.9986949562096634,99.521,98.081,1.0146817426412862,0.00017408118482986623,0.0006531611981426266,8.802519464279346e-05,0.0009551866635832962
sm_103a,MiniMax-M3,sm_103a_c03,sm_103a_gpu02,sm_103a_source03,6144,3072,128,4,5,swiglu,PASS,111.169,111.10499999999999,1.0005760316817425,109.152,111.10499999999999,0.9824220332118266,0.00030059254894720944,0.0002880988178945998,0.0005176892530482924,0.0011675770715335876
sm_103a,MiniMax-M3,sm_103a_c03,sm_103a_gpu02,sm_103a_source03,6144,3072,128,4,6,swiglu,PASS,129.249,129.281,0.9997524771621507,127.297,129.281,0.984653584053341,0.0004960894277485917,0.0008666517066073798,0.0003353275194971639,0.0007537629258564937
sm_103a,MiniMax-M3,sm_103a_c03,sm_103a_gpu02,sm_103a_source03,6144,3072,128,4,7,swiglu,PASS,147.585,147.52100000000002,1.0004338365385266,144.674,147.52100000000002,0.9807010527314755,6.043026449797928e-06,0.001302357130744447,0.0006659380557815231,0.001302357130744447
sm_103a,MiniMax-M3,sm_103a_c03,sm_103a_gpu02,sm_103a_source03,6144,3072,128,4,8,swiglu,PASS,165.025,164.897,1.0007762421390323,157.858,164.897,0.9573127467449378,8.608453909930702e-06,0.0005822946046766253,0.0004442161532760558,0.0006075295696031935
sm_103a,MiniMax-M3,sm_103a_c03,sm_103a_gpu02,sm_103a_source03,6144,3072,128,4,9,swiglu,PASS,183.842,183.649,1.0010509177833802,176.54500000000002,183.649,0.9613175132998274,0.00035335078743958803,0.0003534414320358614,0.0002971078820557249,0.0010828523805745949
sm_103a,MiniMax-M3,sm_103a_c03,sm_103a_gpu02,sm_103a_source03,6144,3072,128,4,10,swiglu,PASS,196.802,196.67399999999998,1.0006508231896438,181.121,196.67399999999998,0.9209198979021122,0.00032607503652282155,0.00040395930935654967,0.00011952920975155656,0.000529938781030248
sm_103a,MiniMax-M3,sm_103a_c03,sm_103a_gpu02,sm_103a_source03,6144,3072,128,4,11,swiglu,PASS,214.30599999999998,214.53,0.9989558569896984,189.826,214.53,0.8848459422924533,0.00029758925191525343,0.0003029441510806752,0.00012606862289099574,0.0003029441510806752
sm_103a,MiniMax-M3,sm_103a_c03,sm_103a_gpu02,sm_103a_source03,6144,3072,128,4,12,swiglu,PASS,232.418,232.481,0.9997290101126545,198.65800000000002,232.481,0.8545128419096615,0.00026664981121837794,0.0005509594442196786,0.0004968482039581223,0.0009655567792646869
sm_103a,MiniMax-M3,sm_103a_c03,sm_103a_gpu02,sm_103a_source03,6144,3072,128,4,13,swiglu,PASS,250.36999999999998,250.114,1.0010235332688293,216.545,250.114,0.8657852019479116,0.0003766290469671141,0.0002556216799137756,8.944525577736506e-05,0.0007392007392006406
sm_103a,MiniMax-M3,sm_103a_c03,sm_103a_gpu02,sm_103a_source03,6144,3072,128,4,14,swiglu,PASS,268.06600000000003,267.938,1.0004777224581807,216.642,267.938,0.808552724884115,5.359518479497449e-05,0.00011945914870414853,0.0005311190538674904,0.0005956311150308036
sm_103a,MiniMax-M3,sm_103a_c03,sm_103a_gpu02,sm_103a_source03,6144,3072,128,4,15,swiglu,PASS,285.794,285.826,0.9998880437748839,234.466,285.826,0.8203102586888527,0.0001137542559351834,0.000563216701998881,0.00020846360549453546,0.000563216701998881
sm_103a,MiniMax-M3,sm_103a_c03,sm_103a_gpu02,sm_103a_source03,6144,3072,128,4,16,swiglu,PASS,303.81,303.87399999999997,0.9997893863904119,243.29799999999997,303.87399999999997,0.8006542185247834,0.0004245594014619103,0.00021388192401583517,4.5072770223919534e-05,0.00021388192401583517
sm_103a,MiniMax-M3,sm_103a_c03,sm_103a_gpu02,sm_103a_source03,6144,3072,128,4,17,swiglu,PASS,322.339,321.315,1.0031869038171264,256.45,321.315,0.7981264491231346,5.5855074212129985e-05,0.00029779445978217467,0.0001744469940443416,0.0007488708431815372
sm_103a,MiniMax-M3,sm_103a_c03,sm_103a_gpu02,sm_103a_source03,6144,3072,128,4,18,swiglu,PASS,339.331,339.0115,1.0009424459052274,269.762,339.0115,0.7957311182658995,9.921714560157113e-05,0.0003774619810267277,0.0004127226061313438,0.0003774619810267277
sm_103a,MiniMax-M3,sm_103a_c03,sm_103a_gpu02,sm_103a_source03,6144,3072,128,4,19,swiglu,PASS,354.30699999999996,354.08299999999997,1.0006326200354154,278.49800000000005,354.08299999999997,0.7865331009960942,0.0001806832192916552,0.0002257521072547286,0.0002531752571834911,0.00018079759991196376
sm_103a,MiniMax-M3,sm_103a_c03,sm_103a_gpu02,sm_103a_source03,6144,3072,128,4,20,swiglu,PASS,368.995,369.091,0.9997399015418962,278.53099999999995,369.091,0.7546404545220554,0.00017335805287388428,0.0002181503828471154,0.0004194271931805549,0.0006875381466985298
sm_103a,MiniMax-M3,sm_103a_c03,sm_103a_gpu02,sm_103a_source03,6144,3072,128,4,21,swiglu,PASS,386.564,386.563,1.0000025869004536,291.842,386.563,0.7549662021455752,0.0001655853661279849,0.0007466916512883781,0.0007605804276067385,0.00043504622794365844
sm_103a,MiniMax-M3,sm_103a_c03,sm_103a_gpu02,sm_103a_source03,6144,3072,128,4,22,swiglu,PASS,403.972,403.843,1.000319431066033,300.6265,403.843,0.7444142897115958,1.0896158020301527e-07,0.0004754322843283365,5.134920514127117e-05,0.0004258915440563671
sm_103a,MiniMax-M3,sm_103a_c03,sm_103a_gpu02,sm_103a_source03,6144,3072,128,4,23,swiglu,PASS,422.08299999999997,421.731,1.0008346552660343,305.2025,421.731,0.7236899824769817,0.00011688371798834751,0.0002275814492670447,0.00031011714566708815,0.00031122031122032823
sm_103a,MiniMax-M3,sm_103a_c03,sm_103a_gpu02,sm_103a_source03,6144,3072,128,4,24,swiglu,PASS,439.779,439.81100000000004,0.9999272414741787,313.699,439.81100000000004,0.713258649738183,0.00014187077268501547,0.00032637075718011666,0.0005775922096331598,0.0003555087920672495
sm_103a,MiniMax-M3,sm_103a_c03,sm_103a_gpu02,sm_103a_source03,6144,3072,128,4,25,swiglu,PASS,457.34799999999996,457.316,1.0000699734975378,331.427,457.316,0.7247220740144671,6.995391785669103e-05,0.0003127159489508813,0.00015770146453053524,0.00019608434643569872
sm_103a,MiniMax-M3,sm_103a_c03,sm_103a_gpu02,sm_103a_source03,6144,3072,128,4,26,swiglu,PASS,474.948,474.75600000000003,1.0004044182695953,340.09849999999994,474.75600000000003,0.716364827406078,0.00030121296495755345,0.0004719803791013444,0.0006580460757268369,0.0004719803791013444
sm_103a,MiniMax-M3,sm_103a_c03,sm_103a_gpu02,sm_103a_source03,6144,3072,128,4,27,swiglu,PASS,492.484,492.484,1.0,344.771,492.484,0.7000653828347723,3.0422524727846678e-05,0.00025989003402937527,0.0006236705815816368,0.00025989003402937527
sm_103a,MiniMax-M3,sm_103a_c03,sm_103a_gpu02,sm_103a_source03,6144,3072,128,4,28,swiglu,PASS,510.212,510.148,1.0001254537898805,353.47450000000003,510.148,0.6928861820491308,0.0003442788048753087,0.0003135161720462243,0.00020758274996901527,0.00018109226934082123
sm_103a,MiniMax-M3,sm_103a_c03,sm_103a_gpu02,sm_103a_source03,6144,3072,128,4,29,swiglu,PASS,528.1,527.909,1.0003618047807483,362.40299999999996,527.909,0.6864876332852822,0.00015278641216887046,0.00048475575694806317,0.0003386138778319614,0.00048475575694806317
sm_103a,MiniMax-M3,sm_103a_c03,sm_103a_gpu02,sm_103a_source03,6144,3072,128,4,30,swiglu,PASS,545.669,545.669,1.0,375.427,545.669,0.6880123298189929,5.777537601825422e-05,0.0003234849130485662,0.0001877826052143483,0.0003234849130485662
sm_103a,MiniMax-M3,sm_103a_c03,sm_103a_gpu02,sm_103a_source03,6144,3072,128,4,31,swiglu,PASS,563.237,563.253,0.99997159358228,388.611,563.253,0.6899403997848214,0.00014119674230239632,0.0002272965385223813,7.434488443980314e-05,0.0007443484890239382
sm_103a,MiniMax-M3,sm_103a_c03,sm_103a_gpu02,sm_103a_source03,6144,3072,128,4,32,swiglu,PASS,581.157,581.317,0.9997247629090498,388.579,581.317,0.6684459597775396,0.00027703926363953357,0.0004954813136448522,0.00016880905315264094,0.0004954813136448522
sm_103a,Kimi-K3,sm_103a_c03,sm_103a_gpu02,sm_103a_source03,3584,3072,896,16,1,situ,PASS,77.889,77.568,1.0041383044554455,121.185,77.568,1.5623066212871288,0.0017225492158023936,0.001447354878550966,0.000505647084223404,0.00041304712609568917
sm_103a,Kimi-K3,sm_103a_c03,sm_103a_gpu02,sm_103a_source03,3584,3072,896,16,2,situ,PASS,122.432,122.753,0.9973849926274714,212.642,122.753,1.7322753822717163,0.0007853965236506166,0.0011807050729462087,0.0003324332676857278,0.0009036059525042717
sm_103a,Kimi-K3,sm_103a_c03,sm_103a_gpu02,sm_103a_source03,3584,3072,896,16,3,situ,PASS,168.193,167.9365,1.001527363021142,310.529,167.9365,1.849085815174188,0.0013366323663045465,0.0013328176598339514,0.0005102350619237139,0.0005717518835055557
sm_103a,Kimi-K3,sm_103a_c03,sm_103a_gpu02,sm_103a_source03,3584,3072,896,16,4,situ,PASS,213.63299999999998,213.506,1.000594831058612,402.563,213.506,1.885487995653518,0.00044591175086805546,0.001352787256650556,0.0004717318473328458,0.0009713623649747483
sm_103a,Kimi-K3,sm_103a_c03,sm_103a_gpu02,sm_103a_source03,3584,3072,896,16,5,situ,PASS,258.306,258.914,0.9976517299180423,486.692,258.914,1.8797438531713235,0.0024771059253163585,0.002233787588517888,0.0005493331613235508,0.0002477681509525098
sm_103a,Kimi-K3,sm_103a_c03,sm_103a_gpu02,sm_103a_source03,3584,3072,896,16,6,situ,PASS,303.23499999999996,303.4425,0.9993161801659292,579.7489999999999,303.4425,1.9105728432899147,0.0015294306055653184,0.0031731880468879314,0.00016112373626531173,0.0020094102430427974
sm_103a,Kimi-K3,sm_103a_c03,sm_103a_gpu02,sm_103a_source03,3584,3072,896,16,7,situ,PASS,348.803,348.8985,0.9997262814256868,669.351,348.8985,1.918469124974742,0.0008221702755047966,0.0030176196970087554,0.00023813271323414043,0.0030176196970087554
sm_103a,Kimi-K3,sm_103a_c03,sm_103a_gpu02,sm_103a_source03,3584,3072,896,16,8,situ,PASS,392.931,393.347,0.99894240962814,756.07,393.347,1.9221450780100013,0.0006108613231492477,0.001710223932446242,0.0006062651210201331,0.0011382952504123134
sm_103a,Kimi-K3,sm_103a_c03,sm_103a_gpu02,sm_103a_source03,3584,3072,896,16,9,situ,PASS,437.187,437.475,0.999341676667238,840.615,437.475,1.9215155151722956,0.0022799698855575645,0.0016125947313507805,0.0015621485293477733,0.0016125947313507805
sm_103a,Kimi-K3,sm_103a_c03,sm_103a_gpu02,sm_103a_source03,3584,3072,896,16,10,situ,PASS,482.916,482.676,1.0004972279541555,925.1914999999999,482.676,1.9167961531130613,0.0013333900338321492,0.002424504097577884,8.708164829540621e-05,0.0011262287072384414
sm_103a,Kimi-K3,sm_103a_c03,sm_103a_gpu02,sm_103a_source03,3584,3072,896,16,11,situ,PASS,527.109,527.956,0.9983956996416369,1017.384,527.956,1.927024221715446,0.00012134131062391251,0.0029355753320852163,0.0019241455326226564,0.0029355753320852163
sm_103a,Kimi-K3,sm_103a_c03,sm_103a_gpu02,sm_103a_source03,3584,3072,896,16,12,situ,PASS,572.2765,574.341,0.9964054455454165,1107.6889999999999,574.341,1.928626025305524,0.0021626876472129464,0.0017844042372628932,4.082365392843457e-06,0.0006697117623359894
sm_103a,Kimi-K3,sm_103a_c03,sm_103a_gpu02,sm_103a_source03,3584,3072,896,16,13,situ,PASS,616.822,618.053,0.998008261427418,1173.578,618.053,1.8988306828055201,0.00023001445343595606,0.007035608845460617,0.003866619261041482,0.007035608845460617
sm_103a,Kimi-K3,sm_103a_c03,sm_103a_gpu02,sm_103a_source03,3584,3072,896,16,14,situ,PASS,661.1575,662.278,0.9983081123032926,1264.443,662.278,1.9092329807120272,0.0007031353172131105,0.002806720401651308,0.0025410740640248175,0.002806720401651308
sm_103a,Kimi-K3,sm_103a_c03,sm_103a_gpu02,sm_103a_source03,3584,3072,896,16,15,situ,PASS,706.086,707.4305,0.9980994599469487,1349.6589999999999,707.4305,1.9078326422171503,0.0012929787318498587,0.0014056287496422293,0.0007265705625048025,0.0007681814715758684
sm_103a,Kimi-K3,sm_103a_c03,sm_103a_gpu02,sm_103a_source03,3584,3072,896,16,16,situ,PASS,751.1425,751.6700000000001,0.9992982292761451,1427.741,751.6700000000001,1.8994252797105111,0.00023442030060660812,0.0007883953526588439,0.00019621834524030657,0.0006271307037031271
sm_103a,Kimi-K3,sm_103a_c03,sm_103a_gpu02,sm_103a_source03,3584,3072,896,16,17,situ,PASS,794.9190000000001,795.959,0.9986934000369366,1488.9730000000002,795.959,1.8706654488484962,0.00024536548595599506,0.002407296219648858,0.0014368290259748617,0.002407296219648858
sm_103a,Kimi-K3,sm_103a_c03,sm_103a_gpu02,sm_103a_source03,3584,3072,896,16,18,situ,PASS,840.279,840.5035,0.9997328981973305,1543.2775,840.5035,1.8361345312660802,0.00024449870550546926,0.001979802210144488,0.0019889457458228677,0.001979802210144488
sm_103a,Kimi-K3,sm_103a_c03,sm_103a_gpu02,sm_103a_source03,3584,3072,896,16,19,situ,PASS,883.5600000000001,887.224,0.9958702650063569,1603.4385,887.224,1.8072532979270173,0.0006866576987238915,0.003428576585173815,0.0011101639643891215,0.0008474963076996467
sm_103a,Kimi-K3,sm_103a_c03,sm_103a_gpu02,sm_103a_source03,3584,3072,896,16,20,situ,PASS,929.0169999999999,929.112,0.9998977518318567,1658.511,929.112,1.7850495957430323,0.002959135990904027,0.001565524063481205,0.00065213074152215,0.001565524063481205
sm_103a,Kimi-K3,sm_103a_c03,sm_103a_gpu02,sm_103a_source03,3584,3072,896,16,21,situ,PASS,973.1125000000001,973.6885,0.999408435038516,1718.656,973.6885,1.7650983861881906,0.0009017167551397254,0.0018778240713572814,0.0013999998804627989,0.0018778240713572814
sm_103a,Kimi-K3,sm_103a_c03,sm_103a_gpu02,sm_103a_source03,3584,3072,896,16,22,situ,PASS,1018.7764999999999,1018.937,0.9998424829012981,1791.007,1018.937,1.7577210367274916,0.0006746613075643282,0.0024550473550701835,2.1399762766938224e-05,0.0005009348500962796
sm_103a,Kimi-K3,sm_103a_c03,sm_103a_gpu02,sm_103a_source03,3584,3072,896,16,23,situ,PASS,1063.449,1063.641,0.9998194879663346,1862.8960000000002,1063.641,1.7514330493089303,0.001879994079183045,0.0013369793845949829,0.0005239413780704361,0.0013369793845949829
sm_103a,Kimi-K3,sm_103a_c03,sm_103a_gpu02,sm_103a_source03,3584,3072,896,16,24,situ,PASS,1107.4815,1108.09,0.9994508568798564,1923.9859999999999,1108.09,1.7363084226010521,0.0026224409111923475,0.001040437995495136,0.0017350401730199527,0.001040437995495136
sm_103a,Kimi-K3,sm_103a_c03,sm_103a_gpu02,sm_103a_source03,3584,3072,896,16,25,situ,PASS,1150.874,1152.906,0.9982374972460895,1953.2655000000002,1152.906,1.694210542750233,0.00010585845420463258,0.0019901293758057825,0.000909944701813159,0.001027617714064455
sm_103a,Kimi-K3,sm_103a_c03,sm_103a_gpu02,sm_103a_source03,3584,3072,896,16,26,situ,PASS,1195.4825,1195.4830000000002,0.9999995817590045,2025.2335,1195.4830000000002,1.694071350240865,5.746963871966493e-05,0.0034514761582260522,0.0013826101343017427,0.0034514761582260522
sm_103a,Kimi-K3,sm_103a_c03,sm_103a_gpu02,sm_103a_source03,3584,3072,896,16,27,situ,PASS,1240.2075,1239.8069999999998,1.00032303414967,2080.681,1239.8069999999998,1.6782297567282654,0.002026868827103012,0.0019402741435237125,0.0009533055130679369,0.0003609413156150376
sm_103a,Kimi-K3,sm_103a_c03,sm_103a_gpu02,sm_103a_source03,3584,3072,896,16,28,situ,PASS,1283.499,1286.827,0.9974137937733666,2141.1385000000005,1286.827,1.663889940139584,0.002226972563116214,0.002066915111679668,0.0005882595208260843,0.0015934134760144936
sm_103a,Kimi-K3,sm_103a_c03,sm_103a_gpu02,sm_103a_source03,3584,3072,896,16,29,situ,PASS,1327.289,1329.961,0.9979909185306938,2190.6555000000003,1329.961,1.6471576986092076,0.004319501889222144,0.0014346759056578229,0.00037517219833049786,0.0009980366061947965
sm_103a,Kimi-K3,sm_103a_c03,sm_103a_gpu02,sm_103a_source03,3584,3072,896,16,30,situ,PASS,1373.691,1373.305,1.000281073760017,2238.8145,1373.305,1.6302383665682425,0.0020639790781443734,0.003571015735733818,7.567112772433049e-05,0.0015064242955173945
sm_103a,Kimi-K3,sm_103a_c03,sm_103a_gpu02,sm_103a_source03,3584,3072,896,16,31,situ,PASS,1417.8195,1418.7795,0.9993233620869204,2281.7135,1418.7795,1.6082227717555828,0.00019182640530202022,0.003970860093810424,0.0005704039725709098,0.00348186030721509
sm_103a,Kimi-K3,sm_103a_c03,sm_103a_gpu02,sm_103a_source03,3584,3072,896,16,32,situ,PASS,1462.572,1462.8125,0.9998355906857509,2347.1865000000003,1462.8125,1.6045709891048923,0.0003069938393711613,0.0028907509656368457,0.00010877201959713645,0.0009510312862979209
