candidate,label,M,E,top_k,block_m,shared,seed,stock_us,v53_source_us,candidate_source_us,stock_over_candidate,v53_over_candidate,local_reference,local_reference_us,local_reference_over_candidate,stock_below_one_rounds,v53_below_one_rounds,local_below_one_rounds,rounds,tflops,tflops_status
C1,qwen_m512,512,512,10,8,False,28205,16.607999999999997,12.64,13.376,1.2355769230769231,0.944976076555024,,,,0,3,,3,,undefined: no audited FLOP convention
C1,qwen_prefill_m16384,16384,512,10,8,False,28206,123.60000000000001,77.91999999999999,78.672,1.5700915564598168,0.9908443540183112,,,,0,3,,3,,undefined: no audited FLOP convention
C2,qwen_m512,512,512,10,8,False,28205,16.528000000000002,12.687999999999999,12.128,1.370712401055409,1.0606860158311346,,,,0,1,,3,,undefined: no audited FLOP convention
C2,qwen_prefill_m16384,16384,512,10,8,False,28206,123.584,77.888,77.408,1.5965274906986358,1.0078740157480315,,,,0,0,,3,,undefined: no audited FLOP convention
C3,tp_m32,32,512,8,16,False,28201,10.527999999999999,8.336,8.383999999999999,1.2557251908396945,0.9942748091603054,,,,0,3,,3,,undefined: no audited FLOP convention
C3,batch_m128,128,512,8,16,False,28202,11.728,10.527999999999999,10.592,1.107250755287009,0.9939577039274923,,,,0,2,,3,,undefined: no audited FLOP convention
C3,qwen_decode_m8,8,512,10,8,False,28203,12.432,6.208,6.303999999999999,1.9720812182741119,0.984771573604061,,,,0,3,,3,,undefined: no audited FLOP convention
C3,qwen_batch_m128,128,512,10,8,False,28204,14.32,9.504,9.520000000000001,1.5058823529411764,1.0050420168067227,,,,0,1,,3,,undefined: no audited FLOP convention
C3,qwen_m512,512,512,10,8,False,28205,16.48,12.48,12.383999999999999,1.3307493540051683,1.0049813200498132,,,,0,1,,3,,undefined: no audited FLOP convention
C3,qwen_prefill_m16384,16384,512,10,8,False,28206,123.712,78.16000000000001,78.144,1.583128583128583,1.0012244897959184,,,,0,1,,3,,undefined: no audited FLOP convention
C4,tp_m32,32,512,8,16,False,28201,10.64,8.336,8.36,1.2802131727939527,0.9980672268907562,,,,0,4,,6,,undefined: no audited FLOP convention
C4,batch_m128,128,512,8,16,False,28202,12.392,10.648000000000001,10.656,1.166571255923417,1.0,,,,0,2,,6,,undefined: no audited FLOP convention
C4,qwen_decode_m8,8,512,10,8,False,28203,10.72,6.28,6.272,1.7066326530612246,0.998730964467005,,,,0,3,,6,,undefined: no audited FLOP convention
C4,qwen_batch_m128,128,512,10,8,False,28204,14.424,9.488,9.440000000000001,1.5305661247549867,1.0033927081235072,,,,0,0,,6,,undefined: no audited FLOP convention
C4,qwen_m512,512,512,10,8,False,28205,16.503999999999998,12.6,12.048,1.3725449735449735,1.053361111111111,,,,0,0,,6,,undefined: no audited FLOP convention
C4,qwen_prefill_m16384,16384,512,10,8,False,28206,123.59200000000001,78.056,69.328,1.7825988767970822,1.1231725974990123,,,,0,0,,6,,undefined: no audited FLOP convention
C5,tp_m32,32,512,8,16,False,28201,10.696000000000002,8.328,7.696,1.3857359798092141,1.0806626171022802,,,,0,0,,6,,undefined: no audited FLOP convention
C5,batch_m128,128,512,8,16,False,28202,12.416,10.664,9.984,1.249198717948718,1.0693577256077256,,,,0,0,,6,,undefined: no audited FLOP convention
C5,qwen_decode_m8,8,512,10,8,False,28203,10.735999999999999,6.288,5.64,1.9036899717514122,1.1128405907817673,,,,0,0,,6,,undefined: no audited FLOP convention
C5,qwen_batch_m128,128,512,10,8,False,28204,14.408000000000001,9.424,8.656,1.6515482255361154,1.0850280169468363,,,,0,0,,6,,undefined: no audited FLOP convention
C5,qwen_m512,512,512,10,8,False,28205,16.48,12.44,12.136000000000001,1.3645341217613791,1.0250459742544176,,,,0,1,,6,,undefined: no audited FLOP convention
C5,qwen_prefill_m16384,16384,512,10,8,False,28206,123.624,78.096,69.29599999999999,1.7839990764257678,1.1269914569383515,,,,0,0,,6,,undefined: no audited FLOP convention
C6,tp_m32,32,512,8,16,False,28201,10.744,8.344000000000001,7.536,1.419661733615222,1.1063394258284869,,,,0,0,,6,,undefined: no audited FLOP convention
C6,batch_m128,128,512,8,16,False,28202,12.568,10.624000000000002,9.944,1.269419306184012,1.0728768351980362,,,,0,0,,6,,undefined: no audited FLOP convention
C6,qwen_decode_m8,8,512,10,8,False,28203,10.712,6.303999999999999,5.624,1.9035814889336016,1.119480056980057,,,,0,0,,6,,undefined: no audited FLOP convention
C6,qwen_batch_m128,128,512,10,8,False,28204,14.296,9.472,8.671999999999999,1.6441128976843262,1.0885608856088562,,,,0,0,,6,,undefined: no audited FLOP convention
C6,qwen_m512,512,512,10,8,False,28205,16.351999999999997,12.416,11.904000000000002,1.3742114469232092,1.0654597370049446,,,,0,0,,6,,undefined: no audited FLOP convention
C6,qwen_prefill_m16384,16384,512,10,8,False,28206,123.63199999999999,78.048,69.264,1.7860942437991008,1.1255338488468416,,,,0,0,,6,,undefined: no audited FLOP convention
C7,tp_m32,32,512,8,16,False,28201,10.632000000000001,8.336,7.536,1.4150513883880276,1.108877744403919,,,,0,0,,6,,undefined: no audited FLOP convention
C7,batch_m128,128,512,8,16,False,28202,12.432,10.607999999999999,9.936,1.2482516129032257,1.0697508288165025,,,,0,0,,6,,undefined: no audited FLOP convention
C7,qwen_decode_m8,8,512,10,8,False,28203,10.751999999999999,6.303999999999999,5.6080000000000005,1.9144078144078145,1.1212535612535612,,,,0,0,,6,,undefined: no audited FLOP convention
C7,qwen_batch_m128,128,512,10,8,False,28204,14.552,9.464,8.6,1.6984181783943257,1.0976788297923892,,,,0,0,,6,,undefined: no audited FLOP convention
C7,qwen_m512,512,512,10,8,False,28205,16.535999999999998,12.504000000000001,11.943999999999999,1.3911625052488774,1.0625,,,,0,0,,6,,undefined: no audited FLOP convention
C7,qwen_prefill_m16384,16384,512,10,8,False,28206,123.704,78.008,69.304,1.7862173495082478,1.1260137903390501,,,,0,0,,6,,undefined: no audited FLOP convention
C8,tp_m32,32,512,8,16,False,28201,11.824,8.4,7.5600000000000005,1.5640072383273014,1.110057512452073,alpha_moe_fused_router_candidate7_disjoint_warp_prefix.py,7.552,1.0,0,0,1,6,,undefined: no audited FLOP convention
C8,batch_m128,128,512,8,16,False,28202,12.016000000000002,10.496,9.792,1.227124183006536,1.073044486611849,alpha_moe_fused_router_candidate7_disjoint_warp_prefix.py,9.808,1.0,0,0,2,6,,undefined: no audited FLOP convention
C8,qwen_decode_m8,8,512,10,8,False,28203,11.296000000000001,6.208,5.5360000000000005,2.036127167630058,1.1213872832369942,alpha_moe_fused_router_candidate7_disjoint_warp_prefix.py,5.5440000000000005,1.0,0,0,2,6,,undefined: no audited FLOP convention
C8,qwen_batch_m128,128,512,10,8,False,28204,14.968,9.312000000000001,8.584,1.7350702239857987,1.0872674670127624,alpha_moe_fused_router_candidate7_disjoint_warp_prefix.py,8.568000000000001,0.9981360654826428,0,0,4,6,,undefined: no audited FLOP convention
C8,qwen_m512,512,512,10,8,False,28205,16.272000000000002,12.6,12.112000000000002,1.3336476136371411,1.0392199753572093,alpha_moe_fused_router_candidate7_disjoint_warp_prefix.py,12.112,1.0026163407505764,0,0,2,6,,undefined: no audited FLOP convention
C8,qwen_prefill_m16384,16384,512,10,8,False,28206,123.49600000000001,78.31200000000001,69.12,1.7883097183807932,1.1342732001752938,alpha_moe_fused_router_candidate7_disjoint_warp_prefix.py,69.04,0.9989600692094909,0,0,4,6,,undefined: no audited FLOP convention
C9,tp_m32,32,512,8,16,False,28201,11.536000000000001,8.368,7.544,1.5356715117861617,1.1080508474576272,alpha_moe_fused_router_candidate7_disjoint_warp_prefix.py,7.544,1.0010615711252653,0,0,2,6,,undefined: no audited FLOP convention
C9,batch_m128,128,512,8,16,False,28202,11.975999999999999,10.495999999999999,9.808000000000002,1.2217588128147434,1.072297457828463,alpha_moe_fused_router_candidate7_disjoint_warp_prefix.py,9.8,0.999194847020934,0,0,3,6,,undefined: no audited FLOP convention
C9,qwen_decode_m8,8,512,10,8,False,28203,11.304,6.24,5.5440000000000005,2.0432901334310607,1.1251780449832722,alpha_moe_fused_router_candidate7_disjoint_warp_prefix.py,5.5360000000000005,1.0,0,0,1,6,,undefined: no audited FLOP convention
C9,qwen_batch_m128,128,512,10,8,False,28204,14.8,9.296,8.576,1.7257418333072279,1.086996394693549,alpha_moe_fused_router_candidate7_disjoint_warp_prefix.py,8.607999999999999,1.002752761257434,0,0,0,6,,undefined: no audited FLOP convention
C9,qwen_m512,512,512,10,8,False,28205,16.272,12.616,12.128,1.3495996087461253,1.040241888182845,alpha_moe_fused_router_candidate7_disjoint_warp_prefix.py,12.096,0.9973614729803346,0,0,4,6,,undefined: no audited FLOP convention
C9,qwen_prefill_m16384,16384,512,10,8,False,28206,123.59200000000001,78.19999999999999,69.12799999999999,1.7876417737932155,1.1353365944560911,alpha_moe_fused_router_candidate7_disjoint_warp_prefix.py,69.12825000000001,1.0010457422897818,0,0,2,6,,undefined: no audited FLOP convention
C10,tp_m32,32,512,8,16,False,28201,11.728000000000002,8.384,7.552,1.552940120298052,1.1069915254237288,alpha_moe_fused_router_candidate7_disjoint_warp_prefix.py,7.528,0.9968265036115284,0,0,4,6,,undefined: no audited FLOP convention
C10,batch_m128,128,512,8,16,False,28202,12.048,10.48,9.84,1.2263814616755795,1.0652530284643715,alpha_moe_fused_router_candidate7_disjoint_warp_prefix.py,9.816,0.9967373485767814,0,0,5,6,,undefined: no audited FLOP convention
C10,qwen_decode_m8,8,512,10,8,False,28203,11.296000000000001,6.216,5.5440000000000005,2.0362115474834126,1.121038469204704,alpha_moe_fused_router_candidate7_disjoint_warp_prefix.py,5.5440000000000005,1.0014450867052023,0,0,2,6,,undefined: no audited FLOP convention
C10,qwen_batch_m128,128,512,10,8,False,28204,14.864,9.296,8.575999999999999,1.73321916377762,1.091560869386581,alpha_moe_fused_router_candidate7_disjoint_warp_prefix.py,8.584,1.0018198377214769,0,0,1,6,,undefined: no audited FLOP convention
C10,qwen_m512,512,512,10,8,False,28205,16.223999999999997,12.631999999999998,10.568,1.547306651996516,1.2064325195762322,alpha_moe_fused_router_candidate7_disjoint_warp_prefix.py,12.232,1.1662201792156406,0,0,0,6,,undefined: no audited FLOP convention
C10,qwen_prefill_m16384,16384,512,10,8,False,28206,123.536,78.26400000000001,66.32,1.8630885973216023,1.1835255764122654,alpha_moe_fused_router_candidate7_disjoint_warp_prefix.py,69.064,1.0396141182533007,0,0,0,6,,undefined: no audited FLOP convention
C11,tp_m32,32,512,8,16,False,28201,11.456,8.384,7.52,1.514304349781836,1.1127659574468085,alpha_moe_fused_router_candidate10_grid_sync_fence.py,7.536,1.0010570824524312,0,0,1,6,,undefined: no audited FLOP convention
C11,batch_m128,128,512,8,16,False,28202,12.16,10.488,9.824,1.2337792395349083,1.0719626668092959,alpha_moe_fused_router_candidate10_grid_sync_fence.py,9.808,1.0024550049474499,0,0,2,6,,undefined: no audited FLOP convention
C11,qwen_decode_m8,8,512,10,8,False,28203,11.32,6.216,5.5360000000000005,2.040462427745665,1.1213872832369942,alpha_moe_fused_router_candidate10_grid_sync_fence.py,5.5200000000000005,0.9971098265895953,0,0,3,6,,undefined: no audited FLOP convention
C11,qwen_batch_m128,128,512,10,8,False,28204,14.888000000000002,9.296,8.584,1.7314249918291753,1.084599756196668,alpha_moe_fused_router_candidate10_grid_sync_fence.py,8.591999999999999,1.0009124087591244,0,0,2,6,,undefined: no audited FLOP convention
C11,qwen_m512,512,512,10,8,False,28205,16.28,12.623999999999999,10.464,1.5611579754601226,1.2218957871396896,alpha_moe_fused_router_candidate10_grid_sync_fence.py,10.552,1.010092507608328,0,0,0,6,,undefined: no audited FLOP convention
C11,qwen_prefill_m16384,16384,512,10,8,False,28206,123.592,78.15200000000002,66.088,1.8716886061546854,1.1893607335523682,alpha_moe_fused_router_candidate10_grid_sync_fence.py,66.26400000000001,1.0054447840540592,0,0,0,6,,undefined: no audited FLOP convention
C12,tp_m32,32,512,8,16,False,28201,11.448,8.384,7.552,1.519094843130184,1.1101694915254239,alpha_moe_fused_router_candidate10_grid_sync_fence.py,7.5760000000000005,1.0042283487091468,0,0,0,6,,undefined: no audited FLOP convention
C12,batch_m128,128,512,8,16,False,28202,12.128,10.496,9.8,1.2260692279811525,1.0695838428485018,alpha_moe_fused_router_candidate10_grid_sync_fence.py,9.792,1.0,0,0,2,6,,undefined: no audited FLOP convention
C12,qwen_decode_m8,8,512,10,8,False,28203,11.296,6.208,5.5360000000000005,2.031791907514451,1.1213872832369942,alpha_moe_fused_router_candidate10_grid_sync_fence.py,5.5360000000000005,1.002849002849003,0,0,0,6,,undefined: no audited FLOP convention
C12,qwen_batch_m128,128,512,10,8,False,28204,14.8,9.36,8.584,1.719490883570972,1.089476778965114,alpha_moe_fused_router_candidate10_grid_sync_fence.py,8.591999999999999,0.9981818181818181,0,0,3,6,,undefined: no audited FLOP convention
C12,qwen_m512,512,512,10,8,False,28205,16.256,12.599999999999998,11.32,1.433218993355362,1.1236304816097573,alpha_moe_fused_router_candidate10_grid_sync_fence.py,10.623999999999999,0.9474026131481847,0,0,6,6,,undefined: no audited FLOP convention
C12,qwen_prefill_m16384,16384,512,10,8,False,28206,123.624,78.33599999999998,49.864000000000004,2.4802022598295714,1.5709968844465307,alpha_moe_fused_router_candidate10_grid_sync_fence.py,66.264,1.332426315093841,0,0,0,6,,undefined: no audited FLOP convention
C13,tp_m32,32,512,8,16,False,28201,11.696000000000002,8.384,7.288,1.6030923125015029,1.1503855793329478,alpha_moe_fused_router_candidate10_grid_sync_fence.py,7.552,1.0407029094253764,0,0,0,6,,undefined: no audited FLOP convention
C13,batch_m128,128,512,8,16,False,28202,12.04,10.472,9.463999999999999,1.2609234234234235,1.1084322033898304,alpha_moe_fused_router_candidate10_grid_sync_fence.py,9.808,1.0355359596885019,0,0,0,6,,undefined: no audited FLOP convention
C13,qwen_decode_m8,8,512,10,8,False,28203,11.264,6.208,5.152,2.183229813664596,1.2034161490683228,alpha_moe_fused_router_candidate10_grid_sync_fence.py,5.5280000000000005,1.0780194318425202,0,0,0,6,,undefined: no audited FLOP convention
C13,qwen_batch_m128,128,512,10,8,False,28204,14.824000000000002,9.280000000000001,8.088000000000001,1.8399497249098844,1.149005917159763,alpha_moe_fused_router_candidate10_grid_sync_fence.py,8.591999999999999,1.0604524701981028,0,0,0,6,,undefined: no audited FLOP convention
C13,qwen_m512,512,512,10,8,False,28205,16.168,12.616,10.232000000000001,1.5735822846870402,1.2325518779929612,alpha_moe_fused_router_candidate10_grid_sync_fence.py,10.552,1.0293779849353482,0,0,0,6,,undefined: no audited FLOP convention
C13,qwen_prefill_m16384,16384,512,10,8,False,28206,123.624,78.296,62.895999999999994,1.963749712025554,1.2505788484732272,alpha_moe_fused_router_candidate10_grid_sync_fence.py,66.336,1.0546151411381448,0,0,0,6,,undefined: no audited FLOP convention
C14,tp_m32,32,512,8,16,False,28201,11.472,8.384,7.544,1.5240190986459643,1.1133474576271187,alpha_moe_fused_router_candidate10_grid_sync_fence.py,7.552,1.0,0,0,1,6,,undefined: no audited FLOP convention
C14,batch_m128,128,512,8,16,False,28202,12.088,10.488,9.792,1.229300651534258,1.071078431372549,alpha_moe_fused_router_candidate10_grid_sync_fence.py,9.8,1.0008169934640525,0,0,1,6,,undefined: no audited FLOP convention
C14,qwen_decode_m8,8,512,10,8,False,28203,11.296000000000001,6.224,5.5360000000000005,2.0390173410404624,1.125537231384308,alpha_moe_fused_router_candidate10_grid_sync_fence.py,5.5280000000000005,0.9985549132947977,0,0,3,6,,undefined: no audited FLOP convention
C14,qwen_batch_m128,128,512,10,8,False,28204,14.808,9.32,8.599999999999998,1.7207366553847412,1.0896279285929087,alpha_moe_fused_router_candidate10_grid_sync_fence.py,8.552,0.99906191369606,0,0,3,6,,undefined: no audited FLOP convention
C14,qwen_m512,512,512,10,8,False,28205,16.152,12.624,10.64,1.5131271022049795,1.1844879518072289,alpha_moe_fused_router_candidate10_grid_sync_fence.py,10.576,0.9932794084277687,0,0,6,6,,undefined: no audited FLOP convention
C14,qwen_prefill_m16384,16384,512,10,8,False,28206,123.59199999999998,78.392,49.872,2.478349878593073,1.5688446010893944,alpha_moe_fused_router_candidate10_grid_sync_fence.py,66.32000000000001,1.3325324447292535,0,0,0,6,,undefined: no audited FLOP convention
C15,tp_m32,32,512,8,16,False,28201,11.608,8.384,7.304,1.5857930494109103,1.148959652961726,alpha_moe_fused_router_candidate10_grid_sync_fence.py,7.5760000000000005,1.0372399132404313,0,0,0,6,,undefined: no audited FLOP convention
C15,batch_m128,128,512,8,16,False,28202,12.008,10.496,9.472,1.2597314475492443,1.1056286364786239,alpha_moe_fused_router_candidate10_grid_sync_fence.py,9.792,1.0326464524225716,0,0,0,6,,undefined: no audited FLOP convention
C15,qwen_decode_m8,8,512,10,8,False,28203,11.312,6.232,5.16,2.1956637057183914,1.2080765409951484,alpha_moe_fused_router_candidate10_grid_sync_fence.py,5.5360000000000005,1.0760828679725702,0,0,0,6,,undefined: no audited FLOP convention
C15,qwen_batch_m128,128,512,10,8,False,28204,14.832,9.344,8.104,1.8292391050128636,1.1519403664504382,alpha_moe_fused_router_candidate10_grid_sync_fence.py,8.576,1.0575988513364258,0,0,0,6,,undefined: no audited FLOP convention
C15,qwen_m512,512,512,10,8,False,28205,16.296,12.616,10.120000000000001,1.602839116719243,1.2422087878817474,alpha_moe_fused_router_candidate10_grid_sync_fence.py,10.559999999999999,1.0379750638425715,0,0,0,6,,undefined: no audited FLOP convention
C15,qwen_prefill_m16384,16384,512,10,8,False,28206,123.48800000000001,78.352,45.367999999999995,2.7242289731756166,1.7264381753789997,alpha_moe_fused_router_candidate10_grid_sync_fence.py,66.368,1.4643861934239575,0,0,0,6,,undefined: no audited FLOP convention
C16,tp_m32,32,512,8,16,False,28201,11.655999999999999,8.376000000000001,7.296,1.5975978070069972,1.1491228070175439,alpha_moe_fused_router_candidate15_source_composite.py,7.304,1.0021953923269713,0,0,2,6,,undefined: no audited FLOP convention
C16,batch_m128,128,512,8,16,False,28202,12.096,10.512,9.440000000000001,1.2823524758740708,1.1092390444549913,alpha_moe_fused_router_candidate15_source_composite.py,9.456,1.0008333333333332,0,0,2,6,,undefined: no audited FLOP convention
C16,qwen_decode_m8,8,512,10,8,False,28203,11.256,6.232,5.152,2.1847826086956523,1.2096273291925466,alpha_moe_fused_router_candidate15_source_composite.py,5.152,1.0,0,0,2,6,,undefined: no audited FLOP convention
C16,qwen_batch_m128,128,512,10,8,False,28204,14.847999999999999,9.232,8.128,1.8238472776027557,1.141448295294449,alpha_moe_fused_router_candidate15_source_composite.py,8.144,1.0009823182711197,0,0,1,6,,undefined: no audited FLOP convention
C16,qwen_m512,512,512,10,8,False,28205,16.215999999999998,12.64,10.256,1.5896471161564039,1.2395654168099988,alpha_moe_fused_router_candidate15_source_composite.py,10.152000000000001,0.9936858132314306,0,0,6,6,,undefined: no audited FLOP convention
C16,qwen_prefill_m16384,16384,512,10,8,False,28206,123.52,78.22399999999999,44.688,2.7629788757608305,1.7463755404304013,alpha_moe_fused_router_candidate15_source_composite.py,45.264,1.0110628888824378,0,0,0,6,,undefined: no audited FLOP convention
C17,tp_m32,32,512,8,16,False,28201,11.879999999999999,8.368,7.296,1.633475063203861,1.1480263157894737,alpha_moe_fused_router_candidate15_source_composite.py,7.312,1.0043859649122806,0,0,1,6,,undefined: no audited FLOP convention
C17,batch_m128,128,512,8,16,False,28202,12.088000000000001,10.496,9.472,1.2715672240036646,1.1073211314475875,alpha_moe_fused_router_candidate15_source_composite.py,9.48,1.0,0,0,2,6,,undefined: no audited FLOP convention
C17,qwen_decode_m8,8,512,10,8,False,28203,11.271999999999998,6.232,5.152,2.1863354037267078,1.2096273291925466,alpha_moe_fused_router_candidate15_source_composite.py,5.152,1.0,0,0,2,6,,undefined: no audited FLOP convention
C17,qwen_batch_m128,128,512,10,8,False,28204,14.84,9.303999999999998,8.144,1.8287259238346196,1.1480772081038864,alpha_moe_fused_router_candidate15_source_composite.py,8.152,1.001984126984127,0,0,2,6,,undefined: no audited FLOP convention
C17,qwen_m512,512,512,10,8,False,28205,16.215999999999998,12.616,10.24,1.5868933926271538,1.2472609165305186,alpha_moe_fused_router_candidate15_source_composite.py,10.280000000000001,1.0031809280587884,0,0,1,6,,undefined: no audited FLOP convention
C17,qwen_prefill_m16384,16384,512,10,8,False,28206,123.44800000000001,78.408,45.712,2.700210010500525,1.7150857542877143,alpha_moe_fused_router_candidate15_source_composite.py,45.08,0.9882584803759906,0,0,6,6,,undefined: no audited FLOP convention
C18,tp_m32,32,512,8,16,False,28201,9.719999999999999,8.576,7.4799999999999995,1.2983972071231173,1.1454547118358684,alpha_moe_fused_router_candidate15_source_composite.py,7.448,0.9989048289822543,0,0,4,6,,undefined: no audited FLOP convention
C18,batch_m128,128,512,8,16,False,28202,11.488,10.728,9.68,1.18093924146513,1.106043008626986,alpha_moe_fused_router_candidate15_source_composite.py,9.68,0.9991803456661457,0,0,3,6,,undefined: no audited FLOP convention
C18,qwen_decode_m8,8,512,10,8,False,28203,11.712,6.088000000000001,4.976,2.3642200898325845,1.220659851879512,alpha_moe_fused_router_candidate15_source_composite.py,5.016,1.0064413741598206,0,0,1,6,,undefined: no audited FLOP convention
C18,qwen_batch_m128,128,512,10,8,False,28204,13.975999999999999,9.488,8.392,1.6683220564422854,1.1489283074648928,alpha_moe_fused_router_candidate15_source_composite.py,8.392,0.9999981824790984,0,0,3,6,,undefined: no audited FLOP convention
C18,qwen_m512,512,512,10,8,False,28205,16.4,12.536000000000001,10.527999999999999,1.5546840354767184,1.1909882162990901,alpha_moe_fused_router_candidate15_source_composite.py,10.52,1.0,0,0,2,6,,undefined: no audited FLOP convention
C18,qwen_prefill_m16384,16384,512,10,8,False,28206,123.392,76.176,44.4,2.7796405849707764,1.715676288051462,alpha_moe_fused_router_candidate15_source_composite.py,43.96,0.9906464701887174,0,0,6,6,,undefined: no audited FLOP convention
C19,tp_m32,32,512,8,16,False,28201,9.704,8.576,7.4879999999999995,1.301278422061912,1.1462325615301205,alpha_moe_fused_router_candidate15_source_composite.py,7.4639999999999995,0.9988940069822942,0,0,4,6,,undefined: no audited FLOP convention
C19,batch_m128,128,512,8,16,False,28202,11.495999999999999,10.687999999999999,9.688,1.186981609345145,1.1044719471947197,alpha_moe_fused_router_candidate15_source_composite.py,9.64,0.9975247524752475,0,0,3,6,,undefined: no audited FLOP convention
C19,qwen_decode_m8,8,512,10,8,False,28203,11.728000000000002,6.064,4.984,2.3703167786905652,1.225958723277483,alpha_moe_fused_router_candidate15_source_composite.py,5.0,1.0080282793305302,0,0,1,6,,undefined: no audited FLOP convention
C19,qwen_batch_m128,128,512,10,8,False,28204,13.856000000000002,9.48,8.376000000000001,1.6808972584390067,1.1473099640472522,alpha_moe_fused_router_candidate15_source_composite.py,8.335999999999999,0.9980579888306076,0,0,4,6,,undefined: no audited FLOP convention
C19,qwen_m512,512,512,10,8,False,28205,16.304,12.528,10.456,1.5656094134176324,1.2009104704097116,alpha_moe_fused_router_candidate15_source_composite.py,10.56,1.0030327302102373,0,0,2,6,,undefined: no audited FLOP convention
C19,qwen_prefill_m16384,16384,512,10,8,False,28206,123.432,76.12825000000001,43.912,2.810349007298987,1.733654527803541,alpha_moe_fused_router_candidate15_source_composite.py,43.896,1.0001805054151625,0,0,2,6,,undefined: no audited FLOP convention
C20,tp_m32,32,512,8,16,False,28201,9.69625,8.559999999999999,7.4559999999999995,1.301502145922747,1.1462372354595234,alpha_moe_fused_router_candidate15_source_composite.py,7.4559999999999995,0.9968039258293495,0,0,4,6,,undefined: no audited FLOP convention
C20,batch_m128,128,512,8,16,False,28202,11.536,10.696,9.664000000000001,1.19733498349835,1.1063971807628523,alpha_moe_fused_router_candidate15_source_composite.py,9.664000000000001,1.0,0,0,2,6,,undefined: no audited FLOP convention
C20,qwen_decode_m8,8,512,10,8,False,28203,11.751999999999999,6.032,4.984,2.349373330593795,1.2096774193548387,alpha_moe_fused_router_candidate15_source_composite.py,5.0,1.0,0,0,0,6,,undefined: no audited FLOP convention
C20,qwen_batch_m128,128,512,10,8,False,28204,13.864,9.495999999999999,8.432,1.676470588235294,1.1490658464342673,alpha_moe_fused_router_candidate15_source_composite.py,8.384,0.9990196078431373,0,0,3,6,,undefined: no audited FLOP convention
C20,qwen_m512,512,512,10,8,False,28205,16.439999999999998,12.504000000000001,10.248000000000001,1.5962143363459154,1.2228105709876544,alpha_moe_fused_router_candidate15_source_composite.py,10.48,1.02462035143528,0,0,2,6,,undefined: no audited FLOP convention
C20,qwen_prefill_m16384,16384,512,10,8,False,28206,123.45625000000001,76.144,43.976,2.8075475132409613,1.7334223408099614,alpha_moe_fused_router_candidate15_source_composite.py,44.0,0.998725601117463,0,0,4,6,,undefined: no audited FLOP convention
C21,tp_m32,32,512,8,16,False,28201,9.744,8.576,7.48025,1.3022028553910836,1.1443457921209679,alpha_moe_fused_router_candidate15_source_composite.py,7.4799999999999995,0.9989384288747346,0,0,3,6,,undefined: no audited FLOP convention
C21,batch_m128,128,512,8,16,False,28202,11.488,10.672,9.672,1.192534435261708,1.1077887788778877,alpha_moe_fused_router_candidate15_source_composite.py,9.672,1.0,0,0,2,6,,undefined: no audited FLOP convention
C21,qwen_decode_m8,8,512,10,8,False,28203,11.815999999999999,6.032,5.016,2.363601808095336,1.207075131402659,alpha_moe_fused_router_candidate15_source_composite.py,5.0,0.9967896526847367,0,0,6,6,,undefined: no audited FLOP convention
C21,qwen_batch_m128,128,512,10,8,False,28204,13.864,9.432,8.335999999999999,1.6622236958443857,1.147173895243486,alpha_moe_fused_router_candidate15_source_composite.py,8.368,1.0048373139816016,0,0,0,6,,undefined: no audited FLOP convention
C21,qwen_m512,512,512,10,8,False,28205,16.407999999999998,12.496,9.992,1.6261025641025642,1.2474224759615384,alpha_moe_fused_router_candidate15_source_composite.py,10.552,1.0374464563862928,0,0,2,6,,undefined: no audited FLOP convention
C21,qwen_prefill_m16384,16384,512,10,8,False,28206,123.50399999999999,76.11224999999999,43.64,2.829880700339416,1.7440955174412742,alpha_moe_fused_router_candidate15_source_composite.py,43.976,1.006051327922623,0,0,0,6,,undefined: no audited FLOP convention
C22,tp_m32,32,512,8,16,False,28201,11.735999999999999,8.4,7.279999999999999,1.6112404906070488,1.1538468969781281,alpha_moe_fused_router_candidate21_prefix_block_mask.py,7.296,1.004415032552337,0,0,1,6,,undefined: no audited FLOP convention
C22,batch_m128,128,512,8,16,False,28202,12.232,10.512,9.48,1.2933875238207668,1.1106393802946748,alpha_moe_fused_router_candidate21_prefix_block_mask.py,9.48,0.9991735537190083,0,0,3,6,,undefined: no audited FLOP convention
C22,qwen_decode_m8,8,512,10,8,False,28203,11.368,6.24025,5.184,2.191358024691358,1.207490139272295,alpha_moe_fused_router_candidate21_prefix_block_mask.py,5.168,0.9984615384615385,0,0,3,6,,undefined: no audited FLOP convention
C22,qwen_batch_m128,128,512,10,8,False,28204,14.96,9.36,8.176,1.8238587622549018,1.1530092773056835,alpha_moe_fused_router_candidate21_prefix_block_mask.py,8.144,1.002970297029703,0,0,2,6,,undefined: no audited FLOP convention
C22,qwen_m512,512,512,10,8,False,28205,16.28,12.808,9.84,1.659566585166202,1.3073568920291083,alpha_moe_fused_router_candidate21_prefix_block_mask.py,10.0,1.0231259797443706,0,0,2,6,,undefined: no audited FLOP convention
C22,qwen_prefill_m16384,16384,512,10,8,False,28206,124.15225,78.08825,44.512,2.7909841411576655,1.7582934152062704,alpha_moe_fused_router_candidate21_prefix_block_mask.py,44.488,0.9994611425019345,0,0,3,6,,undefined: no audited FLOP convention
C23,tp_m32,32,512,8,16,False,28201,11.856,8.408000000000001,7.304,1.6232316979538561,1.1497281492169358,alpha_moe_fused_router_candidate21_prefix_block_mask.py,7.304,0.9989035087719298,0,0,3,6,,undefined: no audited FLOP convention
C23,batch_m128,128,512,8,16,False,28202,12.216000000000001,10.512,9.512,1.2871353539028219,1.1098839206431124,alpha_moe_fused_router_candidate21_prefix_block_mask.py,9.456,0.9974411203123602,0,0,4,6,,undefined: no audited FLOP convention
C23,qwen_decode_m8,8,512,10,8,False,28203,11.32,6.24,5.184,2.1805555555555554,1.2037037037037037,alpha_moe_fused_router_candidate21_prefix_block_mask.py,5.176,1.0000143334925944,0,0,3,6,,undefined: no audited FLOP convention
C23,qwen_batch_m128,128,512,10,8,False,28204,14.968,9.4,8.176,1.8220186253732036,1.1514542458397596,alpha_moe_fused_router_candidate21_prefix_block_mask.py,8.16,0.9990176817288802,0,0,3,6,,undefined: no audited FLOP convention
C23,qwen_m512,512,512,10,8,False,28205,16.32825,12.824,10.064,1.6314556943574188,1.2844334069257086,alpha_moe_fused_router_candidate21_prefix_block_mask.py,10.024000000000001,0.9944507053591194,0,0,5,6,,undefined: no audited FLOP convention
C23,qwen_prefill_m16384,16384,512,10,8,False,28206,124.19250000000001,78.08000000000001,44.560249999999996,2.78582505939587,1.7574783464820274,alpha_moe_fused_router_candidate21_prefix_block_mask.py,44.536249999999995,1.0005418672830988,0,0,2,6,,undefined: no audited FLOP convention
C24,tp_m32,32,512,8,16,False,28201,11.824,8.416,7.26425,1.6269057651790846,1.156387665198238,alpha_moe_fused_router_candidate21_prefix_block_mask.py,7.30425,1.002202643171806,0,0,2,6,,undefined: no audited FLOP convention
C24,batch_m128,128,512,8,16,False,28202,12.208,10.512,9.45625,1.2805088251516823,1.1099539952934239,alpha_moe_fused_router_candidate21_prefix_block_mask.py,9.472,1.0016809049201076,0,0,2,6,,undefined: no audited FLOP convention
C24,qwen_decode_m8,8,512,10,8,False,28203,11.344000000000001,6.232,5.176,2.1938498439993843,1.2052441057394616,alpha_moe_fused_router_candidate21_prefix_block_mask.py,5.184,0.9984615384615385,0,0,3,6,,undefined: no audited FLOP convention
C24,qwen_batch_m128,128,512,10,8,False,28204,15.047999999999998,9.352,8.128,1.8464566929133857,1.1508901061280383,alpha_moe_fused_router_candidate21_prefix_block_mask.py,8.176,1.0019439448667766,0,0,2,6,,undefined: no audited FLOP convention
C24,qwen_m512,512,512,10,8,False,28205,16.256,12.768,10.128,1.612672223038012,1.2816027059460935,alpha_moe_fused_router_candidate21_prefix_block_mask.py,10.0,0.9873617378109651,0,0,6,6,,undefined: no audited FLOP convention
C24,qwen_prefill_m16384,16384,512,10,8,False,28206,124.20025000000001,78.0,44.232,2.806843476748437,1.766053889581193,alpha_moe_fused_router_candidate21_prefix_block_mask.py,44.520250000000004,1.005786263019745,0,0,0,6,,undefined: no audited FLOP convention
C25,tp_m32,32,512,8,16,False,28201,11.927999999999999,8.424,7.296,1.6388219473871928,1.1553610503282274,alpha_moe_fused_router_candidate21_prefix_block_mask.py,7.304,1.0022002865939854,0,0,2,6,,undefined: no audited FLOP convention
C25,batch_m128,128,512,8,16,False,28202,12.23225,10.527999999999999,9.448,1.296735290902838,1.1163034705407586,alpha_moe_fused_router_candidate21_prefix_block_mask.py,9.464,1.0041801828953942,0,0,2,6,,undefined: no audited FLOP convention
C25,qwen_decode_m8,8,512,10,8,False,28203,11.335999999999999,6.24,5.168000000000001,2.1922533315385646,1.2067920933555607,alpha_moe_fused_router_candidate21_prefix_block_mask.py,5.168000000000001,1.0000095260776374,0,0,3,6,,undefined: no audited FLOP convention
C25,qwen_batch_m128,128,512,10,8,False,28204,14.952000000000002,9.392000000000001,8.16,1.833446117408222,1.1619803408366103,alpha_moe_fused_router_candidate21_prefix_block_mask.py,8.128,1.003875968992248,0,0,2,6,,undefined: no audited FLOP convention
C25,qwen_m512,512,512,10,8,False,28205,16.183999999999997,12.8,10.159999999999998,1.5908755509334918,1.2557530770576912,alpha_moe_fused_router_candidate21_prefix_block_mask.py,10.048,0.9833703881744982,0,0,6,6,,undefined: no audited FLOP convention
C25,qwen_prefill_m16384,16384,512,10,8,False,28206,124.16825,78.07275000000001,45.32,2.741891752012867,1.725477205110272,alpha_moe_fused_router_candidate21_prefix_block_mask.py,44.512,0.9800920881816813,0,0,6,6,,undefined: no audited FLOP convention
C27,tp_m32,32,512,8,16,False,28201,11.888000000000002,8.408000000000001,7.272,1.6348095530570754,1.156220651595101,alpha_moe_fused_router_candidate22_medium_prefix_block_mask.py,7.288250000000001,1.004381292409279,0,0,1,6,,undefined: no audited FLOP convention
C27,batch_m128,128,512,8,16,False,28202,12.208,10.527999999999999,9.45625,1.2782106989726914,1.1108278016174742,alpha_moe_fused_router_candidate22_medium_prefix_block_mask.py,9.488,1.0016737819909463,0,0,0,6,,undefined: no audited FLOP convention
C27,qwen_decode_m8,8,512,10,8,False,28203,11.36,6.24,5.184,2.192901234567901,1.2052951388888888,alpha_moe_fused_router_candidate22_medium_prefix_block_mask.py,5.176,0.9984567901234569,0,0,3,6,,undefined: no audited FLOP convention
C27,qwen_batch_m128,128,512,10,8,False,28204,15.04,9.4,8.152,1.8371515632463753,1.1476973255055447,alpha_moe_fused_router_candidate22_medium_prefix_block_mask.py,8.16,1.000984251968504,0,0,2,6,,undefined: no audited FLOP convention
C27,qwen_m512,512,512,10,8,False,28205,16.296,12.792000000000002,9.75225,1.6581510983231313,1.306893070586335,alpha_moe_fused_router_candidate22_medium_prefix_block_mask.py,9.792,0.9968038975614734,0,0,4,6,,undefined: no audited FLOP convention
C27,qwen_prefill_m16384,16384,512,10,8,False,28206,124.20075,77.96000000000001,44.33624999999999,2.8022338934748947,1.7632589074936025,alpha_moe_fused_router_candidate22_medium_prefix_block_mask.py,44.512499999999996,1.0039760878833994,0,0,0,6,,undefined: no audited FLOP convention
C28,tp_m32,32,512,8,16,False,28201,11.84,8.416,7.296,1.628173289183223,1.1542748793380833,alpha_moe_fused_router_candidate27_medium_encoded_count_ticket.py,7.3125,1.0044690186766585,0,0,1,6,,undefined: no audited FLOP convention
C28,batch_m128,128,512,8,16,False,28202,12.232,10.535999999999998,9.504,1.2808324181576478,1.1132432432432433,alpha_moe_fused_router_candidate27_medium_encoded_count_ticket.py,9.488,1.0008517887563884,0,0,2,6,,undefined: no audited FLOP convention
C28,qwen_decode_m8,8,512,10,8,False,28203,11.335999999999999,6.24,5.184,2.1882716049382713,1.2105283337167396,alpha_moe_fused_router_candidate27_medium_encoded_count_ticket.py,5.176,1.0,0,0,2,6,,undefined: no audited FLOP convention
C28,qwen_batch_m128,128,512,10,8,False,28204,14.8,9.352,8.136000000000001,1.8251678876678876,1.1498949579831934,alpha_moe_fused_router_candidate27_medium_encoded_count_ticket.py,8.128,1.0009900912910945,0,0,3,6,,undefined: no audited FLOP convention
C28,qwen_m512,512,512,10,8,False,28205,16.352,12.752,9.776,1.678400662171827,1.3094789307229713,alpha_moe_fused_router_candidate27_medium_encoded_count_ticket.py,9.744,0.9958582055035057,0,0,4,6,,undefined: no audited FLOP convention
C28,qwen_prefill_m16384,16384,512,10,8,False,28206,124.14425,77.976,42.576,2.9158311281089215,1.8314585748276493,alpha_moe_fused_router_candidate27_medium_encoded_count_ticket.py,44.3525,1.0338269455968383,0,0,0,6,,undefined: no audited FLOP convention
C29,tp_m32,32,512,8,16,False,28201,11.808,8.416,7.272,1.623764341385487,1.1560398794342686,alpha_moe_fused_router_candidate27_medium_encoded_count_ticket.py,7.312,1.0032823072124382,0,0,1,6,,undefined: no audited FLOP convention
C29,batch_m128,128,512,8,16,False,28202,12.120250000000002,10.504000000000001,9.472,1.281757472514888,1.1088713298015622,alpha_moe_fused_router_candidate27_medium_encoded_count_ticket.py,9.463999999999999,0.9991554054054055,0,0,3,6,,undefined: no audited FLOP convention
C29,qwen_decode_m8,8,512,10,8,False,28203,11.376000000000001,6.247999999999999,5.184,2.192949459876543,1.2046125880481708,alpha_moe_fused_router_candidate27_medium_encoded_count_ticket.py,5.184,0.9969325153374233,0,0,3,6,,undefined: no audited FLOP convention
C29,qwen_batch_m128,128,512,10,8,False,28204,14.975999999999999,9.368,8.136,1.8372002163851657,1.1511690809641162,alpha_moe_fused_router_candidate27_medium_encoded_count_ticket.py,8.16,1.0,0,0,2,6,,undefined: no audited FLOP convention
C29,qwen_m512,512,512,10,8,False,28205,16.343999999999998,12.824,10.559999999999999,1.5444183332718349,1.2121209395845882,alpha_moe_fused_router_candidate27_medium_encoded_count_ticket.py,9.95225,0.9413947659584074,0,0,6,6,,undefined: no audited FLOP convention
C29,qwen_prefill_m16384,16384,512,10,8,False,28206,124.12049999999999,77.78399999999999,44.4,2.7961614995285293,1.7517112898902738,alpha_moe_fused_router_candidate27_medium_encoded_count_ticket.py,44.392250000000004,1.000899798473121,0,0,2,6,,undefined: no audited FLOP convention
C30,tp_m32,32,512,8,16,False,28201,11.712,8.416,7.26425,1.6068281938325994,1.1563822074823467,alpha_moe_fused_router_candidate28_uniform_removal_tree.py,7.328,1.002212389380531,0,0,2,6,,undefined: no audited FLOP convention
C30,batch_m128,128,512,8,16,False,28202,12.184000000000001,10.512,9.448,1.286807994066451,1.1109237431529437,alpha_moe_fused_router_candidate28_uniform_removal_tree.py,9.472,1.001675211085015,0,0,2,6,,undefined: no audited FLOP convention
C30,qwen_decode_m8,8,512,10,8,False,28203,11.36,6.247999999999999,5.184,2.189814814814815,1.2042407672842455,alpha_moe_fused_router_candidate28_uniform_removal_tree.py,5.176,0.9968801059380771,0,0,4,6,,undefined: no audited FLOP convention
C30,qwen_batch_m128,128,512,10,8,False,28204,14.872,9.344000000000001,8.16,1.8212254549808429,1.1521541651099243,alpha_moe_fused_router_candidate28_uniform_removal_tree.py,8.152,1.0010281040395763,0,0,3,6,,undefined: no audited FLOP convention
C30,qwen_m512,512,512,10,8,False,28205,16.4,12.872,9.728000000000002,1.6746754899033767,1.313030615568342,alpha_moe_fused_router_candidate28_uniform_removal_tree.py,9.639999999999999,0.9966887417218542,0,0,3,6,,undefined: no audited FLOP convention
C30,qwen_prefill_m16384,16384,512,10,8,False,28206,124.1685,78.08,44.416250000000005,2.7950153446299035,1.758425669063982,alpha_moe_fused_router_candidate28_uniform_removal_tree.py,42.544,0.9587106284352203,0,0,6,6,,undefined: no audited FLOP convention
C31,tp_m32,32,512,8,16,False,28201,11.719999999999999,8.408000000000001,7.304,1.6116619063755626,1.1500599836844376,alpha_moe_fused_router_candidate28_uniform_removal_tree.py,7.32,1.0010917030567685,0,0,2,6,,undefined: no audited FLOP convention
C31,batch_m128,128,512,8,16,False,28202,12.351999999999999,10.527999999999999,9.472249999999999,1.2995674419682692,1.1072569483662997,alpha_moe_fused_router_candidate28_uniform_removal_tree.py,9.52,1.0025114697041608,0,0,0,6,,undefined: no audited FLOP convention
C31,qwen_decode_m8,8,512,10,8,False,28203,11.384,6.256,5.184,2.187404436054743,1.2037037037037037,alpha_moe_fused_router_candidate28_uniform_removal_tree.py,5.184,0.9953940537989618,0,0,4,6,,undefined: no audited FLOP convention
C31,qwen_batch_m128,128,512,10,8,False,28204,14.896,9.368,8.112,1.8195239799570508,1.1585532991080219,alpha_moe_fused_router_candidate28_uniform_removal_tree.py,8.152000000000001,1.0019439448667766,0,0,0,6,,undefined: no audited FLOP convention
C31,qwen_m512,512,512,10,8,False,28205,16.304,12.888000000000002,9.928,1.6398234869381372,1.286834951951914,alpha_moe_fused_router_candidate28_uniform_removal_tree.py,9.728000000000002,0.9772633988475807,0,0,4,6,,undefined: no audited FLOP convention
C31,qwen_prefill_m16384,16384,512,10,8,False,28206,124.16,77.78399999999999,43.064499999999995,2.883873361226602,1.806223713917933,alpha_moe_fused_router_candidate28_uniform_removal_tree.py,43.0965,1.0005837032011322,0,0,1,6,,undefined: no audited FLOP convention
C32,tp_m32,32,512,8,16,False,28201,11.856,8.416,7.2802500000000006,1.6250408787488217,1.1541453019830006,alpha_moe_fused_router_candidate28_uniform_removal_tree.py,7.296,0.998917915472366,0,0,3,6,,undefined: no audited FLOP convention
C32,batch_m128,128,512,8,16,False,28202,12.288,10.512,9.456,1.2969623224919835,1.108297068254695,alpha_moe_fused_router_candidate28_uniform_removal_tree.py,9.432,0.9974633531836922,0,0,5,6,,undefined: no audited FLOP convention
C32,qwen_decode_m8,8,512,10,8,False,28203,11.36,6.24,5.184,2.191358024691358,1.2052469135802468,alpha_moe_fused_router_candidate28_uniform_removal_tree.py,5.176,0.9984567901234569,0,0,3,6,,undefined: no audited FLOP convention
C32,qwen_batch_m128,128,512,10,8,False,28204,14.928,9.376,8.176,1.8349995368083003,1.1501938712634696,alpha_moe_fused_router_candidate28_uniform_removal_tree.py,8.144,0.9990118577075099,0,0,3,6,,undefined: no audited FLOP convention
C32,qwen_m512,512,512,10,8,False,28205,16.296,12.808,9.88025,1.641929282169858,1.3036128887907221,alpha_moe_fused_router_candidate28_uniform_removal_tree.py,9.712,0.9853412564321224,0,0,4,6,,undefined: no audited FLOP convention
C32,qwen_prefill_m16384,16384,512,10,8,False,28206,124.2965,77.92824999999999,43.168000000000006,2.877873392680514,1.8052321855423672,alpha_moe_fused_router_candidate28_uniform_removal_tree.py,43.04,0.9999930257055754,0,0,3,6,,undefined: no audited FLOP convention
C33,tp_m32,32,512,8,16,False,28201,11.96,8.40825,7.272,1.6337841217321047,1.1541850220264318,alpha_moe_fused_router_candidate28_uniform_removal_tree.py,7.279999999999999,1.000038141007304,0,0,3,6,,undefined: no audited FLOP convention
C33,batch_m128,128,512,8,16,False,28202,12.376,10.496,9.463999999999999,1.2929737015687284,1.1065103809393149,alpha_moe_fused_router_candidate28_uniform_removal_tree.py,9.495999999999999,0.9983471074380164,0,0,3,6,,undefined: no audited FLOP convention
C33,qwen_decode_m8,8,512,10,8,False,28203,11.352,6.24,5.176,2.1892562296447777,1.2055670221304895,alpha_moe_fused_router_candidate28_uniform_removal_tree.py,5.16,0.9938460955843369,0,0,4,6,,undefined: no audited FLOP convention
C33,qwen_batch_m128,128,512,10,8,False,28204,14.992,9.36,8.16,1.8176470588235296,1.1512849851703528,alpha_moe_fused_router_candidate28_uniform_removal_tree.py,8.152000000000001,1.0029245268815585,0,0,2,6,,undefined: no audited FLOP convention
C33,qwen_m512,512,512,10,8,False,28205,16.311999999999998,12.768,10.2,1.5965658432447778,1.2656007623099765,alpha_moe_fused_router_candidate28_uniform_removal_tree.py,9.783999999999999,0.9519021008277802,0,0,5,6,,undefined: no audited FLOP convention
C33,qwen_prefill_m16384,16384,512,10,8,False,28206,124.1765,77.76024999999998,43.320249999999994,2.867955083338517,1.7950050027642985,alpha_moe_fused_router_candidate28_uniform_removal_tree.py,43.07225,0.9981442719348594,0,0,5,6,,undefined: no audited FLOP convention
C34,tp_m32,32,512,8,16,False,28201,11.872,8.416,7.288,1.6307692307692307,1.1547763639868904,alpha_moe_fused_router_candidate28_uniform_removal_tree.py,7.304,1.0021953923269713,0,0,2,6,,undefined: no audited FLOP convention
C34,batch_m128,128,512,8,16,False,28202,12.320249999999998,10.512,9.456,1.3045308980855856,1.1126271186440677,alpha_moe_fused_router_candidate28_uniform_removal_tree.py,9.432,1.000021152739703,0,0,3,6,,undefined: no audited FLOP convention
C34,qwen_decode_m8,8,512,10,8,False,28203,11.335999999999999,6.24,5.176,2.1795665634674917,1.2043013290040019,alpha_moe_fused_router_candidate28_uniform_removal_tree.py,5.176,0.9969088025073578,0,0,4,6,,undefined: no audited FLOP convention
C34,qwen_batch_m128,128,512,10,8,False,28204,14.896,9.352,8.168,1.8153743557966964,1.154661305710781,alpha_moe_fused_router_candidate28_uniform_removal_tree.py,8.144,1.0019439448667766,0,0,2,6,,undefined: no audited FLOP convention
C34,qwen_m512,512,512,10,8,False,28205,16.368,12.808,9.768,1.6740414799710228,1.3151843581504274,alpha_moe_fused_router_candidate28_uniform_removal_tree.py,9.712,0.9959455622127162,0,0,4,6,,undefined: no audited FLOP convention
C34,qwen_prefill_m16384,16384,512,10,8,False,28206,124.20825,78.024,42.8,2.9011354720122355,1.8258680518294825,alpha_moe_fused_router_candidate28_uniform_removal_tree.py,42.792,0.9956859950901265,0,0,4,6,,undefined: no audited FLOP convention
C35,tp_m32,32,512,8,16,False,28201,11.808,8.440000000000001,7.288,1.6291323924993177,1.1569693464430308,alpha_moe_fused_router_candidate28_uniform_removal_tree.py,7.288,1.0022002226848041,0,0,1,6,,undefined: no audited FLOP convention
C35,batch_m128,128,512,8,16,False,28202,12.336,10.496,9.464,1.2932960814016634,1.1106403013182673,alpha_moe_fused_router_candidate28_uniform_removal_tree.py,9.456,0.9983276422832437,0,0,4,6,,undefined: no audited FLOP convention
C35,qwen_decode_m8,8,512,10,8,False,28203,11.352249999999998,6.24,5.192,2.1810260463715743,1.2037037037037037,alpha_moe_fused_router_candidate28_uniform_removal_tree.py,5.184,0.9953751187084521,0,0,5,6,,undefined: no audited FLOP convention
C35,qwen_batch_m128,128,512,10,8,False,28204,14.952000000000002,9.4,8.16,1.8320248571869693,1.149883421673279,alpha_moe_fused_router_candidate28_uniform_removal_tree.py,8.152249999999999,0.9971040455282725,0,0,4,6,,undefined: no audited FLOP convention
C35,qwen_m512,512,512,10,8,False,28205,16.336,12.864,10.344000000000001,1.5849505850821988,1.2562109646079112,alpha_moe_fused_router_candidate28_uniform_removal_tree.py,9.76025,0.9412077605857168,0,0,5,6,,undefined: no audited FLOP convention
C35,qwen_prefill_m16384,16384,512,10,8,False,28206,124.23225000000001,77.82425,42.656000000000006,2.9139219002702053,1.8241930824220742,alpha_moe_fused_router_candidate28_uniform_removal_tree.py,43.24025,1.0140710801611794,0,0,2,6,,undefined: no audited FLOP convention
C36,tp_m32,32,512,8,16,False,28201,11.8,8.416,7.304,1.6214442013129098,1.1551141534826979,alpha_moe_fused_router_candidate28_uniform_removal_tree.py,7.304,1.00109409190372,0,0,2,6,,undefined: no audited FLOP convention
C36,batch_m128,128,512,8,16,False,28202,12.28,10.527999999999999,9.472,1.2922297297297298,1.1113910837748047,alpha_moe_fused_router_candidate28_uniform_removal_tree.py,9.463999999999999,0.9974997762663325,0,0,4,6,,undefined: no audited FLOP convention
C36,qwen_decode_m8,8,512,10,8,False,28203,11.344,6.256,5.168,2.192010414270378,1.2105283337167396,alpha_moe_fused_router_candidate28_uniform_removal_tree.py,5.168,1.0,0,0,2,6,,undefined: no audited FLOP convention
C36,qwen_batch_m128,128,512,10,8,False,28204,14.85625,9.376,8.184,1.804500214041096,1.143671917436176,alpha_moe_fused_router_candidate28_uniform_removal_tree.py,8.16,1.0009596928982725,0,0,2,6,,undefined: no audited FLOP convention
C36,qwen_m512,512,512,10,8,False,28205,16.304000000000002,12.808,9.816,1.6626458006748677,1.3097861020336512,alpha_moe_fused_router_candidate28_uniform_removal_tree.py,9.632,0.9736503291494718,0,0,5,6,,undefined: no audited FLOP convention
C36,qwen_prefill_m16384,16384,512,10,8,False,28206,124.2165,77.976,42.71249999999999,2.909499229080736,1.837356250952015,alpha_moe_fused_router_candidate28_uniform_removal_tree.py,42.664,1.0056133309904003,0,0,2,6,,undefined: no audited FLOP convention
C37,tp_m32,32,512,8,16,False,28201,11.896,8.424,7.312000000000001,1.63048308365595,1.1508539679942285,alpha_moe_fused_router_candidate28_uniform_removal_tree.py,7.296,0.9967176927875617,0,0,6,6,,undefined: no audited FLOP convention
C37,batch_m128,128,512,8,16,False,28202,12.296,10.527999999999999,9.496,1.2906611969111967,1.107034186504385,alpha_moe_fused_router_candidate28_uniform_removal_tree.py,9.464,1.0008704637998926,0,0,1,6,,undefined: no audited FLOP convention
C37,qwen_decode_m8,8,512,10,8,False,28203,11.352,6.247999999999999,5.176,2.1968924869719055,1.208653441883576,alpha_moe_fused_router_candidate28_uniform_removal_tree.py,5.176,1.0000047483380816,0,0,3,6,,undefined: no audited FLOP convention
C37,qwen_batch_m128,128,512,10,8,False,28204,14.928,9.424,8.144,1.8274651068250596,1.1487866433702194,alpha_moe_fused_router_candidate28_uniform_removal_tree.py,8.144,1.000990099009901,0,0,2,6,,undefined: no audited FLOP convention
C37,qwen_m512,512,512,10,8,False,28205,16.28,12.76,9.847999999999999,1.6579793356099015,1.3068274811297393,alpha_moe_fused_router_candidate28_uniform_removal_tree.py,9.8,0.9918738781543661,0,0,4,6,,undefined: no audited FLOP convention
C37,qwen_prefill_m16384,16384,512,10,8,False,28206,124.08050000000001,78.048,43.111999999999995,2.87774701662755,1.8068615844655274,alpha_moe_fused_router_candidate28_uniform_removal_tree.py,42.696,0.9933449754952375,0,0,6,6,,undefined: no audited FLOP convention
C38,tp_m32,32,512,8,16,False,28201,11.927999999999999,8.4,7.296,1.6304448195761012,1.1524122807017543,alpha_moe_fused_router_candidate28_uniform_removal_tree.py,7.328,1.0032894736842106,0,0,2,6,,undefined: no audited FLOP convention
C38,batch_m128,128,512,8,16,False,28202,12.168,10.52,9.48,1.2846568024639822,1.107034186504385,alpha_moe_fused_router_candidate28_uniform_removal_tree.py,9.488,1.0,0,0,2,6,,undefined: no audited FLOP convention
C38,qwen_decode_m8,8,512,10,8,False,28203,11.352,6.24,5.184,2.191358024691358,1.2074303405572753,alpha_moe_fused_router_candidate28_uniform_removal_tree.py,5.184,1.0000047483380816,0,0,3,6,,undefined: no audited FLOP convention
C38,qwen_batch_m128,128,512,10,8,False,28204,14.928,9.32825,8.144,1.8222093561834183,1.1512227963692037,alpha_moe_fused_router_candidate28_uniform_removal_tree.py,8.112,1.0009633911368017,0,0,2,6,,undefined: no audited FLOP convention
C38,qwen_m512,512,512,10,8,False,28205,16.384,12.808,10.216,1.6027256420889393,1.2602808166078043,alpha_moe_fused_router_candidate28_uniform_removal_tree.py,9.664000000000001,0.955780688087329,0,0,5,6,,undefined: no audited FLOP convention
C38,qwen_prefill_m16384,16384,512,10,8,False,28206,124.16024999999999,77.81649999999999,43.12825,2.8810895902022517,1.8043046520784847,alpha_moe_fused_router_candidate28_uniform_removal_tree.py,43.239999999999995,1.0007295007105441,0,0,3,6,,undefined: no audited FLOP convention
C39,tp_m32,32,512,8,16,False,28201,11.872,8.416,7.296,1.6289811066126854,1.1524122807017543,alpha_moe_fused_router_candidate28_uniform_removal_tree.py,7.296,1.0,0,0,2,6,,undefined: no audited FLOP convention
C39,batch_m128,128,512,8,16,False,28202,12.32,10.52,9.463999999999999,1.2814186259901845,1.1082913421896472,alpha_moe_fused_router_candidate28_uniform_removal_tree.py,9.472,0.9991539763113368,0,0,3,6,,undefined: no audited FLOP convention
C39,qwen_decode_m8,8,512,10,8,False,28203,11.36,6.24025,5.184,2.1944444444444446,1.2037519290123457,alpha_moe_fused_router_candidate28_uniform_removal_tree.py,5.184,1.0,0,0,2,6,,undefined: no audited FLOP convention
C39,qwen_batch_m128,128,512,10,8,False,28204,14.968,9.38425,8.176,1.821901807598039,1.1485651052568062,alpha_moe_fused_router_candidate28_uniform_removal_tree.py,8.128,0.997047152194211,0,0,5,6,,undefined: no audited FLOP convention
C39,qwen_m512,512,512,10,8,False,28205,16.32,12.808,9.75225,1.6661656110556766,1.3123838873953622,alpha_moe_fused_router_candidate28_uniform_removal_tree.py,9.64,0.9950385767053529,0,0,5,6,,undefined: no audited FLOP convention
C39,qwen_prefill_m16384,16384,512,10,8,False,28206,124.13625,77.736,43.06425,2.8829564654762603,1.805122093616149,alpha_moe_fused_router_candidate28_uniform_removal_tree.py,43.032,0.9992456245751156,0,0,5,6,,undefined: no audited FLOP convention
C40,tp_m32,32,512,8,16,False,28201,9.616,8.552,7.536,1.2751399776035834,1.134822394518572,alpha_moe_fused_router_candidate28_uniform_removal_tree.py,7.5120000000000005,1.0,0,0,2,6,,undefined: no audited FLOP convention
C40,batch_m128,128,512,8,16,False,28202,11.424,10.704,9.696,1.1792890764486286,1.1047854785478548,alpha_moe_fused_router_candidate28_uniform_removal_tree.py,9.696,1.0,0,0,1,6,,undefined: no audited FLOP convention
C40,qwen_decode_m8,8,512,10,8,False,28203,11.744,5.984,4.96,2.3676388745748738,1.2091047599033309,alpha_moe_fused_router_candidate28_uniform_removal_tree.py,4.96,1.0016444257644217,0,0,3,6,,undefined: no audited FLOP convention
C40,qwen_batch_m128,128,512,10,8,False,28204,13.752,9.536000000000001,8.4,1.6574705775846459,1.1379630635524172,alpha_moe_fused_router_candidate28_uniform_removal_tree.py,8.416,1.0,0,0,2,6,,undefined: no audited FLOP convention
C40,qwen_m512,512,512,10,8,False,28205,16.504,12.599999999999998,9.848,1.6801774877650897,1.2798373940956689,alpha_moe_fused_router_candidate28_uniform_removal_tree.py,9.904,1.001650812330424,0,0,2,6,,undefined: no audited FLOP convention
C40,qwen_prefill_m16384,16384,512,10,8,False,28206,122.864,76.696,41.336,2.972524560817877,1.8554353226302323,alpha_moe_fused_router_candidate28_uniform_removal_tree.py,40.992000000000004,0.9909008936633001,0,0,6,6,,undefined: no audited FLOP convention
C41,tp_m32,32,512,8,16,False,28201,9.600000000000001,8.576,7.544,1.273595217532117,1.1367987333117422,alpha_moe_fused_router_candidate28_uniform_removal_tree.py,7.4879999999999995,0.9989406779661016,0,0,3,6,,undefined: no audited FLOP convention
C41,batch_m128,128,512,8,16,False,28202,11.616,10.728,9.712,1.1937634814495255,1.10696565305404,alpha_moe_fused_router_candidate28_uniform_removal_tree.py,9.696,1.0,0,0,2,6,,undefined: no audited FLOP convention
C41,qwen_decode_m8,8,512,10,8,False,28203,11.672,6.0,4.928,2.3707273996361944,1.219869706840391,alpha_moe_fused_router_candidate28_uniform_removal_tree.py,4.928,0.9983870967741937,0,0,3,6,,undefined: no audited FLOP convention
C41,qwen_batch_m128,128,512,10,8,False,28204,13.888,9.472000000000001,8.352,1.6565829609898608,1.1341829085457271,alpha_moe_fused_router_candidate28_uniform_removal_tree.py,8.408000000000001,1.00286267850923,0,0,2,6,,undefined: no audited FLOP convention
C41,qwen_m512,512,512,10,8,False,28205,16.464,12.616,9.872,1.680185626167048,1.277957277350481,alpha_moe_fused_router_candidate28_uniform_removal_tree.py,9.943999999999999,1.0096945124119037,0,0,0,6,,undefined: no audited FLOP convention
C41,qwen_prefill_m16384,16384,512,10,8,False,28206,122.872,76.768,40.968,2.9972714074138924,1.873852491047348,alpha_moe_fused_router_candidate28_uniform_removal_tree.py,40.992000000000004,1.0007824729724872,0,0,2,6,,undefined: no audited FLOP convention
C43,tp_m32,32,512,8,16,False,28201,9.776,8.576,7.528,1.2986316902171948,1.138298498408775,alpha_moe_fused_router_candidate28_uniform_removal_tree.py,7.52,1.0010593220338984,0,0,2,6,,undefined: no audited FLOP convention
C43,batch_m128,128,512,8,16,False,28202,11.624,10.72,9.696000000000002,1.195878132315963,1.106440017972143,alpha_moe_fused_router_candidate28_uniform_removal_tree.py,9.704,1.0008333333333335,0,0,2,6,,undefined: no audited FLOP convention
C43,qwen_decode_m8,8,512,10,8,False,28203,11.8,6.072,4.968,2.371973861632611,1.2161172161172162,alpha_moe_fused_router_candidate28_uniform_removal_tree.py,4.976,1.0016180894098123,0,0,3,6,,undefined: no audited FLOP convention
C43,qwen_batch_m128,128,512,10,8,False,28204,13.976,9.552,8.464,1.661610205831904,1.1514082309271085,alpha_moe_fused_router_candidate28_uniform_removal_tree.py,8.448,0.9990215264187867,0,0,3,6,,undefined: no audited FLOP convention
C43,qwen_m512,512,512,10,8,False,28205,16.432000000000002,12.808,9.591999999999999,1.7136890776678735,1.331130112020657,alpha_moe_fused_router_candidate28_uniform_removal_tree.py,9.824,1.033239630495713,0,0,2,6,,undefined: no audited FLOP convention
C43,qwen_prefill_m16384,16384,512,10,8,False,28206,124.112,76.672,40.879999999999995,3.035029589352,1.877374159165552,alpha_moe_fused_router_candidate28_uniform_removal_tree.py,40.84,0.999607381232823,0,0,3,6,,undefined: no audited FLOP convention
C44,tp_m32,32,512,8,16,False,28201,11.680250000000001,8.416,7.328,1.5921924055751115,1.148471615720524,alpha_moe_fused_router_candidate28_uniform_removal_tree.py,7.328,1.0032751091703056,0,0,2,6,,undefined: no audited FLOP convention
C44,batch_m128,128,512,8,16,False,28202,12.416,10.527999999999999,9.528,1.2902331793644608,1.1074857485748575,alpha_moe_fused_router_candidate28_uniform_removal_tree.py,9.52,1.0,0,0,2,6,,undefined: no audited FLOP convention
C44,qwen_decode_m8,8,512,10,8,False,28203,11.44825,6.295999999999999,5.24,2.181677481912434,1.2003123597186893,alpha_moe_fused_router_candidate28_uniform_removal_tree.py,5.224,0.9969418674248092,0,0,4,6,,undefined: no audited FLOP convention
C44,qwen_batch_m128,128,512,10,8,False,28204,14.584,9.44,8.20825,1.769476774679585,1.1493302046514389,alpha_moe_fused_router_candidate28_uniform_removal_tree.py,8.184,0.9932649181691269,0,0,5,6,,undefined: no audited FLOP convention
C44,qwen_m512,512,512,10,8,False,28205,16.600250000000003,13.112,10.032,1.6592159866065863,1.3074391457118941,alpha_moe_fused_router_candidate28_uniform_removal_tree.py,9.936,0.9824103289449825,0,0,4,6,,undefined: no audited FLOP convention
C44,qwen_prefill_m16384,16384,512,10,8,False,28206,124.55225000000002,78.45599999999999,44.040000000000006,2.8281001902882803,1.7814712834413196,alpha_moe_fused_router_candidate28_uniform_removal_tree.py,43.416250000000005,0.9867757017771339,0,0,6,6,,undefined: no audited FLOP convention
C45,tp_m32,32,512,8,16,False,28201,11.856000000000002,8.408000000000001,7.343999999999999,1.6163785689714483,1.1468977929335986,alpha_moe_fused_router_candidate28_uniform_removal_tree.py,7.328,0.9989130434782608,0,0,3,6,,undefined: no audited FLOP convention
C45,batch_m128,128,512,8,16,False,28202,12.303999999999998,10.543999999999999,9.52,1.2882290466183084,1.1083441677501082,alpha_moe_fused_router_candidate28_uniform_removal_tree.py,9.504249999999999,0.999167885538554,0,0,3,6,,undefined: no audited FLOP convention
C45,qwen_decode_m8,8,512,10,8,False,28203,11.48,6.303999999999999,5.232,2.1942054466556935,1.2018367499625915,alpha_moe_fused_router_candidate28_uniform_removal_tree.py,5.216,0.9969512195121951,0,0,3,6,,undefined: no audited FLOP convention
C45,qwen_batch_m128,128,512,10,8,False,28204,14.544,9.4,8.224,1.7627526686350214,1.1539084467438983,alpha_moe_fused_router_candidate28_uniform_removal_tree.py,8.224,1.0057306642534993,0,0,1,6,,undefined: no audited FLOP convention
C45,qwen_m512,512,512,10,8,False,28205,16.648249999999997,13.136,10.24825,1.6205748578984975,1.2818177490146967,alpha_moe_fused_router_candidate28_uniform_removal_tree.py,9.91225,0.9862925680017134,0,0,4,6,,undefined: no audited FLOP convention
C45,qwen_prefill_m16384,16384,512,10,8,False,28206,124.54475,78.176,43.760000000000005,2.8463837710047573,1.7853740743592705,alpha_moe_fused_router_candidate28_uniform_removal_tree.py,43.696,1.0,0,0,2,6,,undefined: no audited FLOP convention
C46,tp_m32,32,512,8,16,False,28201,11.776,8.432,7.328,1.614002442002442,1.1528384279475983,alpha_moe_fused_router_candidate28_uniform_removal_tree.py,7.34375,1.00433269650655,0,0,2,6,,undefined: no audited FLOP convention
C46,batch_m128,128,512,8,16,False,28202,12.36,10.568000000000001,9.52,1.2991605088920526,1.109246830723341,alpha_moe_fused_router_candidate28_uniform_removal_tree.py,9.504,1.0,0,0,2,6,,undefined: no audited FLOP convention
C46,qwen_decode_m8,8,512,10,8,False,28203,11.480250000000002,6.303999999999999,5.216,2.188650306748466,1.2039877300613497,alpha_moe_fused_router_candidate28_uniform_removal_tree.py,5.216,1.0,0,0,2,6,,undefined: no audited FLOP convention
C46,qwen_batch_m128,128,512,10,8,False,28204,14.584,9.416,8.216,1.7750737630934235,1.1467732855386665,alpha_moe_fused_router_candidate28_uniform_removal_tree.py,8.192250000000001,0.9971102739284443,0,0,4,6,,undefined: no audited FLOP convention
C46,qwen_m512,512,512,10,8,False,28205,16.712000000000003,13.136,9.888000000000002,1.6860482992594605,1.3135593003696528,alpha_moe_fused_router_candidate28_uniform_removal_tree.py,9.912,1.0103064244798878,0,0,3,6,,undefined: no audited FLOP convention
C46,qwen_prefill_m16384,16384,512,10,8,False,28206,124.50425,78.52850000000001,43.88799999999999,2.8352239171985616,1.7909288715486196,alpha_moe_fused_router_candidate28_uniform_removal_tree.py,43.304,0.9867353644684851,0,0,6,6,,undefined: no audited FLOP convention
C47,tp_m32,32,512,8,16,False,28201,11.792,8.424,7.336,1.6091703056768558,1.1482732526285155,alpha_moe_fused_router_candidate28_uniform_removal_tree.py,7.328,0.9989154013015185,0,0,3,6,,undefined: no audited FLOP convention
C47,batch_m128,128,512,8,16,False,28202,12.256,10.6,9.512,1.2885105873157343,1.1111151440696894,alpha_moe_fused_router_candidate28_uniform_removal_tree.py,9.52,0.9983164983164983,0,0,3,6,,undefined: no audited FLOP convention
C47,qwen_decode_m8,8,512,10,8,False,28203,11.472,6.288,5.216,2.1932515337423313,1.2042572968953338,alpha_moe_fused_router_candidate28_uniform_removal_tree.py,5.216,1.0,0,0,2,6,,undefined: no audited FLOP convention
C47,qwen_batch_m128,128,512,10,8,False,28204,14.58425,9.440000000000001,8.224,1.7635020609422551,1.1520960108181204,alpha_moe_fused_router_candidate28_uniform_removal_tree.py,8.216000000000001,0.997148288973384,0,0,3,6,,undefined: no audited FLOP convention
C47,qwen_m512,512,512,10,8,False,28205,16.688250000000004,13.184,9.736,1.714972505212666,1.3542114559813314,alpha_moe_fused_router_candidate28_uniform_removal_tree.py,10.040000000000001,1.0246765899040742,0,0,0,6,,undefined: no audited FLOP convention
C47,qwen_prefill_m16384,16384,512,10,8,False,28206,124.60849999999999,78.19225,43.82425,2.846464750074749,1.7842231855315218,alpha_moe_fused_router_candidate28_uniform_removal_tree.py,43.6965,0.9970852113574267,0,0,4,6,,undefined: no audited FLOP convention
C48,tp_m32,32,512,8,16,False,28201,11.776,8.448,7.32,1.603711790393013,1.1519163330243756,alpha_moe_fused_router_candidate28_uniform_removal_tree.py,7.343999999999999,1.0010917030567685,0,0,1,6,,undefined: no audited FLOP convention
C48,batch_m128,128,512,8,16,False,28202,12.271999999999998,10.55225,9.544,1.2829718830198256,1.1061020214429305,alpha_moe_fused_router_candidate28_uniform_removal_tree.py,9.52,0.9957770270270272,0,0,5,6,,undefined: no audited FLOP convention
C48,qwen_decode_m8,8,512,10,8,False,28203,11.472,6.28,5.2242500000000005,2.1896042196618284,1.2033037777080333,alpha_moe_fused_router_candidate28_uniform_removal_tree.py,5.216,0.996937205680944,0,0,4,6,,undefined: no audited FLOP convention
C48,qwen_batch_m128,128,512,10,8,False,28204,14.592,9.424,8.192,1.7770233757411067,1.1534449204960324,alpha_moe_fused_router_candidate28_uniform_removal_tree.py,8.24025,1.0019952223706152,0,0,1,6,,undefined: no audited FLOP convention
C48,qwen_m512,512,512,10,8,False,28205,16.664,13.096,10.128,1.642352574102964,1.2932655226209047,alpha_moe_fused_router_candidate28_uniform_removal_tree.py,9.847999999999999,0.98821485754167,0,0,5,6,,undefined: no audited FLOP convention
C48,qwen_prefill_m16384,16384,512,10,8,False,28206,124.53675000000001,78.4965,43.84025,2.8394224391798217,1.7944419911862335,alpha_moe_fused_router_candidate28_uniform_removal_tree.py,43.3925,0.9909050628938059,0,0,6,6,,undefined: no audited FLOP convention
C50,tp_m32,32,512,8,16,False,28201,11.935999999999998,8.448,7.343999999999999,1.6199801942846361,1.1492374727668846,alpha_moe_fused_router_candidate28_uniform_removal_tree.py,7.328,0.9978213507625273,0,0,5,6,,undefined: no audited FLOP convention
C50,batch_m128,128,512,8,16,False,28202,12.168,10.56,9.504000000000001,1.2713869706298357,1.108548523771296,alpha_moe_fused_router_candidate28_uniform_removal_tree.py,9.472,0.9999742175011601,0,0,4,6,,undefined: no audited FLOP convention
C50,qwen_decode_m8,8,512,10,8,False,28203,11.464,6.303999999999999,5.216,2.194489784431812,1.207953015112973,alpha_moe_fused_router_candidate28_uniform_removal_tree.py,5.216,1.0,0,0,1,6,,undefined: no audited FLOP convention
C50,qwen_batch_m128,128,512,10,8,False,28204,14.664000000000001,9.384,8.23225,1.7705897664272092,1.1488737960937803,alpha_moe_fused_router_candidate28_uniform_removal_tree.py,8.168,0.9960634116860314,0,0,5,6,,undefined: no audited FLOP convention
C50,qwen_m512,512,512,10,8,False,28205,16.672,13.136,8.687999999999999,1.9189240087545172,1.5087783245246338,alpha_moe_fused_router_candidate28_uniform_removal_tree.py,9.808,1.162657299124016,0,0,0,6,,undefined: no audited FLOP convention
C50,qwen_prefill_m16384,16384,512,10,8,False,28206,124.5685,78.11250000000001,43.7525,2.846213852609818,1.7853352691658968,alpha_moe_fused_router_candidate28_uniform_removal_tree.py,43.7525,0.997820555933977,0,0,4,6,,undefined: no audited FLOP convention
C51,tp_m32,32,512,8,16,False,28201,11.808,8.456,7.36,1.6078365293335863,1.1510478966752613,alpha_moe_fused_router_candidate50_medium_aligned_prefix.py,7.328,0.9956568895595586,0,0,5,6,,undefined: no audited FLOP convention
C51,batch_m128,128,512,8,16,False,28202,12.216000000000001,10.552,9.512,1.2812500000000002,1.1131756756756757,alpha_moe_fused_router_candidate50_medium_aligned_prefix.py,9.504,1.0,0,0,1,6,,undefined: no audited FLOP convention
C51,qwen_decode_m8,8,512,10,8,False,28203,11.448,6.29625,5.216,2.1960188364195794,1.2052072193767471,alpha_moe_fused_router_candidate50_medium_aligned_prefix.py,5.216,1.0015337423312882,0,0,1,6,,undefined: no audited FLOP convention
C51,qwen_batch_m128,128,512,10,8,False,28204,14.687999999999999,9.408,8.272,1.765415785764623,1.1429924242424243,alpha_moe_fused_router_candidate50_medium_aligned_prefix.py,8.2,0.993171454628363,0,0,5,6,,undefined: no audited FLOP convention
C51,qwen_m512,512,512,10,8,False,28205,16.75225,13.184000000000001,8.344000000000001,2.0191981094785296,1.58005530184364,alpha_moe_fused_router_candidate50_medium_aligned_prefix.py,8.48,1.0105920876770917,0,0,1,6,,undefined: no audited FLOP convention
C51,qwen_prefill_m16384,16384,512,10,8,False,28206,124.53625,78.19200000000001,43.656,2.8532287775480842,1.7910955564420912,alpha_moe_fused_router_candidate50_medium_aligned_prefix.py,43.664,1.0016388662151825,0,0,2,6,,undefined: no audited FLOP convention
C52,tp_m32,32,512,8,16,False,28201,11.840500000000002,8.440000000000001,7.36,1.613324413802924,1.1470666413518131,alpha_moe_fused_router_candidate28_uniform_removal_tree.py,7.36,1.0,0,0,1,6,,undefined: no audited FLOP convention
C52,batch_m128,128,512,8,16,False,28202,12.312,10.592,9.504,1.2853535353535355,1.1131826741996234,alpha_moe_fused_router_candidate28_uniform_removal_tree.py,9.495999999999999,1.0,0,0,2,6,,undefined: no audited FLOP convention
C52,qwen_decode_m8,8,512,10,8,False,28203,11.456,6.303999999999999,5.216,2.1987879694747865,1.2085889570552146,alpha_moe_fused_router_candidate28_uniform_removal_tree.py,5.216,1.0,0,0,1,6,,undefined: no audited FLOP convention
C52,qwen_batch_m128,128,512,10,8,False,28204,14.608,9.431999999999999,8.16825,1.7864251943428031,1.1541703922069244,alpha_moe_fused_router_candidate28_uniform_removal_tree.py,8.24,1.0019666158737035,0,0,1,6,,undefined: no audited FLOP convention
C52,qwen_m512,512,512,10,8,False,28205,16.704,13.1445,9.92,1.6805898084267268,1.3274686943932816,alpha_moe_fused_router_candidate28_uniform_removal_tree.py,9.768,0.9920300529569852,0,0,3,6,,undefined: no audited FLOP convention
C52,qwen_prefill_m16384,16384,512,10,8,False,28206,124.6245,78.50425,43.272000000000006,2.877814075593344,1.8127362855959852,alpha_moe_fused_router_candidate28_uniform_removal_tree.py,43.368,1.0016654494736783,0,0,1,6,,undefined: no audited FLOP convention
C53,tp_m32,32,512,8,16,False,28201,11.975999999999999,8.4,7.32,1.6392674347863725,1.1484675562420446,alpha_moe_fused_router_candidate28_uniform_removal_tree.py,7.304,1.0011357378854626,0,0,2,6,,undefined: no audited FLOP convention
C53,batch_m128,128,512,8,16,False,28202,12.416,10.512,9.416,1.3080170066541443,1.1130020500678541,alpha_moe_fused_router_candidate28_uniform_removal_tree.py,9.472,1.0042590178183397,0,0,1,6,,undefined: no audited FLOP convention
C53,qwen_decode_m8,8,512,10,8,False,28203,11.352,6.216,5.184,2.1898630401234565,1.2003086419753086,alpha_moe_fused_router_candidate28_uniform_removal_tree.py,5.16,0.996903995092401,0,0,4,6,,undefined: no audited FLOP convention
C53,qwen_batch_m128,128,512,10,8,False,28204,14.55225,9.384,8.096,1.7853103271844846,1.1544560511951816,alpha_moe_fused_router_candidate28_uniform_removal_tree.py,8.16,1.007905138339921,0,0,1,6,,undefined: no audited FLOP convention
C53,qwen_m512,512,512,10,8,False,28205,16.448,12.911999999999999,9.688,1.6845634563456346,1.3231846465872874,alpha_moe_fused_router_candidate28_uniform_removal_tree.py,9.568000000000001,0.9834115715411276,0,0,5,6,,undefined: no audited FLOP convention
C53,qwen_prefill_m16384,16384,512,10,8,False,28206,123.712,78.24799999999999,40.216,3.07515982377025,1.9471272520131173,alpha_moe_fused_router_candidate28_uniform_removal_tree.py,43.480500000000006,1.081174623192136,0,0,0,6,,undefined: no audited FLOP convention
C54,tp_m32,32,512,8,16,False,28201,11.904,8.40025,7.296,1.631578947368421,1.1491570723684208,alpha_moe_fused_router_candidate28_uniform_removal_tree.py,7.336,1.0065645828545162,0,0,1,6,,undefined: no audited FLOP convention
C54,batch_m128,128,512,8,16,False,28202,12.216000000000001,10.504000000000001,9.448,1.2805698781368275,1.111656673566888,alpha_moe_fused_router_candidate28_uniform_removal_tree.py,9.488,1.0008305647840532,0,0,2,6,,undefined: no audited FLOP convention
C54,qwen_decode_m8,8,512,10,8,False,28203,11.296000000000001,6.232,5.168,2.184236254888429,1.2030788457168824,alpha_moe_fused_router_candidate28_uniform_removal_tree.py,5.16,0.9984567901234569,0,0,3,6,,undefined: no audited FLOP convention
C54,qwen_batch_m128,128,512,10,8,False,28204,14.52825,9.344,8.120000000000001,1.782067575900221,1.1487715292984826,alpha_moe_fused_router_candidate28_uniform_removal_tree.py,8.128,1.0,0,0,2,6,,undefined: no audited FLOP convention
C54,qwen_m512,512,512,10,8,False,28205,16.344,12.928,8.616,1.903620977550558,1.5004862404303747,alpha_moe_fused_router_candidate28_uniform_removal_tree.py,9.824,1.1576696442111194,0,0,0,6,,undefined: no audited FLOP convention
C54,qwen_prefill_m16384,16384,512,10,8,False,28206,123.64824999999999,78.24825,40.184250000000006,3.0772355195063694,1.9483830333957877,alpha_moe_fused_router_candidate28_uniform_removal_tree.py,43.760250000000006,1.0907355359003108,0,0,0,6,,undefined: no audited FLOP convention
C55,tp_m32,32,512,8,16,False,28201,11.815999999999999,8.384,7.32025,1.617696581196581,1.1444208227993564,alpha_moe_fused_router_candidate28_uniform_removal_tree.py,7.32,1.001059829059829,0,0,2,6,,undefined: no audited FLOP convention
C55,batch_m128,128,512,8,16,False,28202,12.232,10.512,9.440000000000001,1.2925435799319729,1.110758541443775,alpha_moe_fused_router_candidate28_uniform_removal_tree.py,9.472249999999999,1.0025983115703907,0,0,1,6,,undefined: no audited FLOP convention
C55,qwen_decode_m8,8,512,10,8,False,28203,11.296000000000001,6.216,5.184,2.177469135802469,1.2009278370217482,alpha_moe_fused_router_candidate28_uniform_removal_tree.py,5.152,0.9938176050147154,0,0,5,6,,undefined: no audited FLOP convention
C55,qwen_batch_m128,128,512,10,8,False,28204,14.504249999999999,9.352,8.144,1.7544903457566234,1.1448267561229402,alpha_moe_fused_router_candidate28_uniform_removal_tree.py,8.120000000000001,0.994100243647755,0,0,5,6,,undefined: no audited FLOP convention
C55,qwen_m512,512,512,10,8,False,28205,16.392000000000003,12.799999999999999,9.904,1.6616463740881389,1.2889423934367752,alpha_moe_fused_router_candidate28_uniform_removal_tree.py,9.704,0.9872296022067364,0,0,5,6,,undefined: no audited FLOP convention
C55,qwen_prefill_m16384,16384,512,10,8,False,28206,123.65625,78.21625,43.456,2.8455560390638555,1.8044956104676382,alpha_moe_fused_router_candidate28_uniform_removal_tree.py,43.519999999999996,0.9992903089806038,0,0,3,6,,undefined: no audited FLOP convention
C58,tp_m32,32,512,8,16,False,28201,11.832,8.384,7.296,1.616262335526316,1.148797211369034,alpha_moe_fused_router_candidate28_uniform_removal_tree.py,7.296,0.9967201026583927,0,0,4,6,,undefined: no audited FLOP convention
C58,batch_m128,128,512,8,16,False,28202,12.128,10.496,9.44,1.2846242911426033,1.1133544664361579,alpha_moe_fused_router_candidate28_uniform_removal_tree.py,9.456,1.0,0,0,2,6,,undefined: no audited FLOP convention
C58,qwen_decode_m8,8,512,10,8,False,28203,11.296,6.24,5.168000000000001,2.1863354037267078,1.207752437359383,alpha_moe_fused_router_candidate28_uniform_removal_tree.py,5.176,1.001547987616099,0,0,1,6,,undefined: no audited FLOP convention
C58,qwen_batch_m128,128,512,10,8,False,28204,14.632000000000001,9.336,8.120000000000001,1.7910904121077522,1.1482213438735176,alpha_moe_fused_router_candidate28_uniform_removal_tree.py,8.104000000000001,0.9990421455938697,0,0,3,6,,undefined: no audited FLOP convention
C58,qwen_m512,512,512,10,8,False,28205,16.503999999999998,12.856000000000002,9.744,1.6876876593333963,1.3142957633632362,alpha_moe_fused_router_candidate28_uniform_removal_tree.py,9.688,1.0056179775280898,0,0,2,6,,undefined: no audited FLOP convention
C58,qwen_prefill_m16384,16384,512,10,8,False,28206,123.712,78.2965,43.672,2.833675003939514,1.7966342339710994,alpha_moe_fused_router_candidate28_uniform_removal_tree.py,43.520250000000004,0.9945111503843275,0,0,5,6,,undefined: no audited FLOP convention
C59,tp_m32,32,512,8,16,False,28201,11.911999999999999,8.384,7.296,1.6380199256419194,1.151315789473684,alpha_moe_fused_router_candidate54_local_prefix_composite.py,7.296,1.0,0,0,2,6,,undefined: no audited FLOP convention
C59,batch_m128,128,512,8,16,False,28202,12.312000000000001,10.48,9.456,1.2962648556876064,1.1072884224018709,alpha_moe_fused_router_candidate54_local_prefix_composite.py,9.456,1.0,0,0,2,6,,undefined: no audited FLOP convention
C59,qwen_decode_m8,8,512,10,8,False,28203,11.328000000000001,6.224,5.176,2.1947406642969076,1.204656462127185,alpha_moe_fused_router_candidate54_local_prefix_composite.py,5.152,0.9938079901848017,0,0,5,6,,undefined: no audited FLOP convention
C59,qwen_batch_m128,128,512,10,8,False,28204,14.511999999999999,9.376000000000001,8.16,1.779324403028538,1.1507282913165269,alpha_moe_fused_router_candidate54_local_prefix_composite.py,8.120000000000001,0.9980295088332363,0,0,4,6,,undefined: no audited FLOP convention
C59,qwen_m512,512,512,10,8,False,28205,16.6,12.952,8.472000000000001,1.9501462152738722,1.5290427641905195,alpha_moe_fused_router_candidate54_local_prefix_composite.py,8.303999999999998,0.9915803199865031,0,0,5,6,,undefined: no audited FLOP convention
C59,qwen_prefill_m16384,16384,512,10,8,False,28206,123.672,78.19200000000001,40.224000000000004,3.076970744694737,1.9481077226064785,alpha_moe_fused_router_candidate54_local_prefix_composite.py,40.2,0.9999993676098291,0,0,3,6,,undefined: no audited FLOP convention
C60,tp_m32,32,512,8,16,False,28201,11.864,8.384,7.279999999999999,1.6285552807512462,1.1513283188734778,alpha_moe_fused_router_candidate54_local_prefix_composite.py,7.32,1.0010964912280702,0,0,1,6,,undefined: no audited FLOP convention
C60,batch_m128,128,512,8,16,False,28202,12.2,10.52,9.431999999999999,1.283645027977061,1.112810352567423,alpha_moe_fused_router_candidate54_local_prefix_composite.py,9.472,1.0034013605442178,0,0,1,6,,undefined: no audited FLOP convention
C60,qwen_decode_m8,8,512,10,8,False,28203,11.312,6.24,5.152,2.190993788819876,1.2061996423283272,alpha_moe_fused_router_candidate54_local_prefix_composite.py,5.152,1.0,0,0,1,6,,undefined: no audited FLOP convention
C60,qwen_batch_m128,128,512,10,8,False,28204,14.496,9.408000000000001,8.128,1.786912619833412,1.1520935960591134,alpha_moe_fused_router_candidate54_local_prefix_composite.py,8.120000000000001,0.9990421455938697,0,0,3,6,,undefined: no audited FLOP convention
C60,qwen_m512,512,512,10,8,False,28205,16.4,12.84,8.576,1.919773606184756,1.5093860842989761,alpha_moe_fused_router_candidate54_local_prefix_composite.py,8.52,0.9981684981684982,0,0,3,6,,undefined: no audited FLOP convention
C60,qwen_prefill_m16384,16384,512,10,8,False,28206,123.68799999999999,78.26399999999998,40.088,3.0840382470119527,1.9519467196819087,alpha_moe_fused_router_candidate54_local_prefix_composite.py,40.144000000000005,1.0026040145739457,0,0,2,6,,undefined: no audited FLOP convention
C61,tp_m32,32,512,8,16,False,28201,11.927999999999999,8.416,7.312000000000001,1.6312352952177895,1.1497281492169358,alpha_moe_fused_router_candidate54_local_prefix_composite.py,7.312,0.9999609279609278,0,0,3,6,,undefined: no audited FLOP convention
C61,batch_m128,128,512,8,16,False,28202,12.328,10.512,9.472,1.2948223350253807,1.1124099099099098,alpha_moe_fused_router_candidate54_local_prefix_composite.py,9.456,1.0008333333333335,0,0,2,6,,undefined: no audited FLOP convention
C61,qwen_decode_m8,8,512,10,8,False,28203,11.304,6.232,5.152,2.192846500648207,1.2083986377972562,alpha_moe_fused_router_candidate54_local_prefix_composite.py,5.184,1.0046632224608656,0,0,2,6,,undefined: no audited FLOP convention
C61,qwen_batch_m128,128,512,10,8,False,28204,14.52,9.376000000000001,8.136000000000001,1.7725683949469115,1.1510317998612312,alpha_moe_fused_router_candidate54_local_prefix_composite.py,8.104,0.9990118577075099,0,0,3,6,,undefined: no audited FLOP convention
C61,qwen_m512,512,512,10,8,False,28205,16.464,12.864,8.368000000000002,1.9528520189748928,1.5417933687488548,alpha_moe_fused_router_candidate54_local_prefix_composite.py,8.376,0.9991394770334374,0,0,3,6,,undefined: no audited FLOP convention
C61,qwen_prefill_m16384,16384,512,10,8,False,28206,123.7115,78.32775000000001,40.135999999999996,3.085429216031136,1.9544594040336594,alpha_moe_fused_router_candidate54_local_prefix_composite.py,40.16775,0.9998007968127489,0,0,3,6,,undefined: no audited FLOP convention
C62,tp_m32,32,512,8,16,False,28201,11.84,8.4,7.296,1.6263736263736264,1.150053744865446,alpha_moe_fused_router_candidate54_local_prefix_composite.py,7.28,0.9967201026583927,0,0,4,6,,undefined: no audited FLOP convention
C62,batch_m128,128,512,8,16,False,28202,12.192,10.52,9.448,1.2921276778800652,1.1096345514950166,alpha_moe_fused_router_candidate54_local_prefix_composite.py,9.456,1.0,0,0,1,6,,undefined: no audited FLOP convention
C62,qwen_decode_m8,8,512,10,8,False,28203,11.304,6.224,5.184,2.1849050332383664,1.2024844720496894,alpha_moe_fused_router_candidate54_local_prefix_composite.py,5.152,0.9968944099378881,0,0,3,6,,undefined: no audited FLOP convention
C62,qwen_batch_m128,128,512,10,8,False,28204,14.600000000000001,9.4,8.168,1.7762169471153848,1.150839575147348,alpha_moe_fused_router_candidate54_local_prefix_composite.py,8.144,0.9951897321428571,0,0,5,6,,undefined: no audited FLOP convention
C62,qwen_m512,512,512,10,8,False,28205,16.472,12.903749999999999,8.46375,1.944151001186619,1.526337111445352,alpha_moe_fused_router_candidate54_local_prefix_composite.py,8.408000000000001,0.9894620091084011,0,0,5,6,,undefined: no audited FLOP convention
C62,qwen_prefill_m16384,16384,512,10,8,False,28206,123.66375,78.29599999999999,40.336,3.0668867050244026,1.9393571122458342,alpha_moe_fused_router_candidate54_local_prefix_composite.py,40.088,0.993064038758813,0,0,5,6,,undefined: no audited FLOP convention
C63,tp_m32,32,512,8,16,False,28201,11.896,8.4,7.304,1.6333670715249662,1.1472582888940412,alpha_moe_fused_router_candidate54_local_prefix_composite.py,7.32,1.0010964912280702,0,0,2,6,,undefined: no audited FLOP convention
C63,batch_m128,128,512,8,16,False,28202,12.224,10.504000000000001,9.48,1.289449546511098,1.1072635135135136,alpha_moe_fused_router_candidate54_local_prefix_composite.py,9.440000000000001,0.9966216216216218,0,0,4,6,,undefined: no audited FLOP convention
C63,qwen_decode_m8,8,512,10,8,False,28203,11.33575,6.24,5.152,2.1965915190552874,1.204968944099379,alpha_moe_fused_router_candidate54_local_prefix_composite.py,5.16,1.0,0,0,2,6,,undefined: no audited FLOP convention
C63,qwen_batch_m128,128,512,10,8,False,28204,14.552,9.335999999999999,8.128,1.7831615847920197,1.1486220472440944,alpha_moe_fused_router_candidate54_local_prefix_composite.py,8.144,1.000984251968504,0,0,2,6,,undefined: no audited FLOP convention
C63,qwen_m512,512,512,10,8,False,28205,16.375999999999998,12.791999999999998,8.48,1.9316411238825033,1.5095832141835863,alpha_moe_fused_router_candidate54_local_prefix_composite.py,8.31175,0.9932374025535402,0,0,5,6,,undefined: no audited FLOP convention
C63,qwen_prefill_m16384,16384,512,10,8,False,28206,123.78375,78.34375,39.64,3.1204832268068063,1.9768208061859076,alpha_moe_fused_router_candidate54_local_prefix_composite.py,40.208,1.0135932406877197,0,0,0,6,,undefined: no audited FLOP convention
C64,tp_m32,32,512,8,16,False,28201,9.624,8.568000000000001,7.4879999999999995,1.2820571355519739,1.1410217191801775,alpha_moe_fused_router_candidate63_large_four_cta_cap.py,7.464,0.9936658002594734,0,0,5,6,,undefined: no audited FLOP convention
C64,batch_m128,128,512,8,16,False,28202,11.464,10.728,9.719999999999999,1.1852750410509032,1.1045288519899419,alpha_moe_fused_router_candidate63_large_four_cta_cap.py,9.712,1.0,0,0,2,6,,undefined: no audited FLOP convention
C64,qwen_decode_m8,8,512,10,8,False,28203,11.712,6.024,4.936,2.384421950598421,1.2216799329702557,alpha_moe_fused_router_candidate63_large_four_cta_cap.py,4.928,1.0016181229773462,0,0,2,6,,undefined: no audited FLOP convention
C64,qwen_batch_m128,128,512,10,8,False,28204,13.815999999999999,9.488,8.392,1.6482297346419483,1.1507001768867924,alpha_moe_fused_router_candidate63_large_four_cta_cap.py,8.448,1.0000369959304474,0,0,3,6,,undefined: no audited FLOP convention
C64,qwen_m512,512,512,10,8,False,28205,16.264,12.623999999999999,8.272,1.9625051778211726,1.525298368201312,alpha_moe_fused_router_candidate63_large_four_cta_cap.py,8.344000000000001,1.0087040618955512,0,0,1,6,,undefined: no audited FLOP convention
C64,qwen_prefill_m16384,16384,512,10,8,False,28206,122.91999999999999,76.76,39.912,3.0793746528742014,1.9232302369712118,alpha_moe_fused_router_candidate63_large_four_cta_cap.py,39.152,0.9829767518728949,0,0,6,6,,undefined: no audited FLOP convention
C67,tp_m32,32,512,8,16,False,28201,9.648,8.576,7.5120000000000005,1.2852753173226188,1.1416413373860181,alpha_moe_fused_router_candidate63_large_four_cta_cap.py,7.496,1.0,0,0,2,6,,undefined: no audited FLOP convention
C67,batch_m128,128,512,8,16,False,28202,11.368,10.72,9.68,1.171633663366337,1.1089120773788776,alpha_moe_fused_router_candidate63_large_four_cta_cap.py,9.704,1.002467105263158,0,0,2,6,,undefined: no audited FLOP convention
C67,qwen_decode_m8,8,512,10,8,False,28203,11.576,6.024,4.944,2.3512098650535136,1.214516129032258,alpha_moe_fused_router_candidate63_large_four_cta_cap.py,4.928,1.0016129032258063,0,0,1,6,,undefined: no audited FLOP convention
C67,qwen_batch_m128,128,512,10,8,False,28204,13.944,9.463999999999999,8.392,1.6705267769626042,1.1407226655528442,alpha_moe_fused_router_candidate63_large_four_cta_cap.py,8.392,0.9990583804143126,0,0,3,6,,undefined: no audited FLOP convention
C67,qwen_m512,512,512,10,8,False,28205,16.375999999999998,12.623999999999999,8.256,1.986403945344313,1.5207771645369204,alpha_moe_fused_router_candidate63_large_four_cta_cap.py,8.280000000000001,1.004806053329776,0,0,1,6,,undefined: no audited FLOP convention
C67,qwen_prefill_m16384,16384,512,10,8,False,28206,122.888,76.96799999999999,39.416,3.1177188625422483,1.9562829519670295,alpha_moe_fused_router_candidate63_large_four_cta_cap.py,39.464,0.9987945817013206,0,0,3,6,,undefined: no audited FLOP convention
C68,tp_m32,32,512,8,16,False,28201,11.991999999999999,8.448,7.32,1.641845656263196,1.151911555330473,alpha_moe_fused_router_candidate67_medium_vec4_count_load.py,7.328,1.00109409190372,0,0,2,6,,undefined: no audited FLOP convention
C68,batch_m128,128,512,8,16,False,28202,12.36,10.536000000000001,9.512,1.3023876444775861,1.1036219417332402,alpha_moe_fused_router_candidate67_medium_vec4_count_load.py,9.472,0.9966897244164374,0,0,4,6,,undefined: no audited FLOP convention
C68,qwen_decode_m8,8,512,10,8,False,28203,11.431999999999999,6.2482500000000005,5.184,2.2021604938271606,1.205889770217465,alpha_moe_fused_router_candidate67_medium_vec4_count_load.py,5.2,1.003058103975535,0,0,0,6,,undefined: no audited FLOP convention
C68,qwen_batch_m128,128,512,10,8,False,28204,15.016,9.416,8.16,1.8370880009861783,1.1502148824908336,alpha_moe_fused_router_candidate67_medium_vec4_count_load.py,8.216,1.0019569471624266,0,0,2,6,,undefined: no audited FLOP convention
C68,qwen_m512,512,512,10,8,False,28205,16.248,12.92,8.328,1.9492855834401905,1.5660752148197745,alpha_moe_fused_router_candidate67_medium_vec4_count_load.py,8.328,0.9962643678160918,0,0,4,6,,undefined: no audited FLOP convention
C68,qwen_prefill_m16384,16384,512,10,8,False,28206,124.78399999999999,78.29625,40.384,3.0872229078417472,1.9399811316460127,alpha_moe_fused_router_candidate67_medium_vec4_count_load.py,40.456,1.0051730998806208,0,0,1,6,,undefined: no audited FLOP convention
C69,tp_m32,32,512,8,16,False,28201,11.936,8.448,7.343999999999999,1.628519012516791,1.150326797385621,alpha_moe_fused_router_candidate63_large_four_cta_cap.py,7.352,1.000004725920255,0,0,3,6,,undefined: no audited FLOP convention
C69,batch_m128,128,512,8,16,False,28202,12.32,10.535999999999998,9.504,1.2868453512017868,1.1089108910891088,alpha_moe_fused_router_candidate63_large_four_cta_cap.py,9.488,1.0,0,0,2,6,,undefined: no audited FLOP convention
C69,qwen_decode_m8,8,512,10,8,False,28203,11.424,6.272,5.184,2.200617283950617,1.2098765432098766,alpha_moe_fused_router_candidate63_large_four_cta_cap.py,5.184,1.0,0,0,2,6,,undefined: no audited FLOP convention
C69,qwen_batch_m128,128,512,10,8,False,28204,14.856000000000002,9.4,8.192,1.7976730141499697,1.152109095111522,alpha_moe_fused_router_candidate63_large_four_cta_cap.py,8.136,0.9961767726379711,0,0,5,6,,undefined: no audited FLOP convention
C69,qwen_m512,512,512,10,8,False,28205,16.488,12.791999999999998,8.352,1.974996209305508,1.5230825557786827,alpha_moe_fused_router_candidate63_large_four_cta_cap.py,8.432,1.0011017687292008,0,0,3,6,,undefined: no audited FLOP convention
C69,qwen_prefill_m16384,16384,512,10,8,False,28206,124.67200000000001,78.32,40.536,3.073035763862598,1.9278082750087417,alpha_moe_fused_router_candidate63_large_four_cta_cap.py,40.232,0.9933017282211857,0,0,6,6,,undefined: no audited FLOP convention
C70,tp_m32,32,512,8,16,False,28201,12.072,8.448,7.32,1.6480693154454764,1.1540997391379129,alpha_moe_fused_router_candidate67_medium_vec4_count_load.py,7.36,1.0054585152838427,0,0,0,6,,undefined: no audited FLOP convention
C70,batch_m128,128,512,8,16,False,28202,12.232,10.544,9.472,1.282369611346884,1.1122391426959954,alpha_moe_fused_router_candidate67_medium_vec4_count_load.py,9.512,1.0025116171135222,0,0,2,6,,undefined: no audited FLOP convention
C70,qwen_decode_m8,8,512,10,8,False,28203,11.392,6.272,5.184,2.192901234567901,1.2098765432098766,alpha_moe_fused_router_candidate67_medium_vec4_count_load.py,5.184,0.9969512195121951,0,0,3,6,,undefined: no audited FLOP convention
C70,qwen_batch_m128,128,512,10,8,False,28204,14.943999999999999,9.4,8.184000000000001,1.8074397427420807,1.156496062992126,alpha_moe_fused_router_candidate67_medium_vec4_count_load.py,8.271999999999998,1.0028589603780445,0,0,1,6,,undefined: no audited FLOP convention
C70,qwen_m512,512,512,10,8,False,28205,16.351999999999997,12.824,8.51225,1.9224314453011768,1.5201176603750666,alpha_moe_fused_router_candidate67_medium_vec4_count_load.py,8.336,0.9764589803687724,0,0,4,6,,undefined: no audited FLOP convention
C70,qwen_prefill_m16384,16384,512,10,8,False,28206,124.72800000000001,78.36000000000001,40.456,3.080896009279741,1.935715139429997,alpha_moe_fused_router_candidate67_medium_vec4_count_load.py,40.512,1.0009891838916523,0,0,2,6,,undefined: no audited FLOP convention
C71,tp_m32,32,512,8,16,False,28201,12.032000000000002,8.416,7.328,1.6383520030377827,1.1506550218340612,alpha_moe_fused_router_candidate63_large_four_cta_cap.py,7.336,1.0,0,0,2,6,,undefined: no audited FLOP convention
C71,batch_m128,128,512,8,16,False,28202,12.344000000000001,10.535999999999998,9.464,1.306846828822134,1.112999019470514,alpha_moe_fused_router_candidate63_large_four_cta_cap.py,9.504,1.0016696166013963,0,0,1,6,,undefined: no audited FLOP convention
C71,qwen_decode_m8,8,512,10,8,False,28203,11.416,6.311999999999999,5.2,2.1902046577275933,1.2080104463437795,alpha_moe_fused_router_candidate63_large_four_cta_cap.py,5.184,0.9953751187084521,0,0,4,6,,undefined: no audited FLOP convention
C71,qwen_batch_m128,128,512,10,8,False,28204,14.912,9.432,8.176,1.82387025122549,1.148966718002018,alpha_moe_fused_router_candidate63_large_four_cta_cap.py,8.16,1.0019120458891013,0,0,2,6,,undefined: no audited FLOP convention
C71,qwen_m512,512,512,10,8,False,28205,16.232,12.8,8.432,1.9108130491142157,1.5110254794801539,alpha_moe_fused_router_candidate63_large_four_cta_cap.py,8.376000000000001,1.0047495744757904,0,0,2,6,,undefined: no audited FLOP convention
C71,qwen_prefill_m16384,16384,512,10,8,False,28206,124.792,78.256,40.128,3.1074566856278,1.9490445536866057,alpha_moe_fused_router_candidate63_large_four_cta_cap.py,40.288,1.0070167224508544,0,0,1,6,,undefined: no audited FLOP convention
C72,tp_m32,32,512,8,16,False,28201,9.6,8.543999999999999,7.4879999999999995,1.2813200640585678,1.1419609093808374,alpha_moe_fused_router_candidate67_medium_vec4_count_load.py,7.4639999999999995,1.0021505376344084,0,0,2,6,,undefined: no audited FLOP convention
C72,batch_m128,128,512,8,16,False,28202,11.431999999999999,10.736,9.68,1.1813579964984395,1.1071741210756967,alpha_moe_fused_router_candidate67_medium_vec4_count_load.py,9.712,1.0008346110766755,0,0,3,6,,undefined: no audited FLOP convention
C72,qwen_decode_m8,8,512,10,8,False,28203,11.728,6.032,4.936,2.3725649350649354,1.2213279047917318,alpha_moe_fused_router_candidate67_medium_vec4_count_load.py,4.944,1.0032206870799103,0,0,1,6,,undefined: no audited FLOP convention
C72,qwen_batch_m128,128,512,10,8,False,28204,13.992,9.463999999999999,8.424,1.682155009451796,1.1445279866332498,alpha_moe_fused_router_candidate67_medium_vec4_count_load.py,8.416,0.9971751211677589,0,0,4,6,,undefined: no audited FLOP convention
C72,qwen_m512,512,512,10,8,False,28205,16.407999999999998,12.608,8.208,1.9990291262135922,1.53515625,alpha_moe_fused_router_candidate67_medium_vec4_count_load.py,8.328,1.0146484375,0,0,0,6,,undefined: no audited FLOP convention
C72,qwen_prefill_m16384,16384,512,10,8,False,28206,122.976,77.024,39.392,3.124133525501935,1.9669051706638245,alpha_moe_fused_router_candidate67_medium_vec4_count_load.py,39.464,0.9995936497746498,0,0,4,6,,undefined: no audited FLOP convention
C73,tp_m32,32,512,8,16,False,28201,9.68,8.543999999999999,7.4559999999999995,1.2953768368980068,1.1416519304450339,alpha_moe_fused_router_candidate63_large_four_cta_cap.py,7.4799999999999995,1.0,0,0,1,6,,undefined: no audited FLOP convention
C73,batch_m128,128,512,8,16,False,28202,11.32,10.704,9.719999999999999,1.164606455388884,1.1057713324007694,alpha_moe_fused_router_candidate63_large_four_cta_cap.py,9.696,1.0,0,0,3,6,,undefined: no audited FLOP convention
C73,qwen_decode_m8,8,512,10,8,False,28203,11.744,6.0,4.96,2.371578452865643,1.207402812241522,alpha_moe_fused_router_candidate63_large_four_cta_cap.py,4.952,0.9983974358974358,0,0,3,6,,undefined: no audited FLOP convention
C73,qwen_batch_m128,128,512,10,8,False,28204,13.871999999999998,9.52,8.416,1.6745942373582232,1.1488190645956573,alpha_moe_fused_router_candidate63_large_four_cta_cap.py,8.416,0.9990548204158791,0,0,3,6,,undefined: no audited FLOP convention
C73,qwen_m512,512,512,10,8,False,28205,16.343999999999998,12.64,8.328,1.9644558351454902,1.5143903445430165,alpha_moe_fused_router_candidate63_large_four_cta_cap.py,8.288,0.9971299871299871,0,0,4,6,,undefined: no audited FLOP convention
C73,qwen_prefill_m16384,16384,512,10,8,False,28206,122.84799999999998,76.80799999999999,39.408,3.1158746289896992,1.94431082224949,alpha_moe_fused_router_candidate63_large_four_cta_cap.py,39.16,0.9967371867313701,0,0,5,6,,undefined: no audited FLOP convention
C74,tp_m32,32,512,8,16,False,28201,9.68,8.536,7.464,1.30059349489329,1.142562724014337,alpha_moe_fused_router_candidate63_large_four_cta_cap.py,7.4879999999999995,1.0032258064516129,0,0,2,6,,undefined: no audited FLOP convention
C74,batch_m128,128,512,8,16,False,28202,11.440000000000001,10.735999999999999,9.712,1.1828643390654854,1.1061755190297355,alpha_moe_fused_router_candidate63_large_four_cta_cap.py,9.728,0.9991789819376027,0,0,3,6,,undefined: no audited FLOP convention
C74,qwen_decode_m8,8,512,10,8,False,28203,11.783999999999999,6.032,4.96,2.369401431901432,1.2161380286380286,alpha_moe_fused_router_candidate63_large_four_cta_cap.py,4.968,1.0016129032258063,0,0,2,6,,undefined: no audited FLOP convention
C74,qwen_batch_m128,128,512,10,8,False,28204,13.888,9.472,8.432,1.6622270710911393,1.152462121212121,alpha_moe_fused_router_candidate63_large_four_cta_cap.py,8.424,0.9990196078431373,0,0,3,6,,undefined: no audited FLOP convention
C74,qwen_m512,512,512,10,8,False,28205,16.296,12.64,8.248000000000001,1.977624481916766,1.5386079578030043,alpha_moe_fused_router_candidate63_large_four_cta_cap.py,8.352,1.0145446198077777,0,0,0,6,,undefined: no audited FLOP convention
C74,qwen_prefill_m16384,16384,512,10,8,False,28206,122.91199999999999,77.104,39.712,3.096880895256275,1.9561746245956773,alpha_moe_fused_router_candidate63_large_four_cta_cap.py,39.376000000000005,0.9931276977624189,0,0,6,6,,undefined: no audited FLOP convention
C76,tp_m32,32,512,8,16,False,28201,9.672,8.543999999999999,7.4799999999999995,1.2953947611312118,1.142247295887553,alpha_moe_fused_router_candidate63_large_four_cta_cap.py,7.504,1.0021551724137931,0,0,2,6,,undefined: no audited FLOP convention
C76,batch_m128,128,512,8,16,False,28202,11.416,10.736,9.719999999999999,1.1868224819143016,1.1067353321829163,alpha_moe_fused_router_candidate63_large_four_cta_cap.py,9.704,1.0008333333333335,0,0,2,6,,undefined: no audited FLOP convention
C76,qwen_decode_m8,8,512,10,8,False,28203,11.719999999999999,6.016,4.968,2.355388984006348,1.2154259718775848,alpha_moe_fused_router_candidate63_large_four_cta_cap.py,4.96,1.0,0,0,2,6,,undefined: no audited FLOP convention
C76,qwen_batch_m128,128,512,10,8,False,28204,13.904,9.464,8.416,1.6505194805194805,1.14924941621261,alpha_moe_fused_router_candidate63_large_four_cta_cap.py,8.456,1.0019310848745353,0,0,0,6,,undefined: no audited FLOP convention
C76,qwen_m512,512,512,10,8,False,28205,16.392,12.623999999999999,8.248,1.9893239977226536,1.530571465127306,alpha_moe_fused_router_candidate63_large_four_cta_cap.py,8.328,1.008695230854093,0,0,2,6,,undefined: no audited FLOP convention
C76,qwen_prefill_m16384,16384,512,10,8,False,28206,122.99199999999999,77.112,41.256,2.9811941691674226,1.868749879721531,alpha_moe_fused_router_candidate63_large_four_cta_cap.py,39.480000000000004,0.9549920532362253,0,0,6,6,,undefined: no audited FLOP convention
C77,tp_m32,32,512,8,16,False,28201,9.664,8.543999999999999,7.4799999999999995,1.2909071359285493,1.1425558312655086,alpha_moe_fused_router_candidate63_large_four_cta_cap.py,7.504,1.0,0,0,1,6,,undefined: no audited FLOP convention
C77,batch_m128,128,512,8,16,False,28202,11.312000000000001,10.736,9.696,1.172450495049505,1.1072607260726073,alpha_moe_fused_router_candidate63_large_four_cta_cap.py,9.696,1.0,0,0,1,6,,undefined: no audited FLOP convention
C77,qwen_decode_m8,8,512,10,8,False,28203,11.712,6.024,4.952,2.366491930064001,1.2193753837508197,alpha_moe_fused_router_candidate63_large_four_cta_cap.py,4.944000000000001,0.996784565916399,0,0,3,6,,undefined: no audited FLOP convention
C77,qwen_batch_m128,128,512,10,8,False,28204,13.888,9.504,8.4,1.6609511508431776,1.146534349180937,alpha_moe_fused_router_candidate63_large_four_cta_cap.py,8.408000000000001,1.0009823182711197,0,0,2,6,,undefined: no audited FLOP convention
C77,qwen_m512,512,512,10,8,False,28205,16.328,12.64,8.232,1.9893410852713176,1.5298245614035089,alpha_moe_fused_router_candidate63_large_four_cta_cap.py,8.311999999999998,1.0117092318469785,0,0,0,6,,undefined: no audited FLOP convention
C77,qwen_prefill_m16384,16384,512,10,8,False,28206,122.92,77.096,39.791999999999994,3.08707275809196,1.9453260788780216,alpha_moe_fused_router_candidate63_large_four_cta_cap.py,39.296,0.9872273401396412,0,0,6,6,,undefined: no audited FLOP convention
C78,tp_m32,32,512,8,16,False,28201,9.664000000000001,8.543999999999999,7.448,1.2943121509991231,1.1482255757072317,alpha_moe_fused_router_candidate63_large_four_cta_cap.py,7.4879999999999995,1.004264702539271,0,0,1,6,,undefined: no audited FLOP convention
C78,batch_m128,128,512,8,16,False,28202,11.384,10.719999999999999,9.696000000000002,1.1683105047454703,1.1055677785271256,alpha_moe_fused_router_candidate63_large_four_cta_cap.py,9.696000000000002,1.0032937409343443,0,0,1,6,,undefined: no audited FLOP convention
C78,qwen_decode_m8,8,512,10,8,False,28203,11.824,6.048,4.944,2.3970841651781027,1.2193548387096775,alpha_moe_fused_router_candidate63_large_four_cta_cap.py,4.936,1.003257328990228,0,0,1,6,,undefined: no audited FLOP convention
C78,qwen_batch_m128,128,512,10,8,False,28204,13.952,9.495999999999999,8.4,1.675553630169173,1.138157894736842,alpha_moe_fused_router_candidate63_large_four_cta_cap.py,8.432,0.9960879942288802,0,0,4,6,,undefined: no audited FLOP convention
C78,qwen_m512,512,512,10,8,False,28205,16.311999999999998,12.632,8.248000000000001,1.972916744761405,1.5284984540932922,alpha_moe_fused_router_candidate63_large_four_cta_cap.py,8.344000000000001,1.0086816792019104,0,0,1,6,,undefined: no audited FLOP convention
C78,qwen_prefill_m16384,16384,512,10,8,False,28206,122.928,77.08,39.408,3.1187570552923924,1.96954292491683,alpha_moe_fused_router_candidate63_large_four_cta_cap.py,39.400000000000006,0.999394428744449,0,0,4,6,,undefined: no audited FLOP convention
C79,tp_m32,32,512,8,16,False,28201,9.64,8.543999999999999,7.4799999999999995,1.2890792291220556,1.1390353044528634,alpha_moe_fused_router_candidate63_large_four_cta_cap.py,7.52,1.0021344935987972,0,0,1,6,,undefined: no audited FLOP convention
C79,batch_m128,128,512,8,16,False,28202,11.495999999999999,10.719999999999999,9.719999999999999,1.1878267057117053,1.1064348347039923,alpha_moe_fused_router_candidate63_large_four_cta_cap.py,9.704,1.0008250825082508,0,0,2,6,,undefined: no audited FLOP convention
C79,qwen_decode_m8,8,512,10,8,False,28203,11.792000000000002,6.032,4.96,2.3788364423374215,1.22078853046595,alpha_moe_fused_router_candidate63_large_four_cta_cap.py,4.975999999999999,1.0048915917503964,0,0,2,6,,undefined: no audited FLOP convention
C79,qwen_batch_m128,128,512,10,8,False,28204,13.791999999999998,9.536,8.416,1.6482768591307488,1.1413761859076859,alpha_moe_fused_router_candidate63_large_four_cta_cap.py,8.44,1.0009451728671428,0,0,3,6,,undefined: no audited FLOP convention
C79,qwen_m512,512,512,10,8,False,28205,16.28,12.616,8.272,1.9622371331109194,1.52182020019568,alpha_moe_fused_router_candidate63_large_four_cta_cap.py,8.303999999999998,1.0038797320689397,0,0,1,6,,undefined: no audited FLOP convention
C79,qwen_prefill_m16384,16384,512,10,8,False,28206,122.968,76.92,38.872,3.1652592610413137,1.989040655516801,alpha_moe_fused_router_candidate63_large_four_cta_cap.py,39.376000000000005,1.0145805887307517,0,0,0,6,,undefined: no audited FLOP convention
C80,tp_m32,32,512,8,16,False,28201,11.856,8.352,7.288,1.6268207100648757,1.1459947946790052,alpha_moe_fused_router_candidate63_large_four_cta_cap.py,7.272,1.0000341157205241,0,0,2,6,,undefined: no audited FLOP convention
C80,batch_m128,128,512,8,16,False,28202,12.344,10.480250000000002,9.440000000000001,1.2946027366405766,1.1094217687074832,alpha_moe_fused_router_candidate63_large_four_cta_cap.py,9.416,0.9974561883111277,0,0,5,6,,undefined: no audited FLOP convention
C80,qwen_decode_m8,8,512,10,8,False,28203,11.216,6.208,5.128,2.1825691199376944,1.2074912383177567,alpha_moe_fused_router_candidate63_large_four_cta_cap.py,5.152,1.003120132398754,0,0,2,6,,undefined: no audited FLOP convention
C80,qwen_batch_m128,128,512,10,8,False,28204,14.919999999999998,9.328,8.09625,1.8359118113057684,1.1503883895188243,alpha_moe_fused_router_candidate63_large_four_cta_cap.py,8.128,1.0009800340344404,0,0,3,6,,undefined: no audited FLOP convention
C80,qwen_m512,512,512,10,8,False,28205,16.16,12.672,8.256,1.9611418968023255,1.5261627906976742,alpha_moe_fused_router_candidate63_large_four_cta_cap.py,8.456,1.0146257267441858,0,0,2,6,,undefined: no audited FLOP convention
C80,qwen_prefill_m16384,16384,512,10,8,False,28206,123.23225,78.24849999999999,40.096,3.075425229449322,1.9498229404498213,alpha_moe_fused_router_candidate63_large_four_cta_cap.py,40.040000000000006,0.9978095204456128,0,0,4,6,,undefined: no audited FLOP convention
C81,tp_m32,32,512,8,16,False,28201,11.712,8.36,7.25625,1.6187693524912823,1.1517914626014578,alpha_moe_fused_router_candidate63_large_four_cta_cap.py,7.296000000000001,1.0010964912280702,0,0,1,6,,undefined: no audited FLOP convention
C81,batch_m128,128,512,8,16,False,28202,12.192,10.504000000000001,9.46425,1.2801151636908972,1.1082309589990569,alpha_moe_fused_router_candidate63_large_four_cta_cap.py,9.48,0.9999972222145062,0,0,3,6,,undefined: no audited FLOP convention
C81,qwen_decode_m8,8,512,10,8,False,28203,11.232,6.208,5.152,2.1816770186335406,1.2052882103674465,alpha_moe_fused_router_candidate63_large_four_cta_cap.py,5.152,1.000096749226006,0,0,2,6,,undefined: no audited FLOP convention
C81,qwen_batch_m128,128,512,10,8,False,28204,14.815999999999999,9.336,8.12825,1.8207889936150807,1.153281440781441,alpha_moe_fused_router_candidate63_large_four_cta_cap.py,8.128,1.0009633911368017,0,0,2,6,,undefined: no audited FLOP convention
C81,qwen_m512,512,512,10,8,False,28205,16.192,12.68,8.344000000000001,1.9348133848133848,1.5119829272371645,alpha_moe_fused_router_candidate63_large_four_cta_cap.py,8.44,1.0000358829355112,0,0,3,6,,undefined: no audited FLOP convention
C81,qwen_prefill_m16384,16384,512,10,8,False,28206,123.25625,78.27225000000001,39.464,3.125285240745562,1.9721833471683659,alpha_moe_fused_router_candidate63_large_four_cta_cap.py,40.024,1.010781555323479,0,0,1,6,,undefined: no audited FLOP convention
C82,tp_m32,32,512,8,16,False,28201,11.864,8.368,7.296250000000001,1.6207019153093218,1.1468906024397663,alpha_moe_fused_router_candidate79_large_full_scalar_load.py,7.272,1.0,0,0,2,6,,undefined: no audited FLOP convention
C82,batch_m128,128,512,8,16,False,28202,12.280000000000001,10.488,9.448,1.2867812676853425,1.1121496136655002,alpha_moe_fused_router_candidate79_large_full_scalar_load.py,9.44825,1.0033731513083048,0,0,1,6,,undefined: no audited FLOP convention
C82,qwen_decode_m8,8,512,10,8,False,28203,11.216,6.224,5.15175,2.177730626548575,1.2094832382961864,alpha_moe_fused_router_candidate79_large_full_scalar_load.py,5.152,1.0000485295544987,0,0,2,6,,undefined: no audited FLOP convention
C82,qwen_batch_m128,128,512,10,8,False,28204,14.904,9.336,8.096,1.8279034000187846,1.1520251778872468,alpha_moe_fused_router_candidate79_large_full_scalar_load.py,8.08,0.997025774005972,0,0,4,6,,undefined: no audited FLOP convention
C82,qwen_m512,512,512,10,8,False,28205,16.168,12.67225,8.248000000000001,1.9534823773792227,1.5336239532846383,alpha_moe_fused_router_candidate79_large_full_scalar_load.py,8.384,1.0124778570846211,0,0,2,6,,undefined: no audited FLOP convention
C82,qwen_prefill_m16384,16384,512,10,8,False,28206,123.144,78.4005,39.512249999999995,3.11661636677813,1.9740296764103227,alpha_moe_fused_router_candidate79_large_full_scalar_load.py,39.519999999999996,0.9995884956067373,0,0,3,6,,undefined: no audited FLOP convention
C83,tp_m32,32,512,8,16,False,28201,11.792000000000002,8.384,7.288,1.6155309755746434,1.1481877771351456,alpha_moe_fused_router_candidate63_large_four_cta_cap.py,7.312,1.0022050957891666,0,0,1,6,,undefined: no audited FLOP convention
C83,batch_m128,128,512,8,16,False,28202,12.152000000000001,10.488,9.456,1.273216263249486,1.1088713298015622,alpha_moe_fused_router_candidate63_large_four_cta_cap.py,9.44,0.9966381901597849,0,0,5,6,,undefined: no audited FLOP convention
C83,qwen_decode_m8,8,512,10,8,False,28203,11.232000000000001,6.208,5.136,2.1791343167701864,1.2090488707165108,alpha_moe_fused_router_candidate63_large_four_cta_cap.py,5.152,1.0015576323987538,0,0,2,6,,undefined: no audited FLOP convention
C83,qwen_batch_m128,128,512,10,8,False,28204,14.84,9.352,8.128,1.82481593427885,1.150471342383107,alpha_moe_fused_router_candidate63_large_four_cta_cap.py,8.112,0.9970868240670221,0,0,4,6,,undefined: no audited FLOP convention
C83,qwen_m512,512,512,10,8,False,28205,16.19225,12.696,8.216,1.9581313855325733,1.528723993294954,alpha_moe_fused_router_candidate63_large_four_cta_cap.py,8.591999999999999,1.0218866558030055,0,0,0,6,,undefined: no audited FLOP convention
C83,qwen_prefill_m16384,16384,512,10,8,False,28206,123.1045,78.28025,38.608000000000004,3.188171381016254,2.0218269521901613,alpha_moe_fused_router_candidate63_large_four_cta_cap.py,40.096000000000004,1.0357443145713434,0,0,0,6,,undefined: no audited FLOP convention
C84,tp_m32,32,512,8,16,False,28201,11.815999999999999,8.4,7.296,1.6184210526315788,1.1522467273215862,alpha_moe_fused_router_candidate80_medium_full_scalar_load.py,7.32,1.0021929824561404,0,0,1,6,,undefined: no audited FLOP convention
C84,batch_m128,128,512,8,16,False,28202,12.144,10.504000000000001,9.456,1.2757901969766374,1.1099862574438846,alpha_moe_fused_router_candidate80_medium_full_scalar_load.py,9.48,0.9975165562913906,0,0,3,6,,undefined: no audited FLOP convention
C84,qwen_decode_m8,8,512,10,8,False,28203,11.344,6.224,5.152,2.1972049689440993,1.2089755386856837,alpha_moe_fused_router_candidate80_medium_full_scalar_load.py,5.152,1.0,0,0,0,6,,undefined: no audited FLOP convention
C84,qwen_batch_m128,128,512,10,8,False,28204,14.496,9.312000000000001,8.176,1.7720166973039215,1.146848310785277,alpha_moe_fused_router_candidate80_medium_full_scalar_load.py,8.184000000000001,1.0009541984732824,0,0,2,6,,undefined: no audited FLOP convention
C84,qwen_m512,512,512,10,8,False,28205,16.464,12.895999999999999,8.128,2.012764517716536,1.5944690992767914,alpha_moe_fused_router_candidate80_medium_full_scalar_load.py,8.2,1.0049232011679012,0,0,2,6,,undefined: no audited FLOP convention
C84,qwen_prefill_m16384,16384,512,10,8,False,28206,123.72775000000001,78.184,39.952,3.0983180775389543,1.9541392679448046,alpha_moe_fused_router_candidate80_medium_full_scalar_load.py,39.784,0.9988012233185662,0,0,3,6,,undefined: no audited FLOP convention
C85,tp_m32,32,512,8,16,False,28201,10.024000000000001,8.504000000000001,7.448,1.345867368129586,1.1439314227698556,alpha_moe_fused_router_candidate83_large_split_tail.py,7.432,0.9989270386266095,0,0,3,6,,undefined: no audited FLOP convention
C85,batch_m128,128,512,8,16,False,28202,11.32,10.728,9.680000000000001,1.173623188405797,1.1094389438943895,alpha_moe_fused_router_candidate83_large_split_tail.py,9.696,1.0000054282185942,0,0,3,6,,undefined: no audited FLOP convention
C85,qwen_decode_m8,8,512,10,8,False,28203,11.408,6.048,4.92,2.3149483449293697,1.2213279047917318,alpha_moe_fused_router_candidate83_large_split_tail.py,4.904,0.9934957801890982,0,0,4,6,,undefined: no audited FLOP convention
C85,qwen_batch_m128,128,512,10,8,False,28204,13.696,9.576,8.424,1.6273182957393484,1.1450134770889489,alpha_moe_fused_router_candidate83_large_split_tail.py,8.424,0.9971626643796454,0,0,4,6,,undefined: no audited FLOP convention
C85,qwen_m512,512,512,10,8,False,28205,16.176000000000002,12.768,8.296,1.9467466600692724,1.5254735925111107,alpha_moe_fused_router_candidate83_large_split_tail.py,8.368,1.0106476691706776,0,0,0,6,,undefined: no audited FLOP convention
C85,qwen_prefill_m16384,16384,512,10,8,False,28206,122.368,77.84,40.28,3.037539737738813,1.9341025573545108,alpha_moe_fused_router_candidate83_large_split_tail.py,40.208,1.000595474394601,0,0,2,6,,undefined: no audited FLOP convention
C86,tp_m32,32,512,8,16,False,28201,10.008,8.48,7.4719999999999995,1.3404680679358791,1.1349088441363122,alpha_moe_fused_router_candidate85_split_prefix_composition.py,7.448,0.9967809967809969,0,0,4,6,,undefined: no audited FLOP convention
C86,batch_m128,128,512,8,16,False,28202,11.256,10.712,9.696000000000002,1.1548507918413873,1.106084460711513,alpha_moe_fused_router_candidate85_split_prefix_composition.py,9.719999999999999,0.9991638795986622,0,0,3,6,,undefined: no audited FLOP convention
C86,qwen_decode_m8,8,512,10,8,False,28203,11.504,6.0,4.96,2.308224260537978,1.2096774193548387,alpha_moe_fused_router_candidate85_split_prefix_composition.py,4.896,0.9920176700226013,0,0,4,6,,undefined: no audited FLOP convention
C86,qwen_batch_m128,128,512,10,8,False,28204,13.616,9.568,8.496,1.6206701369051402,1.142740007194397,alpha_moe_fused_router_candidate85_split_prefix_composition.py,8.424,0.9981811102458562,0,0,3,6,,undefined: no audited FLOP convention
C86,qwen_m512,512,512,10,8,False,28205,16.168,12.808,8.264,1.9556309422845155,1.5346714583248253,alpha_moe_fused_router_candidate85_split_prefix_composition.py,8.288,1.003875968992248,0,0,1,6,,undefined: no audited FLOP convention
C86,qwen_prefill_m16384,16384,512,10,8,False,28206,122.408,77.99199999999999,40.432,3.029104386924292,1.9289688341332452,alpha_moe_fused_router_candidate85_split_prefix_composition.py,40.304,0.9990222917481423,0,0,3,6,,undefined: no audited FLOP convention
C87,tp_m32,32,512,8,16,False,28201,10.024000000000001,8.488000000000001,7.4559999999999995,1.3476466795615734,1.1416335101679929,alpha_moe_fused_router_candidate85_split_prefix_composition.py,7.448,0.9989316239316239,0,0,3,6,,undefined: no audited FLOP convention
C87,batch_m128,128,512,8,16,False,28202,11.303999999999998,10.735999999999999,9.712,1.1717838759042851,1.1103764981761333,alpha_moe_fused_router_candidate85_split_prefix_composition.py,9.712,0.9991776315789473,0,0,3,6,,undefined: no audited FLOP convention
C87,qwen_decode_m8,8,512,10,8,False,28203,11.440000000000001,6.0,4.888,2.3366013071895426,1.227124183006536,alpha_moe_fused_router_candidate85_split_prefix_composition.py,4.896,1.0,0,0,2,6,,undefined: no audited FLOP convention
C87,qwen_batch_m128,128,512,10,8,False,28204,13.672,9.527999999999999,8.440000000000001,1.6322343453510437,1.1489226374063704,alpha_moe_fused_router_candidate85_split_prefix_composition.py,8.384,0.9981060606060606,0,0,3,6,,undefined: no audited FLOP convention
C87,qwen_m512,512,512,10,8,False,28205,16.152,12.776,8.303999999999998,1.9350389067855198,1.5270423375074538,alpha_moe_fused_router_candidate85_split_prefix_composition.py,8.303999999999998,1.0009764460345856,0,0,3,6,,undefined: no audited FLOP convention
C87,qwen_prefill_m16384,16384,512,10,8,False,28206,122.488,78.0,40.31999999999999,3.0397059942041,1.9313552904398517,alpha_moe_fused_router_candidate85_split_prefix_composition.py,40.343999999999994,0.9994054095794342,0,0,4,6,,undefined: no audited FLOP convention
C88,tp_m32,32,512,8,16,False,28201,10.008,8.504,7.464,1.3462854349951123,1.1359813834055528,alpha_moe_fused_router_candidate85_split_prefix_composition.py,7.4799999999999995,1.0,0,0,2,6,,undefined: no audited FLOP convention
C88,batch_m128,128,512,8,16,False,28202,11.432,10.712,9.719999999999999,1.1751690742844776,1.1027998701509496,alpha_moe_fused_router_candidate85_split_prefix_composition.py,9.696,0.9958976015505128,0,0,4,6,,undefined: no audited FLOP convention
C88,qwen_decode_m8,8,512,10,8,False,28203,11.44,6.008000000000001,4.92,2.3215985968428967,1.2209665334665336,alpha_moe_fused_router_candidate85_split_prefix_composition.py,4.928,0.998371335504886,0,0,3,6,,undefined: no audited FLOP convention
C88,qwen_batch_m128,128,512,10,8,False,28204,13.664000000000001,9.544,8.456,1.634862155388471,1.1428320802005012,alpha_moe_fused_router_candidate85_split_prefix_composition.py,8.440000000000001,0.99718397776806,0,0,4,6,,undefined: no audited FLOP convention
C88,qwen_m512,512,512,10,8,False,28205,16.168,12.768,8.096,2.002015373078365,1.586989126359205,alpha_moe_fused_router_candidate85_split_prefix_composition.py,8.311999999999998,1.0237470316210473,0,0,0,6,,undefined: no audited FLOP convention
C88,qwen_prefill_m16384,16384,512,10,8,False,28206,122.44800000000001,77.744,40.31999999999999,3.0366780494553876,1.930266176471517,alpha_moe_fused_router_candidate85_split_prefix_composition.py,40.263999999999996,0.999007307624582,0,0,3,6,,undefined: no audited FLOP convention
C89,tp_m32,32,512,8,16,False,28201,10.032,8.496,7.472,1.3372585126316472,1.1406143501888182,alpha_moe_fused_router_candidate85_split_prefix_composition.py,7.4559999999999995,0.9967900893432808,0,0,5,6,,undefined: no audited FLOP convention
C89,batch_m128,128,512,8,16,False,28202,11.408,10.688,9.736,1.1745901639344263,1.1048839366083851,alpha_moe_fused_router_candidate85_split_prefix_composition.py,9.688,0.9967213114754099,0,0,4,6,,undefined: no audited FLOP convention
C89,qwen_decode_m8,8,512,10,8,False,28203,11.52,6.008,4.896,2.3383924082453493,1.2189542483660132,alpha_moe_fused_router_candidate85_split_prefix_composition.py,4.912,0.9984288587229764,0,0,3,6,,undefined: no audited FLOP convention
C89,qwen_batch_m128,128,512,10,8,False,28204,13.704,9.504000000000001,8.448,1.625,1.13977711131762,alpha_moe_fused_router_candidate85_split_prefix_composition.py,8.440000000000001,0.998019801980198,0,0,5,6,,undefined: no audited FLOP convention
C89,qwen_m512,512,512,10,8,False,28205,16.128,12.776,8.303999999999998,1.9342432133129805,1.5280521385172547,alpha_moe_fused_router_candidate85_split_prefix_composition.py,8.280000000000001,0.9980732393523091,0,0,3,6,,undefined: no audited FLOP convention
C89,qwen_prefill_m16384,16384,512,10,8,False,28206,122.56,78.03200000000001,34.496,3.55309992812658,2.2672828236042806,alpha_moe_fused_router_candidate85_split_prefix_composition.py,40.304,1.1751859585615374,0,0,0,6,,undefined: no audited FLOP convention
C90,tp_m32,32,512,8,16,False,28201,9.96,8.512,7.448,1.3462509712509714,1.1460879236505943,alpha_moe_fused_router_candidate88_medium_pregrid_row_load.py,7.4719999999999995,1.0043360471776959,0,0,2,6,,undefined: no audited FLOP convention
C90,batch_m128,128,512,8,16,False,28202,11.384,10.712,9.72025,1.1761028415633679,1.1068886741059663,alpha_moe_fused_router_candidate88_medium_pregrid_row_load.py,9.712,0.9991816693944353,0,0,3,6,,undefined: no audited FLOP convention
C90,qwen_decode_m8,8,512,10,8,False,28203,11.44,5.968,4.928,2.326323002319207,1.2159498207885306,alpha_moe_fused_router_candidate88_medium_pregrid_row_load.py,4.928,1.0032258064516129,0,0,2,6,,undefined: no audited FLOP convention
C90,qwen_batch_m128,128,512,10,8,False,28204,13.632,9.512,8.448,1.6363636363636362,1.138708532720591,alpha_moe_fused_router_candidate88_medium_pregrid_row_load.py,8.464,0.996139700407993,0,0,4,6,,undefined: no audited FLOP convention
C90,qwen_m512,512,512,10,8,False,28205,16.128,12.752,8.008,2.008,1.6003992015968067,alpha_moe_fused_router_candidate88_medium_pregrid_row_load.py,8.064,1.0030889826286247,0,0,1,6,,undefined: no audited FLOP convention
C90,qwen_prefill_m16384,16384,512,10,8,False,28206,122.456,77.832,40.28,3.0422954725972997,1.934330657320741,alpha_moe_fused_router_candidate88_medium_pregrid_row_load.py,40.263999999999996,1.000595710881652,0,0,2,6,,undefined: no audited FLOP convention
C91,tp_m32,32,512,8,16,False,28201,9.719999999999999,8.448,7.416,1.3128374730021597,1.134262335936202,alpha_moe_fused_router_candidate89_cta_range_reservation.py,7.4,0.997833089174367,0,0,4,6,,undefined: no audited FLOP convention
C91,batch_m128,128,512,8,16,False,28202,11.296,10.704,9.696,1.1621144873108,1.1051328020702265,alpha_moe_fused_router_candidate89_cta_range_reservation.py,9.719999999999999,1.0008250825082508,0,0,2,6,,undefined: no audited FLOP convention
C91,qwen_decode_m8,8,512,10,8,False,28203,11.904,6.055999999999999,4.936,2.3948220064724914,1.2187933425797501,alpha_moe_fused_router_candidate89_cta_range_reservation.py,4.96,1.0048648762240995,0,0,1,6,,undefined: no audited FLOP convention
C91,qwen_batch_m128,128,512,10,8,False,28204,13.928,9.496,8.416,1.6663965297893293,1.1464088705013569,alpha_moe_fused_router_candidate89_cta_range_reservation.py,8.36,1.0,0,0,2,6,,undefined: no audited FLOP convention
C91,qwen_m512,512,512,10,8,False,28205,16.504,12.56,8.056000000000001,2.04463319095329,1.5593121272365806,alpha_moe_fused_router_candidate89_cta_range_reservation.py,8.048000000000002,0.9990059642147118,0,0,3,6,,undefined: no audited FLOP convention
C91,qwen_prefill_m16384,16384,512,10,8,False,28206,123.03999999999999,75.864,34.768,3.5391172842957364,2.184539543500861,alpha_moe_fused_router_candidate89_cta_range_reservation.py,34.29599999999999,0.984118632718924,0,0,6,6,,undefined: no audited FLOP convention
C92,tp_m32,32,512,8,16,False,28201,11.808,8.384,7.272,1.6223804704067861,1.1527504057500582,alpha_moe_fused_router_candidate89_cta_range_reservation.py,7.279999999999999,1.0011086474501107,0,0,2,6,,undefined: no audited FLOP convention
C92,batch_m128,128,512,8,16,False,28202,12.120000000000001,10.463999999999999,9.464,1.2734768443633777,1.1082239990990481,alpha_moe_fused_router_candidate89_cta_range_reservation.py,9.46425,0.9991708126036485,0,0,3,6,,undefined: no audited FLOP convention
C92,qwen_decode_m8,8,512,10,8,False,28203,11.288,6.208,5.136,2.1965683411214956,1.2080765409951484,alpha_moe_fused_router_candidate89_cta_range_reservation.py,5.152,1.003115264797508,0,0,1,6,,undefined: no audited FLOP convention
C92,qwen_batch_m128,128,512,10,8,False,28204,15.024,9.376,8.112,1.851105630076873,1.1564140510893086,alpha_moe_fused_router_candidate89_cta_range_reservation.py,8.14425,1.0049564587499802,0,0,1,6,,undefined: no audited FLOP convention
C92,qwen_m512,512,512,10,8,False,28205,16.208,12.671999999999999,8.112000000000002,1.9951271597748008,1.561278731423438,alpha_moe_fused_router_candidate89_cta_range_reservation.py,8.128,1.000990099009901,0,0,2,6,,undefined: no audited FLOP convention
C92,qwen_prefill_m16384,16384,512,10,8,False,28206,123.44825,77.94425,35.74425000000001,3.4529835537330658,2.1806134713413234,alpha_moe_fused_router_candidate89_cta_range_reservation.py,34.480000000000004,0.9661971372750388,0,0,6,6,,undefined: no audited FLOP convention
C93,tp_m32,32,512,8,16,False,28201,11.76,8.376,7.304,1.6082988584999618,1.1468008608775766,alpha_moe_fused_router_candidate89_cta_range_reservation.py,7.296,0.9978142050395116,0,0,5,6,,undefined: no audited FLOP convention
C93,batch_m128,128,512,8,16,False,28202,11.984250000000001,10.496,9.464,1.2623487961737596,1.1117655367231638,alpha_moe_fused_router_candidate89_cta_range_reservation.py,9.472,1.0033560448223435,0,0,1,6,,undefined: no audited FLOP convention
C93,qwen_decode_m8,8,512,10,8,False,28203,11.256250000000001,6.216,5.152,2.1848311335403725,1.2080745341614907,alpha_moe_fused_router_candidate89_cta_range_reservation.py,5.152,1.0,0,0,0,6,,undefined: no audited FLOP convention
C93,qwen_batch_m128,128,512,10,8,False,28204,15.128,9.376000000000001,8.08,1.8544215446389358,1.1547800891296474,alpha_moe_fused_router_candidate89_cta_range_reservation.py,8.112,1.001984126984127,0,0,2,6,,undefined: no audited FLOP convention
C93,qwen_m512,512,512,10,8,False,28205,16.28025,12.71225,7.98425,2.0407580233312252,1.6061620391512563,alpha_moe_fused_router_candidate89_cta_range_reservation.py,8.16,1.0276513803649097,0,0,0,6,,undefined: no audited FLOP convention
C93,qwen_prefill_m16384,16384,512,10,8,False,28206,123.48025,78.34424999999999,34.384,3.5919791101833085,2.2801010172426723,alpha_moe_fused_router_candidate89_cta_range_reservation.py,34.34425,1.0002327578084147,0,0,3,6,,undefined: no audited FLOP convention
C94,tp_m32,32,512,8,16,False,28201,11.752,8.416,7.312000000000001,1.6072210065645511,1.1483255636951766,alpha_moe_fused_router_candidate89_cta_range_reservation.py,7.336,1.004362096850918,0,0,1,6,,undefined: no audited FLOP convention
C94,batch_m128,128,512,8,16,False,28202,12.208,10.528,9.512,1.2817795899191249,1.1035130554998105,alpha_moe_fused_router_candidate89_cta_range_reservation.py,9.512,0.9999860637277855,0,0,3,6,,undefined: no audited FLOP convention
C94,qwen_decode_m8,8,512,10,8,False,28203,11.264,6.255999999999999,5.16,2.1782877910889753,1.2080151946818614,alpha_moe_fused_router_candidate89_cta_range_reservation.py,5.168000000000001,1.0046583850931676,0,0,2,6,,undefined: no audited FLOP convention
C94,qwen_batch_m128,128,512,10,8,False,28204,14.872,9.344,8.128,1.8149606299212597,1.1466535433070866,alpha_moe_fused_router_candidate89_cta_range_reservation.py,8.176,1.0038769008835726,0,0,1,6,,undefined: no audited FLOP convention
C94,qwen_m512,512,512,10,8,False,28205,16.176000000000002,12.671999999999999,8.152000000000001,1.9783735284562909,1.5529471470478549,alpha_moe_fused_router_candidate89_cta_range_reservation.py,8.112,0.9960784313725489,0,0,3,6,,undefined: no audited FLOP convention
C94,qwen_prefill_m16384,16384,512,10,8,False,28206,123.608,78.47999999999999,31.392,3.9416595264059824,2.493627124984413,alpha_moe_fused_router_candidate89_cta_range_reservation.py,34.599999999999994,1.1032108566440832,0,0,0,6,,undefined: no audited FLOP convention
C95,tp_m32,32,512,8,16,False,28201,11.728,8.440000000000001,7.368,1.589583537435912,1.1433250023578232,alpha_moe_fused_router_candidate94_large_bitmap_finite_tie.py,7.344,0.9934876818888558,0,0,4,6,,undefined: no audited FLOP convention
C95,batch_m128,128,512,8,16,False,28202,12.128,10.552,9.504000000000001,1.2768955264224893,1.107576938059992,alpha_moe_fused_router_candidate94_large_bitmap_finite_tie.py,9.528,1.0008403361344538,0,0,2,6,,undefined: no audited FLOP convention
C95,qwen_decode_m8,8,512,10,8,False,28203,11.264,6.24,5.152,2.179577869795261,1.2111801242236024,alpha_moe_fused_router_candidate94_large_bitmap_finite_tie.py,5.168,1.0015384615384615,0,0,1,6,,undefined: no audited FLOP convention
C95,qwen_batch_m128,128,512,10,8,False,28204,14.92,9.304000000000002,8.144,1.8339817816890536,1.1470920714118655,alpha_moe_fused_router_candidate94_large_bitmap_finite_tie.py,8.16,1.0067695497986415,0,0,1,6,,undefined: no audited FLOP convention
C95,qwen_m512,512,512,10,8,False,28205,16.28,12.696,7.888,2.064193638668467,1.6308937802508974,alpha_moe_fused_router_candidate94_large_bitmap_finite_tie.py,8.16,1.0314691646636596,0,0,0,6,,undefined: no audited FLOP convention
C95,qwen_prefill_m16384,16384,512,10,8,False,28206,123.632,78.656,31.240000000000002,3.959778538680895,2.5154823267099484,alpha_moe_fused_router_candidate94_large_bitmap_finite_tie.py,31.351999999999997,1.0000017015582086,0,0,3,6,,undefined: no audited FLOP convention
C96,tp_m32,32,512,8,16,False,28201,11.744,8.416,7.343999999999999,1.59738798901203,1.1459654452249857,alpha_moe_fused_router_candidate95_bitmap_preload_composition.py,7.336,0.9989106753812637,0,0,3,6,,undefined: no audited FLOP convention
C96,batch_m128,128,512,8,16,False,28202,12.264,10.536000000000001,9.488,1.28506262085713,1.1134463276836157,alpha_moe_fused_router_candidate95_bitmap_preload_composition.py,9.52,1.0033726908726908,0,0,1,6,,undefined: no audited FLOP convention
C96,qwen_decode_m8,8,512,10,8,False,28203,11.24,6.24,5.168,2.179577869795261,1.2074227436546279,alpha_moe_fused_router_candidate95_bitmap_preload_composition.py,5.152,1.0,0,0,2,6,,undefined: no audited FLOP convention
C96,qwen_batch_m128,128,512,10,8,False,28204,14.815999999999999,9.344,8.16,1.8048951156496065,1.1492157230346205,alpha_moe_fused_router_candidate95_bitmap_preload_composition.py,8.144,0.998046875,0,0,3,6,,undefined: no audited FLOP convention
C96,qwen_m512,512,512,10,8,False,28205,16.208,12.664000000000001,7.728000000000001,2.1046686941058224,1.633164523251119,alpha_moe_fused_router_candidate95_bitmap_preload_composition.py,7.84,0.9960120474071175,0,0,4,6,,undefined: no audited FLOP convention
C96,qwen_prefill_m16384,16384,512,10,8,False,28206,123.648,78.328,32.17575,3.8449742592877785,2.424676965948634,alpha_moe_fused_router_candidate95_bitmap_preload_composition.py,31.304,0.9724701540604666,0,0,6,6,,undefined: no audited FLOP convention
C98,tp_m32,32,512,8,16,False,28201,11.84,8.416,7.328,1.612217581165749,1.1497281492169358,alpha_moe_fused_router_candidate95_bitmap_preload_composition.py,7.36,1.002183406113537,0,0,2,6,,undefined: no audited FLOP convention
C98,batch_m128,128,512,8,16,False,28202,12.248000000000001,10.552,9.512,1.2900060024009603,1.1104542042042043,alpha_moe_fused_router_candidate95_bitmap_preload_composition.py,9.527999999999999,1.0025029693872978,0,0,1,6,,undefined: no audited FLOP convention
C98,qwen_decode_m8,8,512,10,8,False,28203,11.248000000000001,6.256,5.168000000000001,2.1764705882352935,1.2101911132345915,alpha_moe_fused_router_candidate95_bitmap_preload_composition.py,5.184,1.003095975232198,0,0,1,6,,undefined: no audited FLOP convention
C98,qwen_batch_m128,128,512,10,8,False,28204,14.895999999999999,9.4,8.224,1.8101837103111396,1.1421650055370987,alpha_moe_fused_router_candidate95_bitmap_preload_composition.py,8.144,0.9912013820939334,0,0,6,6,,undefined: no audited FLOP convention
C98,qwen_m512,512,512,10,8,False,28205,16.272,12.68,7.863999999999999,2.0681966833080816,1.6083782485945872,alpha_moe_fused_router_candidate95_bitmap_preload_composition.py,7.696,0.9787718651427635,0,0,6,6,,undefined: no audited FLOP convention
C98,qwen_prefill_m16384,16384,512,10,8,False,28206,123.72800000000001,78.792,31.311999999999998,3.950434586437895,2.5127571977896688,alpha_moe_fused_router_candidate95_bitmap_preload_composition.py,31.311999999999998,0.9974515800203873,0,0,4,6,,undefined: no audited FLOP convention
C99,tp_m32,32,512,8,16,False,28201,11.824000000000002,8.416,7.343999999999999,1.608271762811405,1.1448801742919392,alpha_moe_fused_router_candidate95_bitmap_preload_composition.py,7.344,1.0,0,0,3,6,,undefined: no audited FLOP convention
C99,batch_m128,128,512,8,16,False,28202,12.104,10.52,9.536,1.2664571721078375,1.1063643225315873,alpha_moe_fused_router_candidate95_bitmap_preload_composition.py,9.512,1.0,0,0,2,6,,undefined: no audited FLOP convention
C99,qwen_decode_m8,8,512,10,8,False,28203,11.208,6.256,5.168000000000001,2.17054785300848,1.2105283337167396,alpha_moe_fused_router_candidate95_bitmap_preload_composition.py,5.168000000000001,1.0,0,0,2,6,,undefined: no audited FLOP convention
C99,qwen_batch_m128,128,512,10,8,False,28204,14.936,9.328,8.176,1.7963025210084034,1.1431372549019607,alpha_moe_fused_router_candidate95_bitmap_preload_composition.py,8.144,0.9960860906862745,0,0,4,6,,undefined: no audited FLOP convention
C99,qwen_m512,512,512,10,8,False,28205,16.192,12.688,7.72,2.0860659610659606,1.6424868129413586,alpha_moe_fused_router_candidate95_bitmap_preload_composition.py,7.904,0.997920997920998,0,0,3,6,,undefined: no audited FLOP convention
C99,qwen_prefill_m16384,16384,512,10,8,False,28206,123.68799999999999,78.78399999999999,30.184,4.099125230901165,2.610967754605082,alpha_moe_fused_router_candidate95_bitmap_preload_composition.py,31.248,1.0351944283389494,0,0,0,6,,undefined: no audited FLOP convention
C100,tp_m32,32,512,8,16,False,28201,11.768,8.416,7.352,1.5965367965367965,1.1436369233683812,alpha_moe_fused_router_candidate99_large_five_cta_cap.py,7.336,0.9956709345605294,0,0,5,6,,undefined: no audited FLOP convention
C100,batch_m128,128,512,8,16,False,28202,12.176,10.544,9.528,1.2716195012452118,1.105921308920919,alpha_moe_fused_router_candidate99_large_five_cta_cap.py,9.536,0.9991721854304635,0,0,3,6,,undefined: no audited FLOP convention
C100,qwen_decode_m8,8,512,10,8,False,28203,11.240000000000002,6.232,5.152,2.185364906832298,1.217530368338558,alpha_moe_fused_router_candidate99_large_five_cta_cap.py,5.16,1.0077352196917415,0,0,1,6,,undefined: no audited FLOP convention
C100,qwen_batch_m128,128,512,10,8,False,28204,14.864,9.312000000000001,8.152000000000001,1.8228784003720064,1.1422974690858663,alpha_moe_fused_router_candidate99_large_five_cta_cap.py,8.152000000000001,0.9950922608729149,0,0,4,6,,undefined: no audited FLOP convention
C100,qwen_m512,512,512,10,8,False,28205,16.16,12.696,8.552,1.8803380658349784,1.5173653407261172,alpha_moe_fused_router_candidate99_large_five_cta_cap.py,7.664,0.9218730464460101,0,0,6,6,,undefined: no audited FLOP convention
C100,qwen_prefill_m16384,16384,512,10,8,False,28206,123.696,78.72800000000001,30.160000000000004,4.103986214198328,2.608786719341359,alpha_moe_fused_router_candidate99_large_five_cta_cap.py,30.223999999999997,1.0021367521367521,0,0,1,6,,undefined: no audited FLOP convention
C101,tp_m32,32,512,8,16,False,28201,12.000250000000001,8.448,7.344,1.628297114548479,1.1469039206585268,alpha_moe_fused_router_candidate99_large_five_cta_cap.py,7.32,0.9956473964894996,0,0,4,6,,undefined: no audited FLOP convention
C101,batch_m128,128,512,8,16,False,28202,12.05625,10.527999999999999,9.527999999999999,1.2661572778955918,1.1096404240060955,alpha_moe_fused_router_candidate99_large_five_cta_cap.py,9.52,1.000018270230767,0,0,3,6,,undefined: no audited FLOP convention
C101,qwen_decode_m8,8,512,10,8,False,28203,11.408,6.28,5.176,2.2015508720650727,1.2136339237788514,alpha_moe_fused_router_candidate99_large_five_cta_cap.py,5.2,1.0061634598947746,0,0,1,6,,undefined: no audited FLOP convention
C101,qwen_batch_m128,128,512,10,8,False,28204,15.032,9.36,8.176,1.8402587410033218,1.1473384030418252,alpha_moe_fused_router_candidate99_large_five_cta_cap.py,8.192,1.005763065682547,0,0,1,6,,undefined: no audited FLOP convention
C101,qwen_m512,512,512,10,8,False,28205,16.368250000000003,12.632000000000001,7.704000000000001,2.1288627798266044,1.6396868530020703,alpha_moe_fused_router_candidate99_large_five_cta_cap.py,7.76,1.002070393374741,0,0,2,6,,undefined: no audited FLOP convention
C101,qwen_prefill_m16384,16384,512,10,8,False,28206,124.5205,78.64825,30.472,4.086390864170471,2.5749747802834326,alpha_moe_fused_router_candidate99_large_five_cta_cap.py,30.448,0.999988655345188,0,0,3,6,,undefined: no audited FLOP convention
C102,tp_m32,32,512,8,16,False,28201,9.719999999999999,8.456,7.392,1.3149350649350648,1.1439393939393938,alpha_moe_fused_router_candidate99_large_five_cta_cap.py,7.416,1.0032467532467533,0,0,1,6,,undefined: no audited FLOP convention
C102,batch_m128,128,512,8,16,False,28202,11.335999999999999,10.70425,9.704,1.1724932911032087,1.1054626433038042,alpha_moe_fused_router_candidate99_large_five_cta_cap.py,9.696000000000002,1.0,0,0,2,6,,undefined: no audited FLOP convention
C102,qwen_decode_m8,8,512,10,8,False,28203,11.75225,6.056,4.96,2.362442396313364,1.2183036174379058,alpha_moe_fused_router_candidate99_large_five_cta_cap.py,4.96,1.0000104059355457,0,0,3,6,,undefined: no audited FLOP convention
C102,qwen_batch_m128,128,512,10,8,False,28204,13.976,9.480249999999998,8.432,1.6546489563567364,1.1444693193658302,alpha_moe_fused_router_candidate99_large_five_cta_cap.py,8.456,1.0,0,0,2,6,,undefined: no audited FLOP convention
C102,qwen_m512,512,512,10,8,False,28205,16.408,12.576,7.792,2.1191527472087297,1.615093588211868,alpha_moe_fused_router_candidate99_large_five_cta_cap.py,7.784000000000001,0.9969633374014579,0,0,4,6,,undefined: no audited FLOP convention
C102,qwen_prefill_m16384,16384,512,10,8,False,28206,123.3925,75.9285,30.78425,4.008578737836576,2.4735638341082886,alpha_moe_fused_router_candidate99_large_five_cta_cap.py,29.992250000000002,0.974353172055365,0,0,6,6,,undefined: no audited FLOP convention
C103,tp_m32,32,512,8,16,False,28201,9.696,8.48,7.392,1.314945652173913,1.1439561469265365,alpha_moe_fused_router_candidate99_large_five_cta_cap.py,7.392,1.0021817602335132,0,0,2,6,,undefined: no audited FLOP convention
C103,batch_m128,128,512,8,16,False,28202,11.368,10.728,9.696,1.1713052545579636,1.1077887788778877,alpha_moe_fused_router_candidate99_large_five_cta_cap.py,9.664000000000001,0.9999903579673494,0,0,3,6,,undefined: no audited FLOP convention
C103,qwen_decode_m8,8,512,10,8,False,28203,11.584,6.016,4.991999999999999,2.3136416263030704,1.2102735349287819,alpha_moe_fused_router_candidate99_large_five_cta_cap.py,4.96,0.9952075695824032,0,0,4,6,,undefined: no audited FLOP convention
C103,qwen_batch_m128,128,512,10,8,False,28204,14.04,9.552,8.44,1.6674040138368733,1.1426188804173356,alpha_moe_fused_router_candidate99_large_five_cta_cap.py,8.416,0.9981273408239701,0,0,3,6,,undefined: no audited FLOP convention
C103,qwen_m512,512,512,10,8,False,28205,16.36,12.591999999999999,7.76825,2.1033968357580033,1.6289626219838986,alpha_moe_fused_router_candidate99_large_five_cta_cap.py,7.808,1.004034133192389,0,0,1,6,,undefined: no audited FLOP convention
C103,qwen_prefill_m16384,16384,512,10,8,False,28206,123.36,75.968,29.880000000000003,4.131049587989725,2.547214308184201,alpha_moe_fused_router_candidate99_large_five_cta_cap.py,29.9845,1.0050849524166199,0,0,0,6,,undefined: no audited FLOP convention
C105,tp_m32,32,512,8,16,False,28201,9.64,8.48,7.416,1.301295896328294,1.144708423326134,alpha_moe_fused_router_candidate99_large_five_cta_cap.py,7.4,0.9989200863930886,0,0,3,6,,undefined: no audited FLOP convention
C105,batch_m128,128,512,8,16,False,28202,11.431999999999999,10.712,9.719999999999999,1.1786029762420878,1.105771977260122,alpha_moe_fused_router_candidate99_large_five_cta_cap.py,9.728,1.000025572831424,0,0,2,6,,undefined: no audited FLOP convention
C105,qwen_decode_m8,8,512,10,8,False,28203,11.672249999999998,6.04,4.992,2.344551282051282,1.2128031047759482,alpha_moe_fused_router_candidate99_large_five_cta_cap.py,4.975999999999999,1.0031948881789137,0,0,2,6,,undefined: no audited FLOP convention
C105,qwen_batch_m128,128,512,10,8,False,28204,13.856250000000001,9.52,8.440000000000001,1.6525768348867893,1.1484644658477359,alpha_moe_fused_router_candidate99_large_five_cta_cap.py,8.40025,1.000908435212515,0,0,3,6,,undefined: no audited FLOP convention
C105,qwen_m512,512,512,10,8,False,28205,16.42425,12.616,7.824,2.096155303822348,1.6191179398685869,alpha_moe_fused_router_candidate99_large_five_cta_cap.py,7.776,0.9947535093682218,0,0,5,6,,undefined: no audited FLOP convention
C105,qwen_prefill_m16384,16384,512,10,8,False,28206,123.40825000000001,76.04849999999999,29.808,4.139559849704778,2.5733580022076583,alpha_moe_fused_router_candidate99_large_five_cta_cap.py,29.96825,1.008925162409025,0,0,0,6,,undefined: no audited FLOP convention
C107,tp_m32,32,512,8,16,False,28201,9.68,8.456,7.392,1.3049672073277223,1.1439393939393938,alpha_moe_fused_router_candidate103_affine_packed_rebase.py,7.4,0.99893632833547,0,0,3,6,,undefined: no audited FLOP convention
C107,batch_m128,128,512,8,16,False,28202,11.431999999999999,10.736,9.719999999999999,1.1829714912280702,1.105090595340811,alpha_moe_fused_router_candidate103_affine_packed_rebase.py,9.69625,0.997532894736842,0,0,4,6,,undefined: no audited FLOP convention
C107,qwen_decode_m8,8,512,10,8,False,28203,11.672,6.024,4.968,2.3495238786772332,1.215077810986293,alpha_moe_fused_router_candidate103_affine_packed_rebase.py,4.96,0.9967793797323931,0,0,4,6,,undefined: no audited FLOP convention
C107,qwen_batch_m128,128,512,10,8,False,28204,13.888000000000002,9.495999999999999,8.432,1.6555874812766447,1.1449928243900733,alpha_moe_fused_router_candidate103_affine_packed_rebase.py,8.432,0.9971910112359552,0,0,3,6,,undefined: no audited FLOP convention
C107,qwen_m512,512,512,10,8,False,28205,16.432000000000002,12.591999999999999,7.784000000000001,2.109974565028181,1.6253635395975292,alpha_moe_fused_router_candidate103_affine_packed_rebase.py,7.76,1.0,0,0,2,6,,undefined: no audited FLOP convention
C107,qwen_prefill_m16384,16384,512,10,8,False,28206,123.35225,76.02449999999999,29.832,4.134897174235407,2.563546020156823,alpha_moe_fused_router_candidate103_affine_packed_rebase.py,29.83225,1.001615665418994,0,0,2,6,,undefined: no audited FLOP convention
C110,tp_m32,32,512,8,16,False,28201,9.704,8.527999999999999,7.4639999999999995,1.3004513217279174,1.142578197361585,alpha_moe_fused_router_candidate103_affine_packed_rebase.py,7.504,1.002164502164502,0,0,2,6,,undefined: no audited FLOP convention
C110,batch_m128,128,512,8,16,False,28202,11.328,10.728,9.696,1.16775956284153,1.1071420687219224,alpha_moe_fused_router_candidate103_affine_packed_rebase.py,9.728,0.9983867845002468,0,0,3,6,,undefined: no audited FLOP convention
C110,qwen_decode_m8,8,512,10,8,False,28203,11.824,6.016249999999999,4.984,2.369177178662709,1.207060557341908,alpha_moe_fused_router_candidate103_affine_packed_rebase.py,4.944000000000001,0.9919768736087067,0,0,4,6,,undefined: no audited FLOP convention
C110,qwen_batch_m128,128,512,10,8,False,28204,13.93675,9.536,8.424,1.661946478923194,1.1482197229702378,alpha_moe_fused_router_candidate103_affine_packed_rebase.py,8.448250000000002,1.0019258715541914,0,0,1,6,,undefined: no audited FLOP convention
C110,qwen_m512,512,512,10,8,False,28205,16.327999999999996,12.607999999999999,7.65625,2.1315785487130117,1.6467610957544576,alpha_moe_fused_router_candidate103_affine_packed_rebase.py,7.68,1.002066433267868,0,0,1,6,,undefined: no audited FLOP convention
C110,qwen_prefill_m16384,16384,512,10,8,False,28206,123.00825,76.05625,29.87225,4.114069712183991,2.5542532260125927,alpha_moe_fused_router_candidate103_affine_packed_rebase.py,30.04,1.0064341011867481,0,0,0,6,,undefined: no audited FLOP convention
C111,tp_m32,32,512,8,16,False,28201,9.68825,8.52,7.4959999999999996,1.2967082782814707,1.1407275058306852,alpha_moe_fused_router_candidate110_large_bounded_bitmap.py,7.496,0.9978745990875006,0,0,4,6,,undefined: no audited FLOP convention
C111,batch_m128,128,512,8,16,False,28202,11.408,10.712,9.704,1.1805489857058193,1.1120263591433277,alpha_moe_fused_router_candidate110_large_bounded_bitmap.py,9.704,1.000823723228995,0,0,2,6,,undefined: no audited FLOP convention
C111,qwen_decode_m8,8,512,10,8,False,28203,11.864,6.008,4.952,2.387684261076544,1.2141716111364673,alpha_moe_fused_router_candidate110_large_bounded_bitmap.py,5.0,1.0032310936651774,0,0,1,6,,undefined: no audited FLOP convention
C111,qwen_batch_m128,128,512,10,8,False,28204,13.984,9.512,8.464,1.6464872784448255,1.14960999725654,alpha_moe_fused_router_candidate110_large_bounded_bitmap.py,8.456,0.99906191369606,0,0,3,6,,undefined: no audited FLOP convention
C111,qwen_m512,512,512,10,8,False,28205,16.408,12.591999999999999,7.72025,2.131545161963171,1.6310371269566728,alpha_moe_fused_router_candidate110_large_bounded_bitmap.py,7.696,0.9989626556016598,0,0,3,6,,undefined: no audited FLOP convention
C111,qwen_prefill_m16384,16384,512,10,8,False,28206,123.02425,76.02425000000001,28.479999999999997,4.3193995786516854,2.672393489876266,alpha_moe_fused_router_candidate110_large_bounded_bitmap.py,29.848,1.045653894511966,0,0,0,6,,undefined: no audited FLOP convention
C112,tp_m32,32,512,8,16,False,28201,9.696,8.536,7.4959999999999996,1.2951181031373964,1.1440885689553055,alpha_moe_fused_router_candidate106_large_one_seed_max_tree.py,7.4879999999999995,1.0010706638115632,0,0,2,6,,undefined: no audited FLOP convention
C112,batch_m128,128,512,8,16,False,28202,11.335999999999999,10.736,9.704,1.1654228855721394,1.1082629138765263,alpha_moe_fused_router_candidate106_large_one_seed_max_tree.py,9.712,0.999176276771005,0,0,3,6,,undefined: no audited FLOP convention
C112,qwen_decode_m8,8,512,10,8,False,28203,11.8,6.0,4.952,2.3867371199346445,1.2132521819016997,alpha_moe_fused_router_candidate106_large_one_seed_max_tree.py,4.952,1.0048388107069781,0,0,1,6,,undefined: no audited FLOP convention
C112,qwen_batch_m128,128,512,10,8,False,28204,13.92,9.584,8.448,1.674882075471698,1.141709244296578,alpha_moe_fused_router_candidate106_large_one_seed_max_tree.py,8.424,0.9981165938368992,0,0,4,6,,undefined: no audited FLOP convention
C112,qwen_m512,512,512,10,8,False,28205,16.4,12.607999999999999,7.991999999999999,2.0630858012889886,1.5775918043431212,alpha_moe_fused_router_candidate106_large_one_seed_max_tree.py,7.696,0.963336712800321,0,0,6,6,,undefined: no audited FLOP convention
C112,qwen_prefill_m16384,16384,512,10,8,False,28206,123.07249999999999,76.08,29.495999999999995,4.170144192232822,2.5884741760664554,alpha_moe_fused_router_candidate106_large_one_seed_max_tree.py,29.496,1.0008133033356619,0,0,2,6,,undefined: no audited FLOP convention
C115,tp_m32,32,512,8,16,False,28201,9.696,8.52,7.4879999999999995,1.301322326125073,1.1399826499863026,alpha_moe_fused_router_candidate106_large_one_seed_max_tree.py,7.4719999999999995,0.9978448275862069,0,0,3,6,,undefined: no audited FLOP convention
C115,batch_m128,128,512,8,16,False,28202,11.36,10.768,9.712,1.1755372807017546,1.1085526315789476,alpha_moe_fused_router_candidate106_large_one_seed_max_tree.py,9.712250000000001,1.0,0,0,1,6,,undefined: no audited FLOP convention
C115,qwen_decode_m8,8,512,10,8,False,28203,11.776,6.0,4.944,2.3815412186379925,1.2189542483660132,alpha_moe_fused_router_candidate106_large_one_seed_max_tree.py,4.991999999999999,1.0065147271029624,0,0,1,6,,undefined: no audited FLOP convention
C115,qwen_batch_m128,128,512,10,8,False,28204,14.048,9.51225,8.416500000000001,1.6738549278203525,1.1495320583192286,alpha_moe_fused_router_candidate106_large_one_seed_max_tree.py,8.424,1.0018992838942888,0,0,2,6,,undefined: no audited FLOP convention
C115,qwen_m512,512,512,10,8,False,28205,16.287999999999997,12.599999999999998,7.712,2.1244813278008303,1.633817427385892,alpha_moe_fused_router_candidate106_large_one_seed_max_tree.py,7.712,0.9989837398373983,0,0,3,6,,undefined: no audited FLOP convention
C115,qwen_prefill_m16384,16384,512,10,8,False,28206,122.976,76.0325,28.352249999999998,4.335202703780286,2.6931365354201473,alpha_moe_fused_router_candidate106_large_one_seed_max_tree.py,29.536,1.0417515266030701,0,0,0,6,,undefined: no audited FLOP convention
C116,tp_m32,32,512,8,16,False,28201,9.696000000000002,8.527999999999999,7.5120000000000005,1.2951167728237793,1.138307552320291,alpha_moe_fused_router_candidate106_large_one_seed_max_tree.py,7.552,1.0053534666568633,0,0,0,6,,undefined: no audited FLOP convention
C116,batch_m128,128,512,8,16,False,28202,11.344000000000001,10.744,9.696,1.16996699669967,1.1096108015390858,alpha_moe_fused_router_candidate106_large_one_seed_max_tree.py,9.728,1.0032744624434082,0,0,1,6,,undefined: no audited FLOP convention
C116,qwen_decode_m8,8,512,10,8,False,28203,11.815999999999999,6.0,4.968,2.3848459703350278,1.212320850670365,alpha_moe_fused_router_candidate106_large_one_seed_max_tree.py,4.984,1.0080489575770148,0,0,2,6,,undefined: no audited FLOP convention
C116,qwen_batch_m128,128,512,10,8,False,28204,13.911999999999999,9.536,8.416,1.6559319338422394,1.1426125419133908,alpha_moe_fused_router_candidate106_large_one_seed_max_tree.py,8.440000000000001,0.9953236025062131,0,0,4,6,,undefined: no audited FLOP convention
C116,qwen_m512,512,512,10,8,False,28205,16.368250000000003,12.607999999999999,7.688000000000001,2.121823092623874,1.6409996534996534,alpha_moe_fused_router_candidate106_large_one_seed_max_tree.py,7.680000000000001,1.0,0,0,2,6,,undefined: no audited FLOP convention
C116,qwen_prefill_m16384,16384,512,10,8,False,28206,122.92824999999999,76.09649999999999,29.031999999999996,4.23506180734587,2.631284769516842,alpha_moe_fused_router_candidate106_large_one_seed_max_tree.py,29.48825,1.0163291903246048,0,0,0,6,,undefined: no audited FLOP convention
C117,tp_m32,32,512,8,16,False,28201,9.696,8.512,7.52,1.284957627118644,1.1361907866145153,alpha_moe_fused_router_candidate106_large_one_seed_max_tree.py,7.4799999999999995,0.9989406779661016,0,0,3,6,,undefined: no audited FLOP convention
C117,batch_m128,128,512,8,16,False,28202,11.336,10.736249999999998,9.719999999999999,1.172231820497486,1.1045591397193908,alpha_moe_fused_router_candidate106_large_one_seed_max_tree.py,9.6965,0.9983456486042692,0,0,4,6,,undefined: no audited FLOP convention
C117,qwen_decode_m8,8,512,10,8,False,28203,11.864,6.056,4.952,2.391962204462205,1.2216904063678258,alpha_moe_fused_router_candidate106_large_one_seed_max_tree.py,4.944000000000001,0.9983870967741937,0,0,3,6,,undefined: no audited FLOP convention
C117,qwen_batch_m128,128,512,10,8,False,28204,13.928,9.584,8.440249999999999,1.6641758047400068,1.1403000626648598,alpha_moe_fused_router_candidate106_large_one_seed_max_tree.py,8.448,1.0009190631485325,0,0,2,6,,undefined: no audited FLOP convention
C117,qwen_m512,512,512,10,8,False,28205,16.400000000000002,12.576,7.696,2.1330221300138312,1.6341026970954358,alpha_moe_fused_router_candidate106_large_one_seed_max_tree.py,7.712,1.0,0,0,2,6,,undefined: no audited FLOP convention
C117,qwen_prefill_m16384,16384,512,10,8,False,28206,122.9845,76.05625,28.168,4.3704188202472345,2.713213836476963,alpha_moe_fused_router_candidate106_large_one_seed_max_tree.py,29.52825,1.04918325470448,0,0,0,6,,undefined: no audited FLOP convention
C118,tp_m32,32,512,8,16,False,28201,9.680000000000001,8.464,7.376,1.3181690404797601,1.1465728543814186,alpha_moe_fused_router_candidate106_large_one_seed_max_tree.py,7.392,1.001086956521739,0,0,2,6,,undefined: no audited FLOP convention
C118,batch_m128,128,512,8,16,False,28202,11.464,10.712499999999999,9.728,1.1810109289617485,1.1036399157333765,alpha_moe_fused_router_candidate106_large_one_seed_max_tree.py,9.680000000000001,0.9975273224043716,0,0,5,6,,undefined: no audited FLOP convention
C118,qwen_decode_m8,8,512,10,8,False,28203,11.872,6.039999999999999,4.952,2.3996857980728947,1.2148554128823466,alpha_moe_fused_router_candidate106_large_one_seed_max_tree.py,4.936,0.9967689737968473,0,0,4,6,,undefined: no audited FLOP convention
C118,qwen_batch_m128,128,512,10,8,False,28204,13.951999999999998,9.464500000000001,8.368,1.6587616569073953,1.1487470518867924,alpha_moe_fused_router_candidate106_large_one_seed_max_tree.py,8.424,0.9999964533976449,0,0,3,6,,undefined: no audited FLOP convention
C118,qwen_m512,512,512,10,8,False,28205,16.3445,12.591999999999999,7.84,2.104158336665334,1.607747223691169,alpha_moe_fused_router_candidate106_large_one_seed_max_tree.py,7.744,0.9908815590229771,0,0,5,6,,undefined: no audited FLOP convention
C118,qwen_prefill_m16384,16384,512,10,8,False,28206,123.17675,76.24875,28.27225,4.358487580826816,2.7185275453284037,alpha_moe_fused_router_candidate106_large_one_seed_max_tree.py,29.44025,1.0412712011413978,0,0,0,6,,undefined: no audited FLOP convention
C119,tp_m32,32,512,8,16,False,28201,9.712,8.448,7.392,1.3101872764916243,1.1411710606989578,alpha_moe_fused_router_candidate106_large_one_seed_max_tree.py,7.392,0.9967531255831312,0,0,4,6,,undefined: no audited FLOP convention
C119,batch_m128,128,512,8,16,False,28202,11.335999999999999,10.687999999999999,9.69625,1.1769154973857925,1.1070785174823827,alpha_moe_fused_router_candidate106_large_one_seed_max_tree.py,9.688500000000001,1.0000515676567656,0,0,2,6,,undefined: no audited FLOP convention
C119,qwen_decode_m8,8,512,10,8,False,28203,11.96,6.016,4.952,2.4131720430107526,1.211680172773776,alpha_moe_fused_router_candidate106_large_one_seed_max_tree.py,4.96,1.0016129032258063,0,0,1,6,,undefined: no audited FLOP convention
C119,qwen_batch_m128,128,512,10,8,False,28204,13.943999999999999,9.52,8.4,1.6600494882465413,1.1401102744664744,alpha_moe_fused_router_candidate106_large_one_seed_max_tree.py,8.424,1.0000399954964736,0,0,3,6,,undefined: no audited FLOP convention
C119,qwen_m512,512,512,10,8,False,28205,16.47225,12.600000000000001,7.728,2.123515800094551,1.6304524879119373,alpha_moe_fused_router_candidate106_large_one_seed_max_tree.py,7.736,1.0,0,0,2,6,,undefined: no audited FLOP convention
C119,qwen_prefill_m16384,16384,512,10,8,False,28206,123.20075,76.09625,28.312,4.351833049808951,2.703028979704502,alpha_moe_fused_router_candidate106_large_one_seed_max_tree.py,29.375999999999998,1.0375833087415254,0,0,0,6,,undefined: no audited FLOP convention
C120,tp_m32,32,512,8,16,False,28201,9.704,8.456,7.368,1.3170494199754785,1.1489130434782608,alpha_moe_fused_router_candidate106_large_one_seed_max_tree.py,7.424,1.0043478260869565,0,0,1,6,,undefined: no audited FLOP convention
C120,batch_m128,128,512,8,16,False,28202,11.399999999999999,10.728,9.696,1.1856780366056574,1.1060758712102494,alpha_moe_fused_router_candidate106_large_one_seed_max_tree.py,9.69625,0.9992007013201321,0,0,3,6,,undefined: no audited FLOP convention
C120,qwen_decode_m8,8,512,10,8,False,28203,11.928,6.032,4.952249999999999,2.411570215101917,1.2180753330271017,alpha_moe_fused_router_candidate106_large_one_seed_max_tree.py,4.96,0.9968400523088023,0,0,4,6,,undefined: no audited FLOP convention
C120,qwen_batch_m128,128,512,10,8,False,28204,13.879999999999999,9.431999999999999,8.464,1.636146548027444,1.1406833968552528,alpha_moe_fused_router_candidate106_large_one_seed_max_tree.py,8.416,0.9970990419914739,0,0,4,6,,undefined: no audited FLOP convention
C120,qwen_m512,512,512,10,8,False,28205,16.400000000000002,12.592,7.887999999999999,2.0807803348281566,1.5993996269051869,alpha_moe_fused_router_candidate106_large_one_seed_max_tree.py,7.752,0.9838542812222522,0,0,6,6,,undefined: no audited FLOP convention
C120,qwen_prefill_m16384,16384,512,10,8,False,28206,123.04875,76.19200000000001,28.1765,4.366830607533776,2.7071959739649047,alpha_moe_fused_router_candidate106_large_one_seed_max_tree.py,29.352000000000004,1.0402045035605503,0,0,0,6,,undefined: no audited FLOP convention
C121,tp_m32,32,512,8,16,False,28201,9.688,8.456,7.4,1.3098595186447681,1.1405430422709042,alpha_moe_fused_router_candidate106_large_one_seed_max_tree.py,7.384,0.9957173447537473,0,0,3,6,,undefined: no audited FLOP convention
C121,batch_m128,128,512,8,16,False,28202,11.4,10.696,9.712,1.1708918334681113,1.102967040125065,alpha_moe_fused_router_candidate106_large_one_seed_max_tree.py,9.656,0.9959084287334985,0,0,4,6,,undefined: no audited FLOP convention
C121,qwen_decode_m8,8,512,10,8,False,28203,11.864,6.0,4.952,2.387468982630273,1.212320850670365,alpha_moe_fused_router_candidate106_large_one_seed_max_tree.py,4.984,1.0032362798491832,0,0,1,6,,undefined: no audited FLOP convention
C121,qwen_batch_m128,128,512,10,8,False,28204,14.00025,9.495999999999999,8.392,1.6711371947451452,1.1433745806125761,alpha_moe_fused_router_candidate106_large_one_seed_max_tree.py,8.376000000000001,0.9970491777918723,0,0,4,6,,undefined: no audited FLOP convention
C121,qwen_m512,512,512,10,8,False,28205,16.432000000000002,12.591999999999999,7.752,2.115572548351367,1.625025196532957,alpha_moe_fused_router_candidate106_large_one_seed_max_tree.py,7.76,0.9989690721649485,0,0,3,6,,undefined: no audited FLOP convention
C121,qwen_prefill_m16384,16384,512,10,8,False,28206,123.20075,76.128,28.264249999999997,4.360862004542659,2.7033952745298624,alpha_moe_fused_router_candidate106_large_one_seed_max_tree.py,29.280250000000002,1.0369198583568133,0,0,0,6,,undefined: no audited FLOP convention
C122,tp_m32,32,512,8,16,False,28201,9.719999999999999,8.424,7.368,1.3231782205240172,1.1418136327004893,alpha_moe_fused_router_candidate117_tail_first_pair_prefetch.py,7.392,1.0000117894498572,0,0,3,6,,undefined: no audited FLOP convention
C122,batch_m128,128,512,8,16,False,28202,11.33625,10.72,9.680250000000001,1.1741759488448844,1.1061386138613862,alpha_moe_fused_router_candidate117_tail_first_pair_prefetch.py,9.712,1.0033305446869851,0,0,1,6,,undefined: no audited FLOP convention
C122,qwen_decode_m8,8,512,10,8,False,28203,11.888,6.03225,4.94425,2.378312166118759,1.2137383048937382,alpha_moe_fused_router_candidate117_tail_first_pair_prefetch.py,4.984,1.0048086017141902,0,0,1,6,,undefined: no audited FLOP convention
C122,qwen_batch_m128,128,512,10,8,False,28204,13.96025,9.496,8.384,1.6755968314668124,1.139994700696787,alpha_moe_fused_router_candidate117_tail_first_pair_prefetch.py,8.368,0.9999717709760468,0,0,3,6,,undefined: no audited FLOP convention
C122,qwen_m512,512,512,10,8,False,28205,16.375999999999998,12.584,7.76,2.10625,1.6216494845360825,alpha_moe_fused_router_candidate117_tail_first_pair_prefetch.py,7.76,0.9969529431326905,0,0,4,6,,undefined: no audited FLOP convention
C122,qwen_prefill_m16384,16384,512,10,8,False,28206,123.14425,76.072,27.983999999999998,4.400534814802041,2.7293407105819467,alpha_moe_fused_router_candidate117_tail_first_pair_prefetch.py,28.17625,1.0059410710622454,0,0,0,6,,undefined: no audited FLOP convention
C123,tp_m32,32,512,8,16,False,28201,9.719999999999999,8.448,7.432,1.3160232383808095,1.138857990359659,alpha_moe_fused_router_candidate117_tail_first_pair_prefetch.py,7.4079999999999995,1.0,0,0,2,6,,undefined: no audited FLOP convention
C123,batch_m128,128,512,8,16,False,28202,11.416,10.704,9.696,1.179108910891089,1.1044719471947197,alpha_moe_fused_router_candidate117_tail_first_pair_prefetch.py,9.696,1.0,0,0,2,6,,undefined: no audited FLOP convention
C123,qwen_decode_m8,8,512,10,8,False,28203,11.92,6.008,4.952,2.402912621359223,1.216610960793676,alpha_moe_fused_router_candidate117_tail_first_pair_prefetch.py,4.96025,1.0064516129032257,0,0,2,6,,undefined: no audited FLOP convention
C123,qwen_batch_m128,128,512,10,8,False,28204,13.88025,9.495999999999999,8.456,1.6442777252678011,1.144874899112187,alpha_moe_fused_router_candidate117_tail_first_pair_prefetch.py,8.4,0.9981185307902525,0,0,4,6,,undefined: no audited FLOP convention
C123,qwen_m512,512,512,10,8,False,28205,16.368,12.61625,7.73625,2.1281795083882398,1.6307951357458201,alpha_moe_fused_router_candidate117_tail_first_pair_prefetch.py,7.736,1.0,0,0,2,6,,undefined: no audited FLOP convention
C123,qwen_prefill_m16384,16384,512,10,8,False,28206,123.16075000000001,76.056,28.168,4.371226869806586,2.7201471647995614,alpha_moe_fused_router_candidate117_tail_first_pair_prefetch.py,28.160249999999998,0.9996942328227042,0,0,3,6,,undefined: no audited FLOP convention
C125,tp_m32,32,512,8,16,False,28201,9.719999999999999,8.472,7.376,1.3141600030246319,1.1485977790325617,alpha_moe_fused_router_candidate117_tail_first_pair_prefetch.py,7.392,1.0021505376344084,0,0,1,6,,undefined: no audited FLOP convention
C125,batch_m128,128,512,8,16,False,28202,11.399999999999999,10.704,9.70425,1.1734564525141318,1.1078993495182012,alpha_moe_fused_router_candidate117_tail_first_pair_prefetch.py,9.688500000000001,1.0000257413509062,0,0,2,6,,undefined: no audited FLOP convention
C125,qwen_decode_m8,8,512,10,8,False,28203,11.824,6.064,4.984,2.3762420257038572,1.214400548865405,alpha_moe_fused_router_candidate117_tail_first_pair_prefetch.py,4.968,0.9967948388687425,0,0,4,6,,undefined: no audited FLOP convention
C125,qwen_batch_m128,128,512,10,8,False,28204,13.968000000000002,9.495999999999999,8.376000000000001,1.6676251083915958,1.1454105633395089,alpha_moe_fused_router_candidate117_tail_first_pair_prefetch.py,8.416,1.002842815397381,0,0,1,6,,undefined: no audited FLOP convention
C125,qwen_m512,512,512,10,8,False,28205,16.368,12.591999999999999,7.744,2.1229338842975207,1.6260330578512396,alpha_moe_fused_router_candidate117_tail_first_pair_prefetch.py,7.76825,1.0010162601626016,0,0,2,6,,undefined: no audited FLOP convention
C125,qwen_prefill_m16384,16384,512,10,8,False,28206,123.1685,76.216,28.159999999999997,4.376988636363636,2.7243359228064437,alpha_moe_fused_router_candidate117_tail_first_pair_prefetch.py,28.1445,1.0000021067984766,0,0,3,6,,undefined: no audited FLOP convention
C126,tp_m32,32,512,8,16,False,28201,9.672,8.472,7.336,1.3191807480539206,1.1568974570438577,alpha_moe_fused_router_candidate117_tail_first_pair_prefetch.py,7.392,1.0076347860832835,0,0,0,6,,undefined: no audited FLOP convention
C126,batch_m128,128,512,8,16,False,28202,11.312,10.704,9.568,1.1812873741631815,1.1190488110093701,alpha_moe_fused_router_candidate117_tail_first_pair_prefetch.py,9.69625,1.0134040551839465,0,0,0,6,,undefined: no audited FLOP convention
C126,qwen_decode_m8,8,512,10,8,False,28203,11.904,6.08,4.968,2.3813114951978283,1.222211849639034,alpha_moe_fused_router_candidate117_tail_first_pair_prefetch.py,4.96,0.9968143203883495,0,0,3,6,,undefined: no audited FLOP convention
C126,qwen_batch_m128,128,512,10,8,False,28204,14.0245,9.46425,8.224,1.7240036807385795,1.1742607495619546,alpha_moe_fused_router_candidate117_tail_first_pair_prefetch.py,8.408000000000001,1.01969267029508,0,0,0,6,,undefined: no audited FLOP convention
C126,qwen_m512,512,512,10,8,False,28205,16.368000000000002,12.568,7.744,2.126065340909091,1.6262818350480688,alpha_moe_fused_router_candidate117_tail_first_pair_prefetch.py,7.736,1.0010330578512396,0,0,1,6,,undefined: no audited FLOP convention
C126,qwen_prefill_m16384,16384,512,10,8,False,28206,123.17675,76.1685,27.960250000000002,4.405437553996533,2.736675050651209,alpha_moe_fused_router_candidate117_tail_first_pair_prefetch.py,28.13625,1.0034373709791153,0,0,0,6,,undefined: no audited FLOP convention
C127,tp_m32,32,512,8,16,False,28201,9.719999999999999,8.46425,7.384,1.3133989168225972,1.1475010961458891,alpha_moe_fused_router_candidate126_small_prefix_block_mask.py,7.328,0.9891492565405609,0,0,6,6,,undefined: no audited FLOP convention
C127,batch_m128,128,512,8,16,False,28202,11.416,10.687999999999999,9.688,1.175452166927219,1.1044884488448845,alpha_moe_fused_router_candidate126_small_prefix_block_mask.py,9.568,0.9876359286646367,0,0,6,6,,undefined: no audited FLOP convention
C127,qwen_decode_m8,8,512,10,8,False,28203,11.872,6.088000000000001,4.975999999999999,2.3830424375661323,1.221322086273855,alpha_moe_fused_router_candidate126_small_prefix_block_mask.py,4.975999999999999,0.9968051118210861,0,0,3,6,,undefined: no audited FLOP convention
C127,qwen_batch_m128,128,512,10,8,False,28204,13.92825,9.448,8.352,1.6772030651340994,1.1411218096215794,alpha_moe_fused_router_candidate126_small_prefix_block_mask.py,8.208,0.9827586206896551,0,0,6,6,,undefined: no audited FLOP convention
C127,qwen_m512,512,512,10,8,False,28205,16.336,12.576,7.76,2.0917338366833316,1.6209265605052745,alpha_moe_fused_router_candidate126_small_prefix_block_mask.py,7.728,1.0030109939064165,0,0,2,6,,undefined: no audited FLOP convention
C127,qwen_prefill_m16384,16384,512,10,8,False,28206,123.27225,76.2325,29.4405,4.1880171677992415,2.597890539803708,alpha_moe_fused_router_candidate126_small_prefix_block_mask.py,28.16825,0.956286214382162,0,0,6,6,,undefined: no audited FLOP convention
C128,tp_m32,32,512,8,16,False,28201,9.68,8.440000000000001,7.376250000000001,1.3109417697270191,1.1474664588973633,alpha_moe_fused_router_candidate122_large_rebase_and_tail_prefetch.py,7.408,1.0075509625601133,0,0,1,6,,undefined: no audited FLOP convention
C128,batch_m128,128,512,8,16,False,28202,11.296000000000001,10.719999999999999,9.55225,1.1774110281355321,1.1219716807834685,alpha_moe_fused_router_candidate122_large_rebase_and_tail_prefetch.py,9.6805,1.010101873092997,0,0,1,6,,undefined: no audited FLOP convention
C128,qwen_decode_m8,8,512,10,8,False,28203,11.904250000000001,6.07225,4.952,2.395785484611851,1.2261765565624088,alpha_moe_fused_router_candidate122_large_rebase_and_tail_prefetch.py,4.97625,1.0048895412264585,0,0,1,6,,undefined: no audited FLOP convention
C128,qwen_batch_m128,128,512,10,8,False,28204,14.0,9.416,8.20025,1.7101905489545897,1.173,alpha_moe_fused_router_candidate122_large_rebase_and_tail_prefetch.py,8.408000000000001,1.0216953125,0,0,0,6,,undefined: no audited FLOP convention
C128,qwen_m512,512,512,10,8,False,28205,16.415999999999997,12.58425,8.303999999999998,1.983381722554951,1.5154444795069795,alpha_moe_fused_router_candidate122_large_rebase_and_tail_prefetch.py,7.76,0.9331550021531118,0,0,6,6,,undefined: no audited FLOP convention
C128,qwen_prefill_m16384,16384,512,10,8,False,28206,123.17675,76.16875,28.256,4.35986937032263,2.714129825319846,alpha_moe_fused_router_candidate122_large_rebase_and_tail_prefetch.py,28.160249999999998,0.9963365112994351,0,0,4,6,,undefined: no audited FLOP convention
C129,tp_m32,32,512,8,16,False,28201,9.71225,8.448,7.231999999999999,1.3444071076663677,1.1692477876106195,alpha_moe_fused_router_candidate122_large_rebase_and_tail_prefetch.py,7.376,1.025465302237964,0,0,0,6,,undefined: no audited FLOP convention
C129,batch_m128,128,512,8,16,False,28202,11.408249999999999,10.72,9.512,1.2060725593331598,1.130360356281902,alpha_moe_fused_router_candidate122_large_rebase_and_tail_prefetch.py,9.68,1.0176641352694185,0,0,0,6,,undefined: no audited FLOP convention
C129,qwen_decode_m8,8,512,10,8,False,28203,11.664,6.088000000000001,4.96025,2.347956051005446,1.2211834805835218,alpha_moe_fused_router_candidate122_large_rebase_and_tail_prefetch.py,4.992,1.0031750831569397,0,0,1,6,,undefined: no audited FLOP convention
C129,qwen_batch_m128,128,512,10,8,False,28204,13.96,9.431999999999999,8.120000000000001,1.717242075509792,1.178458921370968,alpha_moe_fused_router_candidate122_large_rebase_and_tail_prefetch.py,8.4,1.0343434109960552,0,0,0,6,,undefined: no audited FLOP convention
C129,qwen_m512,512,512,10,8,False,28205,16.336,12.591999999999999,7.744,2.117858699478652,1.6260330578512396,alpha_moe_fused_router_candidate122_large_rebase_and_tail_prefetch.py,7.76,1.0,0,0,1,6,,undefined: no audited FLOP convention
C129,qwen_prefill_m16384,16384,512,10,8,False,28206,123.28825,76.15225000000001,28.1765,4.371896793427147,2.718947162845721,alpha_moe_fused_router_candidate122_large_rebase_and_tail_prefetch.py,28.176000000000002,0.9994311627673704,0,0,4,6,,undefined: no audited FLOP convention
C130,tp_m32,32,512,8,16,False,28201,11.936,8.4,7.208,1.661468253968254,1.1657411531799058,alpha_moe_fused_router_candidate126_small_prefix_block_mask.py,7.184,0.9966740248733668,0,0,5,6,,undefined: no audited FLOP convention
C130,batch_m128,128,512,8,16,False,28202,12.144,10.552,9.376000000000001,1.299319187497058,1.1281618887015177,alpha_moe_fused_router_candidate126_small_prefix_block_mask.py,9.408000000000001,1.0025295109612142,0,0,2,6,,undefined: no audited FLOP convention
C130,qwen_decode_m8,8,512,10,8,False,28203,11.384,6.303999999999999,5.184,2.192901234567901,1.2138434446716655,alpha_moe_fused_router_candidate126_small_prefix_block_mask.py,5.216,1.0030674846625767,0,0,2,6,,undefined: no audited FLOP convention
C130,qwen_batch_m128,128,512,10,8,False,28204,14.16,9.312000000000001,8.048,1.7584384683488268,1.1565353968740422,alpha_moe_fused_router_candidate126_small_prefix_block_mask.py,8.048,0.9989979959919839,0,0,3,6,,undefined: no audited FLOP convention
C130,qwen_m512,512,512,10,8,False,28205,16.503999999999998,12.536000000000001,7.799999999999999,2.096455351056578,1.60718523567876,alpha_moe_fused_router_candidate126_small_prefix_block_mask.py,7.776,1.0029239766081872,0,0,2,6,,undefined: no audited FLOP convention
C130,qwen_prefill_m16384,16384,512,10,8,False,28206,124.39999999999999,78.15199999999999,30.119999999999997,4.129283993588844,2.6011653677613378,alpha_moe_fused_router_candidate126_small_prefix_block_mask.py,28.384,0.9426290223725691,0,0,6,6,,undefined: no audited FLOP convention
C131,tp_m32,32,512,8,16,False,28201,11.928,8.408000000000001,7.224,1.649336283185841,1.164259669869426,alpha_moe_fused_router_candidate122_large_rebase_and_tail_prefetch.py,7.296,1.0110914454277289,0,0,0,6,,undefined: no audited FLOP convention
C131,batch_m128,128,512,8,16,False,28202,12.128,10.535999999999998,9.36,1.295727359857871,1.1230772827154143,alpha_moe_fused_router_candidate122_large_rebase_and_tail_prefetch.py,9.496,1.009416399815009,0,0,0,6,,undefined: no audited FLOP convention
C131,qwen_decode_m8,8,512,10,8,False,28203,11.384,6.311999999999999,5.2,2.1926115859449196,1.2157169990503323,alpha_moe_fused_router_candidate122_large_rebase_and_tail_prefetch.py,5.2,0.9984662576687117,0,0,3,6,,undefined: no audited FLOP convention
C131,qwen_batch_m128,128,512,10,8,False,28204,14.024000000000001,9.376000000000001,8.032,1.7480199683194932,1.1690067041072658,alpha_moe_fused_router_candidate122_large_rebase_and_tail_prefetch.py,8.136,1.0147693825089505,0,0,0,6,,undefined: no audited FLOP convention
C131,qwen_m512,512,512,10,8,False,28205,16.599999999999998,12.536000000000001,7.744,2.133262469477315,1.6472796188000869,alpha_moe_fused_router_candidate122_large_rebase_and_tail_prefetch.py,7.799999999999999,1.0274017321785476,0,0,2,6,,undefined: no audited FLOP convention
C131,qwen_prefill_m16384,16384,512,10,8,False,28206,124.47200000000001,78.184,28.368000000000002,4.389522070038436,2.7675854324579534,alpha_moe_fused_router_candidate122_large_rebase_and_tail_prefetch.py,28.368000000000002,1.0008465011286682,0,0,2,6,,undefined: no audited FLOP convention
C133,tp_m32,32,512,8,16,False,28201,12.04,8.440000000000001,7.224,1.6696214355948868,1.1709214092140923,alpha_moe_fused_router_candidate129_small_scatter_block_mask.py,7.2,1.0,0,0,2,6,,undefined: no audited FLOP convention
C133,batch_m128,128,512,8,16,False,28202,12.32,10.527999999999999,9.335999999999999,1.3190163622526636,1.1314088842680365,alpha_moe_fused_router_candidate129_small_scatter_block_mask.py,9.32,1.0008460236886632,0,0,2,6,,undefined: no audited FLOP convention
C133,qwen_decode_m8,8,512,10,8,False,28203,11.368,6.319999999999999,5.2,2.184615384615385,1.2165927324209531,alpha_moe_fused_router_candidate129_small_scatter_block_mask.py,5.216,1.007678150070788,0,0,2,6,,undefined: no audited FLOP convention
C133,qwen_batch_m128,128,512,10,8,False,28204,14.064,9.312,7.928,1.7573283441704493,1.1754977318548387,alpha_moe_fused_router_candidate129_small_scatter_block_mask.py,7.968,1.0020242914979756,0,0,2,6,,undefined: no audited FLOP convention
C133,qwen_m512,512,512,10,8,False,28205,16.480000000000004,12.576,7.744,2.1302358144220754,1.6472796188000869,alpha_moe_fused_router_candidate129_small_scatter_block_mask.py,7.816000000000001,1.0306019806387003,0,0,2,6,,undefined: no audited FLOP convention
C133,qwen_prefill_m16384,16384,512,10,8,False,28206,124.36800000000001,78.24,28.352,4.385722347629796,2.766447355828432,alpha_moe_fused_router_candidate129_small_scatter_block_mask.py,28.304000000000002,0.9994351890121769,0,0,3,6,,undefined: no audited FLOP convention
C134,tp_m32,32,512,8,16,False,28201,11.904,8.416,7.2,1.6577777777777776,1.1685152409046216,alpha_moe_fused_router_candidate133_small_scatter_and_medium_private_histogram.py,7.184,0.9999975253650086,0,0,3,6,,undefined: no audited FLOP convention
C134,batch_m128,128,512,8,16,False,28202,12.248000000000001,10.536000000000001,9.303999999999998,1.3136323787258912,1.1350620733189938,alpha_moe_fused_router_candidate133_small_scatter_and_medium_private_histogram.py,9.296,1.0,0,0,2,6,,undefined: no audited FLOP convention
C134,qwen_decode_m8,8,512,10,8,False,28203,11.328,6.288,5.184,2.1861508748011818,1.2123002347951224,alpha_moe_fused_router_candidate133_small_scatter_and_medium_private_histogram.py,5.2,1.0030864197530864,0,0,1,6,,undefined: no audited FLOP convention
C134,qwen_batch_m128,128,512,10,8,False,28204,14.159999999999998,9.368,7.967999999999999,1.7670682730923697,1.174751374751375,alpha_moe_fused_router_candidate133_small_scatter_and_medium_private_histogram.py,7.928,0.997983870967742,0,0,3,6,,undefined: no audited FLOP convention
C134,qwen_m512,512,512,10,8,False,28205,16.552,12.6,7.92,2.083297115446526,1.5842251346049503,alpha_moe_fused_router_candidate133_small_scatter_and_medium_private_histogram.py,7.752000000000001,0.9726804187882033,0,0,5,6,,undefined: no audited FLOP convention
C134,qwen_prefill_m16384,16384,512,10,8,False,28206,124.376,78.168,28.336,4.386223871650662,2.7691728152624986,alpha_moe_fused_router_candidate133_small_scatter_and_medium_private_histogram.py,28.368000000000002,1.000846024226624,0,0,2,6,,undefined: no audited FLOP convention
C135,tp_m32,32,512,8,16,False,28201,11.984,8.448,7.176,1.6592508278145695,1.1739157453070317,alpha_moe_fused_router_candidate133_small_scatter_and_medium_private_histogram.py,7.184,0.9977801758120466,0,0,4,6,,undefined: no audited FLOP convention
C135,batch_m128,128,512,8,16,False,28202,12.208,10.544,9.288,1.309226066828892,1.1352276099471776,alpha_moe_fused_router_candidate133_small_scatter_and_medium_private_histogram.py,9.336,1.002587695789411,0,0,2,6,,undefined: no audited FLOP convention
C135,qwen_decode_m8,8,512,10,8,False,28203,11.36,6.272,5.184,2.191358024691358,1.2098765432098766,alpha_moe_fused_router_candidate133_small_scatter_and_medium_private_histogram.py,5.184,0.9969135802469136,0,0,3,6,,undefined: no audited FLOP convention
C135,qwen_batch_m128,128,512,10,8,False,28204,14.16,9.328,7.944000000000001,1.7824852339845523,1.174747474747475,alpha_moe_fused_router_candidate133_small_scatter_and_medium_private_histogram.py,7.936,0.9979858992665671,0,0,4,6,,undefined: no audited FLOP convention
C135,qwen_m512,512,512,10,8,False,28205,16.592,12.528,7.808,2.135245901639344,1.6075819672131149,alpha_moe_fused_router_candidate133_small_scatter_and_medium_private_histogram.py,7.712,0.9641393442622951,0,0,4,6,,undefined: no audited FLOP convention
C135,qwen_prefill_m16384,16384,512,10,8,False,28206,124.47200000000001,78.28,33.0,3.771131538938003,2.381448021660379,alpha_moe_fused_router_candidate133_small_scatter_and_medium_private_histogram.py,28.352,0.8592960491348254,0,0,6,6,,undefined: no audited FLOP convention
C136,tp_m32,32,512,8,16,False,28201,12.04,8.440000000000001,7.216,1.672208268743991,1.170542844808979,alpha_moe_fused_router_candidate133_small_scatter_and_medium_private_histogram.py,7.192,1.0011061946902655,0,0,2,6,,undefined: no audited FLOP convention
C136,batch_m128,128,512,8,16,False,28202,12.248000000000001,10.527999999999999,9.312000000000001,1.315297455442943,1.1346041605869845,alpha_moe_fused_router_candidate133_small_scatter_and_medium_private_histogram.py,9.32,1.0017096464977087,0,0,2,6,,undefined: no audited FLOP convention
C136,qwen_decode_m8,8,512,10,8,False,28203,11.352,6.272,5.192,2.1898309121219333,1.2080151946818614,alpha_moe_fused_router_candidate133_small_scatter_and_medium_private_histogram.py,5.184,0.9969325153374233,0,0,3,6,,undefined: no audited FLOP convention
C136,qwen_batch_m128,128,512,10,8,False,28204,14.232,9.335999999999999,7.936,1.779233870967742,1.1776006028022157,alpha_moe_fused_router_candidate133_small_scatter_and_medium_private_histogram.py,7.975999999999999,1.00605449657869,0,0,1,6,,undefined: no audited FLOP convention
C136,qwen_m512,512,512,10,8,False,28205,16.576,12.528,7.943999999999999,2.0684313009614215,1.5650134477459015,alpha_moe_fused_router_candidate133_small_scatter_and_medium_private_histogram.py,7.744,0.9573294419605896,0,0,6,6,,undefined: no audited FLOP convention
C136,qwen_prefill_m16384,16384,512,10,8,False,28206,124.52000000000001,78.22399999999999,32.215999999999994,3.867564293440978,2.4354398661918784,alpha_moe_fused_router_candidate133_small_scatter_and_medium_private_histogram.py,28.288,0.8785691593063548,0,0,6,6,,undefined: no audited FLOP convention
C133_EXPORT,tp_m32,32,512,8,16,False,28201,11.671750000000001,8.456,7.208,1.6283110675137022,1.174215169992609,v53 actual export,8.368,1.158362439416832,0,0,0,6,,undefined: no audited FLOP convention
C133_EXPORT,batch_m128,128,512,8,16,False,28202,12.256,10.527999999999999,9.36,1.3130677266805888,1.129702381873335,v53 actual export,10.504000000000001,1.125486663390234,0,0,0,6,,undefined: no audited FLOP convention
C133_EXPORT,qwen_decode_m8,8,512,10,8,False,28203,11.384,6.272,5.2,2.1876562144967053,1.206165265469969,v53 actual export,6.263999999999999,1.2049421641436684,0,0,0,6,,undefined: no audited FLOP convention
C133_EXPORT,qwen_batch_m128,128,512,10,8,False,28204,14.256,9.456,7.991999999999999,1.7857718298343075,1.1866503341460142,v53 actual export,9.248000000000001,1.160375860768788,0,0,0,6,,undefined: no audited FLOP convention
C133_EXPORT,qwen_m512,512,512,10,8,False,28205,16.488,12.600000000000001,7.768,2.128479381443299,1.647787535530949,v53 actual export,12.584,1.6529400534555174,0,0,0,6,,undefined: no audited FLOP convention
C133_EXPORT,qwen_prefill_m16384,16384,512,10,8,False,28206,124.304,78.112,28.456,4.369411981175203,2.7524565654401436,v53 actual export,69.70400000000001,2.459727639945301,0,0,0,6,,undefined: no audited FLOP convention
C133_EXPORT_V3,tp_m32,32,512,8,16,False,28201,9.696000000000002,8.543999999999999,7.296,1.32893004833244,1.1721491228070176,v53 actual export,8.512,1.1666666666666667,0,0,0,6,,undefined: no audited FLOP convention
C133_EXPORT_V3,batch_m128,128,512,8,16,False,28202,11.527999999999999,10.751999999999999,9.568,1.2137129453125892,1.1254180602006687,v53 actual export,10.744,1.1254180602006691,0,0,0,6,,undefined: no audited FLOP convention
C133_EXPORT_V3,qwen_decode_m8,8,512,10,8,False,28203,11.96,6.016,5.008,2.388208394577821,1.2061347229010684,v53 actual export,5.992,1.1965029397354239,0,0,0,6,,undefined: no audited FLOP convention
C133_EXPORT_V3,qwen_batch_m128,128,512,10,8,False,28204,13.968,9.504,8.112,1.7212519533045316,1.176,v53 actual export,9.48,1.1542184089711747,0,0,0,6,,undefined: no audited FLOP convention
C133_EXPORT_V3,qwen_m512,512,512,10,8,False,28205,16.48,12.599999999999998,7.704,2.144330510492127,1.6500569353266448,v53 actual export,12.591999999999999,1.659397348194029,0,0,0,6,,undefined: no audited FLOP convention
C133_EXPORT_V3,qwen_prefill_m16384,16384,512,10,8,False,28206,123.56,76.48,28.152,4.383332724653227,2.723670973070001,v53 actual export,68.80799999999999,2.4504491596889966,0,0,0,6,,undefined: no audited FLOP convention
C133_EXPORT_V4,tp_m32,32,512,8,16,False,28201,11.895999999999999,8.879999999999999,7.552,1.567774679714978,1.176689168266551,v53 actual export,8.992,1.183263382336438,0,0,0,6,,undefined: no audited FLOP convention
C133_EXPORT_V4,batch_m128,128,512,8,16,False,28202,12.264,10.696,9.576,1.282374191098877,1.1184758014626746,v53 actual export,10.719999999999999,1.1143669064358235,0,0,0,6,,undefined: no audited FLOP convention
C133_EXPORT_V4,qwen_decode_m8,8,512,10,8,False,28203,11.600000000000001,6.4399999999999995,5.4559999999999995,2.1175246204790783,1.1820496280049886,v53 actual export,6.424,1.1915911035072713,0,0,0,6,,undefined: no audited FLOP convention
C133_EXPORT_V4,qwen_batch_m128,128,512,10,8,False,28204,15.19225,9.64,8.248,1.8486949551814194,1.171999831805567,v53 actual export,9.464,1.153182998621551,0,0,0,6,,undefined: no audited FLOP convention
C133_EXPORT_V4,qwen_m512,512,512,10,8,False,28205,16.775999999999996,13.47225,8.52,1.9690429336211093,1.5947566922249126,v53 actual export,13.632000000000001,1.5970096551142592,0,0,0,6,,undefined: no audited FLOP convention
C133_EXPORT_V4,qwen_prefill_m16384,16384,512,10,8,False,28206,124.9765,78.96825000000001,29.576,4.226962839221047,2.669188070282644,v53 actual export,70.60849999999999,2.385435786551522,0,0,0,6,,undefined: no audited FLOP convention
C133_EXPORT_V5_FAILED_IDENTITY,tp_m32,32,512,8,16,False,28201,11.952,8.92,7.5600000000000005,1.576725821478482,1.1767929682028297,v53 actual export,9.016000000000002,1.1900378651280203,0,0,0,6,,undefined: no audited FLOP convention
C133_EXPORT_V5_FAILED_IDENTITY,batch_m128,128,512,8,16,False,28202,12.24825,10.704,9.584,1.2680582107929113,1.1176737569435033,v53 actual export,10.736,1.1164459679871728,0,0,0,6,,undefined: no audited FLOP convention
C133_EXPORT_V5_FAILED_IDENTITY,qwen_decode_m8,8,512,10,8,False,28203,11.57625,6.432,5.448,2.1323056161112843,1.180639652227915,v53 actual export,6.5120000000000005,1.1854497354497355,0,0,0,6,,undefined: no audited FLOP convention
C133_EXPORT_V5_FAILED_IDENTITY,qwen_batch_m128,128,512,10,8,False,28204,14.968,9.64,8.22425,1.828963864447723,1.170693249640618,v53 actual export,9.40025,1.1482771725658396,0,0,0,6,,undefined: no audited FLOP convention
C133_EXPORT_V5_FAILED_IDENTITY,qwen_m512,512,512,10,8,False,28205,16.712000000000003,13.52825,8.52,1.9598274832226554,1.6058431829250692,v53 actual export,13.616,1.587990831882307,0,0,0,6,,undefined: no audited FLOP convention
C133_EXPORT_V5_FAILED_IDENTITY,qwen_prefill_m16384,16384,512,10,8,False,28206,124.736,79.296,29.664,4.206583516422134,2.669899619237358,v53 actual export,70.392,2.363394841456162,0,0,0,6,,undefined: no audited FLOP convention
C133_EXPORT_V5_ORIGINAL_GROUPED,tp_m32,32,512,8,16,False,28201,9.872,8.568000000000001,7.328,1.3512054394407336,1.169582662989351,v53 actual export,8.536,1.1635770756628707,0,0,0,6,,undefined: no audited FLOP convention
C133_EXPORT_V5_ORIGINAL_GROUPED,batch_m128,128,512,8,16,False,28202,11.496,10.704,9.52,1.2116463053963056,1.1203575639397787,v53 actual export,10.68,1.122052421549066,0,0,0,6,,undefined: no audited FLOP convention
C133_EXPORT_V5_ORIGINAL_GROUPED,qwen_decode_m8,8,512,10,8,False,28203,11.984,6.072000000000001,4.992,2.400706779121252,1.2202543424317618,v53 actual export,6.08,1.217950956925511,0,0,0,6,,undefined: no audited FLOP convention
C133_EXPORT_V5_ORIGINAL_GROUPED,qwen_batch_m128,128,512,10,8,False,28204,13.952,9.584,8.248000000000001,1.6934750074827898,1.168775259842401,v53 actual export,9.472000000000001,1.1498863494831237,0,0,0,6,,undefined: no audited FLOP convention
C133_EXPORT_V5_ORIGINAL_GROUPED,qwen_m512,512,512,10,8,False,28205,16.4,12.696,7.728,2.1279164682674647,1.6614956620143342,v53 actual export,12.687999999999999,1.6583964884606153,0,0,0,6,,undefined: no audited FLOP convention
C133_EXPORT_V5_ORIGINAL_GROUPED,qwen_prefill_m16384,16384,512,10,8,False,28206,124.13624999999999,75.7525,28.44,4.363185543911461,2.691607717341876,v53 actual export,68.568,2.4306452295789667,0,0,0,6,,undefined: no audited FLOP convention
C133_EXPORT_V5_GROUPED_PRECISION3000,tp_m32,32,512,8,16,False,28201,9.888,8.576,7.36,1.349351639969489,1.1652173913043478,v53 actual export,8.512,1.160869565217391,0,0,0,6,,undefined: no audited FLOP convention
C133_EXPORT_V5_GROUPED_PRECISION3000,batch_m128,128,512,8,16,False,28202,11.456,10.704,9.504,1.2117653040471834,1.1262626262626263,v53 actual export,10.687999999999999,1.1245791245791246,0,0,0,6,,undefined: no audited FLOP convention
C133_EXPORT_V5_GROUPED_PRECISION3000,qwen_decode_m8,8,512,10,8,False,28203,11.888000000000002,6.112,5.024,2.378179576741319,1.21656050955414,v53 actual export,6.096,1.2147318676802958,0,0,0,6,,undefined: no audited FLOP convention
C133_EXPORT_V5_GROUPED_PRECISION3000,qwen_batch_m128,128,512,10,8,False,28204,13.984,9.472,8.16,1.7137254901960783,1.179508732604838,v53 actual export,9.504,1.1572859168099416,0,0,0,6,,undefined: no audited FLOP convention
C133_EXPORT_V5_GROUPED_PRECISION3000,qwen_m512,512,512,10,8,False,28205,16.448,12.64,7.744,2.1239669421487606,1.6611570247933887,v53 actual export,12.623999999999999,1.6611570247933887,0,0,0,6,,undefined: no audited FLOP convention
C133_EXPORT_V5_GROUPED_PRECISION3000,qwen_prefill_m16384,16384,512,10,8,False,28206,124.26425,76.4485,28.032,4.432095462328768,2.72718678652968,v53 actual export,68.96,2.456497175141243,0,0,0,6,,undefined: no audited FLOP convention
