candidate,label,M,E,top_k,block_m,shared,seed,scope,repeat,comparison,ratio
C1,qwen_m512,512,512,10,8,False,28205,median,,incumbent_source_speedup,0.944976076555024
C1,qwen_m512,512,512,10,8,False,28205,median,,incumbent_export_speedup,0.9400705052878967
C1,qwen_m512,512,512,10,8,False,28205,round,1,incumbent_source_speedup,0.944976076555024
C1,qwen_m512,512,512,10,8,False,28205,round,1,incumbent_export_speedup,0.9239766081871343
C1,qwen_m512,512,512,10,8,False,28205,round,1,source_new_export_speedup,0.9777777777777776
C1,qwen_m512,512,512,10,8,False,28205,round,1,source_public_new_export_speedup,0.975438596491228
C1,qwen_m512,512,512,10,8,False,28205,round,2,incumbent_source_speedup,0.9411057692307694
C1,qwen_m512,512,512,10,8,False,28205,round,2,incumbent_export_speedup,0.96028880866426
C1,qwen_m512,512,512,10,8,False,28205,round,2,canonical_source_public_speedup,0.9904761904761904
C1,qwen_m512,512,512,10,8,False,28205,round,3,incumbent_source_speedup,0.9566744730679156
C1,qwen_m512,512,512,10,8,False,28205,round,3,incumbent_export_speedup,0.9400705052878967
C1,qwen_prefill_m16384,16384,512,10,8,False,28206,median,,incumbent_source_speedup,0.9908443540183112
C1,qwen_prefill_m16384,16384,512,10,8,False,28206,median,,incumbent_export_speedup,0.9856753069577081
C1,qwen_prefill_m16384,16384,512,10,8,False,28206,median,,canonical_source_public_speedup,0.9965531224655311
C1,qwen_prefill_m16384,16384,512,10,8,False,28206,round,1,incumbent_source_speedup,0.9900345739271915
C1,qwen_prefill_m16384,16384,512,10,8,False,28206,round,1,incumbent_export_speedup,0.9856753069577081
C1,qwen_prefill_m16384,16384,512,10,8,False,28206,round,1,canonical_source_public_speedup,0.996352583586626
C1,qwen_prefill_m16384,16384,512,10,8,False,28206,round,2,incumbent_source_speedup,0.9908443540183112
C1,qwen_prefill_m16384,16384,512,10,8,False,28206,round,2,incumbent_export_speedup,0.9851598173515982
C1,qwen_prefill_m16384,16384,512,10,8,False,28206,round,2,canonical_source_public_speedup,0.9965531224655311
C1,qwen_prefill_m16384,16384,512,10,8,False,28206,round,3,incumbent_source_speedup,0.9928991681882736
C1,qwen_prefill_m16384,16384,512,10,8,False,28206,round,3,incumbent_export_speedup,0.9938073394495415
C1,qwen_prefill_m16384,16384,512,10,8,False,28206,round,3,canonical_source_public_speedup,0.9977732793522266
C2,qwen_m512,512,512,10,8,False,28205,round,1,incumbent_source_speedup,0.9874529485570891
C2,qwen_m512,512,512,10,8,False,28205,round,3,source_public_new_export_speedup,0.9787798408488063
C2,qwen_prefill_m16384,16384,512,10,8,False,28206,median,,canonical_source_public_speedup,0.9971145919208574
C2,qwen_prefill_m16384,16384,512,10,8,False,28206,round,1,canonical_source_public_speedup,0.9954620462046205
C2,qwen_prefill_m16384,16384,512,10,8,False,28206,round,2,canonical_source_public_speedup,0.9971145919208574
C3,tp_m32,32,512,8,16,False,28201,median,,incumbent_source_speedup,0.9942748091603054
C3,tp_m32,32,512,8,16,False,28201,median,,incumbent_export_speedup,0.9980732177263971
C3,tp_m32,32,512,8,16,False,28201,round,1,incumbent_source_speedup,0.9942748091603054
C3,tp_m32,32,512,8,16,False,28201,round,1,incumbent_export_speedup,0.9942638623326958
C3,tp_m32,32,512,8,16,False,28201,round,1,canonical_source_public_speedup,0.9943074003795065
C3,tp_m32,32,512,8,16,False,28201,round,2,incumbent_source_speedup,0.9922178988326849
C3,tp_m32,32,512,8,16,False,28201,round,3,incumbent_source_speedup,0.998091603053435
C3,tp_m32,32,512,8,16,False,28201,round,3,incumbent_export_speedup,0.9980732177263971
C3,batch_m128,128,512,8,16,False,28202,median,,incumbent_source_speedup,0.9939577039274923
C3,batch_m128,128,512,8,16,False,28202,median,,incumbent_export_speedup,0.9970059880239522
C3,batch_m128,128,512,8,16,False,28202,median,,canonical_source_public_speedup,0.992603550295858
C3,batch_m128,128,512,8,16,False,28202,round,1,incumbent_source_speedup,0.9865871833084949
C3,batch_m128,128,512,8,16,False,28202,round,1,incumbent_export_speedup,0.9970059880239522
C3,batch_m128,128,512,8,16,False,28202,round,1,canonical_source_public_speedup,0.992603550295858
C3,batch_m128,128,512,8,16,False,28202,round,2,incumbent_source_speedup,0.9939577039274923
C3,batch_m128,128,512,8,16,False,28202,round,2,canonical_source_public_speedup,0.9954887218045113
C3,batch_m128,128,512,8,16,False,28202,round,3,incumbent_export_speedup,0.9954337899543377
C3,batch_m128,128,512,8,16,False,28202,round,3,source_new_export_speedup,0.9969558599695585
C3,batch_m128,128,512,8,16,False,28202,round,3,canonical_source_public_speedup,0.9924242424242424
C3,qwen_decode_m8,8,512,10,8,False,28203,median,,incumbent_source_speedup,0.984771573604061
C3,qwen_decode_m8,8,512,10,8,False,28203,median,,incumbent_export_speedup,0.9873096446700509
C3,qwen_decode_m8,8,512,10,8,False,28203,median,,canonical_source_public_speedup,0.9949367088607597
C3,qwen_decode_m8,8,512,10,8,False,28203,round,1,incumbent_source_speedup,0.984771573604061
C3,qwen_decode_m8,8,512,10,8,False,28203,round,1,incumbent_export_speedup,0.9948979591836735
C3,qwen_decode_m8,8,512,10,8,False,28203,round,1,canonical_source_public_speedup,0.9849999999999999
C3,qwen_decode_m8,8,512,10,8,False,28203,round,2,incumbent_source_speedup,0.984771573604061
C3,qwen_decode_m8,8,512,10,8,False,28203,round,2,incumbent_export_speedup,0.9873096446700509
C3,qwen_decode_m8,8,512,10,8,False,28203,round,2,canonical_source_public_speedup,0.9974683544303798
C3,qwen_decode_m8,8,512,10,8,False,28203,round,3,incumbent_source_speedup,0.9974554707379134
C3,qwen_decode_m8,8,512,10,8,False,28203,round,3,incumbent_export_speedup,0.9824120603015074
C3,qwen_decode_m8,8,512,10,8,False,28203,round,3,source_new_export_speedup,0.9874371859296482
C3,qwen_decode_m8,8,512,10,8,False,28203,round,3,source_public_new_export_speedup,0.9924623115577887
C3,qwen_decode_m8,8,512,10,8,False,28203,round,3,canonical_source_public_speedup,0.9949367088607597
C3,qwen_batch_m128,128,512,10,8,False,28204,median,,incumbent_export_speedup,0.9898819561551434
C3,qwen_batch_m128,128,512,10,8,False,28204,median,,canonical_source_public_speedup,0.9983221476510068
C3,qwen_batch_m128,128,512,10,8,False,28204,round,1,incumbent_source_speedup,0.9834437086092714
C3,qwen_batch_m128,128,512,10,8,False,28204,round,1,incumbent_export_speedup,0.9949832775919734
C3,qwen_batch_m128,128,512,10,8,False,28204,round,2,incumbent_export_speedup,0.9898819561551434
C3,qwen_batch_m128,128,512,10,8,False,28204,round,2,canonical_source_public_speedup,0.9983221476510068
C3,qwen_batch_m128,128,512,10,8,False,28204,round,3,incumbent_export_speedup,0.979591836734694
C3,qwen_batch_m128,128,512,10,8,False,28204,round,3,source_new_export_speedup,0.9914965986394557
C3,qwen_batch_m128,128,512,10,8,False,28204,round,3,canonical_source_public_speedup,0.9898132427843802
C3,qwen_m512,512,512,10,8,False,28205,median,,source_new_export_speedup,0.9950433705080546
C3,qwen_m512,512,512,10,8,False,28205,median,,canonical_source_public_speedup,0.9948586118251926
C3,qwen_m512,512,512,10,8,False,28205,round,1,incumbent_export_speedup,0.9950433705080546
C3,qwen_m512,512,512,10,8,False,28205,round,1,source_new_export_speedup,0.9950433705080546
C3,qwen_m512,512,512,10,8,False,28205,round,1,source_public_new_export_speedup,0.9950433705080546
C3,qwen_m512,512,512,10,8,False,28205,round,2,incumbent_source_speedup,0.9947159841479524
C3,qwen_m512,512,512,10,8,False,28205,round,2,canonical_source_public_speedup,0.9934383202099737
C3,qwen_m512,512,512,10,8,False,28205,round,3,source_new_export_speedup,0.9948586118251926
C3,qwen_m512,512,512,10,8,False,28205,round,3,canonical_source_public_speedup,0.9948586118251926
C3,qwen_prefill_m16384,16384,512,10,8,False,28206,median,,canonical_source_public_speedup,0.9949073130983908
C3,qwen_prefill_m16384,16384,512,10,8,False,28206,round,1,canonical_source_public_speedup,0.994076797385621
C3,qwen_prefill_m16384,16384,512,10,8,False,28206,round,2,incumbent_source_speedup,0.9995904995904995
C3,qwen_prefill_m16384,16384,512,10,8,False,28206,round,2,canonical_source_public_speedup,0.9949073130983908
C3,qwen_prefill_m16384,16384,512,10,8,False,28206,round,3,canonical_source_public_speedup,0.9977601303196904
C4,tp_m32,32,512,8,16,False,28201,median,,incumbent_source_speedup,0.9980672268907562
C4,tp_m32,32,512,8,16,False,28201,median,,incumbent_export_speedup,0.9980861722704333
C4,tp_m32,32,512,8,16,False,28201,round,1,incumbent_source_speedup,0.9980952380952378
C4,tp_m32,32,512,8,16,False,28201,round,2,incumbent_source_speedup,0.9980392156862745
C4,tp_m32,32,512,8,16,False,28201,round,2,incumbent_export_speedup,0.9901960784313725
C4,tp_m32,32,512,8,16,False,28201,round,2,canonical_source_public_speedup,0.9922178988326849
C4,tp_m32,32,512,8,16,False,28201,round,3,incumbent_source_speedup,0.9961759082217972
C4,tp_m32,32,512,8,16,False,28201,round,3,incumbent_export_speedup,0.9942418426103647
C4,tp_m32,32,512,8,16,False,28201,round,3,source_public_new_export_speedup,0.9923224568138196
C4,tp_m32,32,512,8,16,False,28201,round,4,canonical_source_public_speedup,0.9923954372623575
C4,tp_m32,32,512,8,16,False,28201,round,5,incumbent_export_speedup,0.9901960784313725
C4,tp_m32,32,512,8,16,False,28201,round,6,incumbent_source_speedup,0.9942748091603052
C4,batch_m128,128,512,8,16,False,28202,median,,incumbent_export_speedup,0.9999966029377796
C4,batch_m128,128,512,8,16,False,28202,round,1,incumbent_export_speedup,0.998473282442748
C4,batch_m128,128,512,8,16,False,28202,round,1,canonical_source_public_speedup,0.9984825493171472
C4,batch_m128,128,512,8,16,False,28202,round,4,incumbent_source_speedup,0.9969558599695585
C4,batch_m128,128,512,8,16,False,28202,round,4,incumbent_export_speedup,0.998473282442748
C4,batch_m128,128,512,8,16,False,28202,round,5,incumbent_source_speedup,0.996996996996997
C4,batch_m128,128,512,8,16,False,28202,round,5,incumbent_export_speedup,0.9984917043740574
C4,qwen_decode_m8,8,512,10,8,False,28203,median,,incumbent_source_speedup,0.998730964467005
C4,qwen_decode_m8,8,512,10,8,False,28203,median,,incumbent_export_speedup,0.998730964467005
C4,qwen_decode_m8,8,512,10,8,False,28203,median,,canonical_source_public_speedup,0.9974747474747474
C4,qwen_decode_m8,8,512,10,8,False,28203,round,1,incumbent_source_speedup,0.9974489795918366
C4,qwen_decode_m8,8,512,10,8,False,28203,round,1,incumbent_export_speedup,0.9948979591836735
C4,qwen_decode_m8,8,512,10,8,False,28203,round,2,incumbent_source_speedup,0.9924050632911393
C4,qwen_decode_m8,8,512,10,8,False,28203,round,3,incumbent_export_speedup,0.9974554707379134
C4,qwen_decode_m8,8,512,10,8,False,28203,round,3,source_new_export_speedup,0.9974554707379134
C4,qwen_decode_m8,8,512,10,8,False,28203,round,3,canonical_source_public_speedup,0.9949238578680203
C4,qwen_decode_m8,8,512,10,8,False,28203,round,4,source_public_new_export_speedup,0.9948979591836735
C4,qwen_decode_m8,8,512,10,8,False,28203,round,5,incumbent_source_speedup,0.9974619289340102
C4,qwen_decode_m8,8,512,10,8,False,28203,round,5,incumbent_export_speedup,0.9974619289340102
C4,qwen_decode_m8,8,512,10,8,False,28203,round,5,canonical_source_public_speedup,0.9949494949494949
C4,qwen_decode_m8,8,512,10,8,False,28203,round,6,source_new_export_speedup,0.9949238578680203
C4,qwen_decode_m8,8,512,10,8,False,28203,round,6,canonical_source_public_speedup,0.9949238578680203
C4,qwen_batch_m128,128,512,10,8,False,28204,round,1,source_public_new_export_speedup,0.9879931389365353
C4,qwen_batch_m128,128,512,10,8,False,28204,round,4,incumbent_export_speedup,0.9982847341337909
C4,qwen_batch_m128,128,512,10,8,False,28204,round,4,source_public_new_export_speedup,0.9965694682675815
C4,qwen_batch_m128,128,512,10,8,False,28204,round,6,incumbent_export_speedup,0.9914236706689536
C4,qwen_batch_m128,128,512,10,8,False,28204,round,6,canonical_source_public_speedup,0.9983079526226736
C4,qwen_m512,512,512,10,8,False,28205,median,,source_new_export_speedup,0.9985702014464242
C4,qwen_m512,512,512,10,8,False,28205,median,,canonical_source_public_speedup,0.9968004673399227
C4,qwen_m512,512,512,10,8,False,28205,round,1,canonical_source_public_speedup,0.9934296977660974
C4,qwen_m512,512,512,10,8,False,28205,round,2,source_new_export_speedup,0.99581589958159
C4,qwen_m512,512,512,10,8,False,28205,round,2,source_public_new_export_speedup,0.9986052998605299
C4,qwen_m512,512,512,10,8,False,28205,round,2,canonical_source_public_speedup,0.9972067039106146
C4,qwen_m512,512,512,10,8,False,28205,round,3,canonical_source_public_speedup,0.9963942307692308
C4,qwen_m512,512,512,10,8,False,28205,round,4,source_new_export_speedup,0.9868421052631579
C4,qwen_m512,512,512,10,8,False,28205,round,4,canonical_source_public_speedup,0.9803921568627451
C4,qwen_m512,512,512,10,8,False,28205,round,6,source_new_export_speedup,0.9791666666666667
C4,qwen_m512,512,512,10,8,False,28205,round,6,source_public_new_export_speedup,0.9485294117647058
C4,qwen_prefill_m16384,16384,512,10,8,False,28206,median,,source_new_export_speedup,0.999884286044897
C4,qwen_prefill_m16384,16384,512,10,8,False,28206,median,,canonical_source_public_speedup,0.9981560339152051
C4,qwen_prefill_m16384,16384,512,10,8,False,28206,round,1,source_new_export_speedup,0.9990794016110472
C4,qwen_prefill_m16384,16384,512,10,8,False,28206,round,1,canonical_source_public_speedup,0.9981604966659001
C4,qwen_prefill_m16384,16384,512,10,8,False,28206,round,2,canonical_source_public_speedup,0.9949448529411764
C4,qwen_prefill_m16384,16384,512,10,8,False,28206,round,3,source_new_export_speedup,0.9972305561966306
C4,qwen_prefill_m16384,16384,512,10,8,False,28206,round,3,source_public_new_export_speedup,0.99607662127856
C4,qwen_prefill_m16384,16384,512,10,8,False,28206,round,4,canonical_source_public_speedup,0.9986213235294118
C4,qwen_prefill_m16384,16384,512,10,8,False,28206,round,5,canonical_source_public_speedup,0.9976990335941094
C4,qwen_prefill_m16384,16384,512,10,8,False,28206,round,6,source_new_export_speedup,0.999768572089794
C4,qwen_prefill_m16384,16384,512,10,8,False,28206,round,6,canonical_source_public_speedup,0.9981515711645101
C5,tp_m32,32,512,8,16,False,28201,median,,canonical_source_public_speedup,0.9989648033126294
C5,tp_m32,32,512,8,16,False,28201,round,3,canonical_source_public_speedup,0.995850622406639
C5,tp_m32,32,512,8,16,False,28201,round,5,canonical_source_public_speedup,0.9978813559322033
C5,tp_m32,32,512,8,16,False,28201,round,6,canonical_source_public_speedup,0.9979296066252588
C5,batch_m128,128,512,8,16,False,28202,median,,source_new_export_speedup,0.9991974806216293
C5,batch_m128,128,512,8,16,False,28202,median,,source_public_new_export_speedup,0.9992025518341309
C5,batch_m128,128,512,8,16,False,28202,median,,canonical_source_public_speedup,0.9984050874403816
C5,batch_m128,128,512,8,16,False,28202,round,1,source_new_export_speedup,0.9951534733441034
C5,batch_m128,128,512,8,16,False,28202,round,1,source_public_new_export_speedup,0.9951534733441034
C5,batch_m128,128,512,8,16,False,28202,round,2,canonical_source_public_speedup,0.9984
C5,batch_m128,128,512,8,16,False,28202,round,3,source_new_export_speedup,0.9952153110047848
C5,batch_m128,128,512,8,16,False,28202,round,3,source_public_new_export_speedup,0.9984051036682617
C5,batch_m128,128,512,8,16,False,28202,round,3,canonical_source_public_speedup,0.9968051118210862
C5,batch_m128,128,512,8,16,False,28202,round,4,source_new_export_speedup,0.9935275080906149
C5,batch_m128,128,512,8,16,False,28202,round,4,canonical_source_public_speedup,0.9935275080906149
C5,batch_m128,128,512,8,16,False,28202,round,5,canonical_source_public_speedup,0.9984101748807631
C5,batch_m128,128,512,8,16,False,28202,round,6,source_public_new_export_speedup,0.9968203497615261
C5,qwen_decode_m8,8,512,10,8,False,28203,median,,source_new_export_speedup,0.998587570621469
C5,qwen_decode_m8,8,512,10,8,False,28203,median,,canonical_source_public_speedup,0.9971751412429379
C5,qwen_decode_m8,8,512,10,8,False,28203,round,1,source_public_new_export_speedup,0.9914772727272728
C5,qwen_decode_m8,8,512,10,8,False,28203,round,3,source_new_export_speedup,0.9971751412429379
C5,qwen_decode_m8,8,512,10,8,False,28203,round,3,canonical_source_public_speedup,0.9915730337078653
C5,qwen_decode_m8,8,512,10,8,False,28203,round,4,source_new_export_speedup,0.9943181818181819
C5,qwen_decode_m8,8,512,10,8,False,28203,round,4,canonical_source_public_speedup,0.9943181818181819
C5,qwen_decode_m8,8,512,10,8,False,28203,round,6,source_new_export_speedup,0.9971671388101983
C5,qwen_decode_m8,8,512,10,8,False,28203,round,6,canonical_source_public_speedup,0.9943502824858758
C5,qwen_batch_m128,128,512,10,8,False,28204,median,,canonical_source_public_speedup,0.9935743958090327
C5,qwen_batch_m128,128,512,10,8,False,28204,round,1,canonical_source_public_speedup,0.9890109890109889
C5,qwen_batch_m128,128,512,10,8,False,28204,round,3,canonical_source_public_speedup,0.9981378026070765
C5,qwen_batch_m128,128,512,10,8,False,28204,round,4,canonical_source_public_speedup,0.9854545454545452
C5,qwen_batch_m128,128,512,10,8,False,28204,round,5,source_new_export_speedup,0.9963702359346641
C5,qwen_batch_m128,128,512,10,8,False,28204,round,5,canonical_source_public_speedup,0.9874100719424461
C5,qwen_m512,512,512,10,8,False,28205,median,,source_new_export_speedup,0.9993421052631579
C5,qwen_m512,512,512,10,8,False,28205,median,,source_public_new_export_speedup,0.994961682183799
C5,qwen_m512,512,512,10,8,False,28205,round,1,canonical_source_public_speedup,0.9973684210526315
C5,qwen_m512,512,512,10,8,False,28205,round,3,source_new_export_speedup,0.9915764139590855
C5,qwen_m512,512,512,10,8,False,28205,round,3,source_public_new_export_speedup,0.9951865222623347
C5,qwen_m512,512,512,10,8,False,28205,round,3,canonical_source_public_speedup,0.996372430471584
C5,qwen_m512,512,512,10,8,False,28205,round,4,source_new_export_speedup,0.9986842105263157
C5,qwen_m512,512,512,10,8,False,28205,round,4,source_public_new_export_speedup,0.9947368421052631
C5,qwen_m512,512,512,10,8,False,28205,round,5,source_new_export_speedup,0.9597855227882038
C5,qwen_m512,512,512,10,8,False,28205,round,5,source_public_new_export_speedup,0.9624664879356569
C5,qwen_m512,512,512,10,8,False,28205,round,5,canonical_source_public_speedup,0.9972144846796657
C5,qwen_m512,512,512,10,8,False,28205,round,6,incumbent_source_speedup,0.9951807228915662
C5,qwen_m512,512,512,10,8,False,28205,round,6,source_public_new_export_speedup,0.9564164648910412
C5,qwen_prefill_m16384,16384,512,10,8,False,28206,median,,source_new_export_speedup,0.9998848191660907
C5,qwen_prefill_m16384,16384,512,10,8,False,28206,median,,canonical_source_public_speedup,0.9963197630318459
C5,qwen_prefill_m16384,16384,512,10,8,False,28206,round,1,source_new_export_speedup,0.9974666052510363
C5,qwen_prefill_m16384,16384,512,10,8,False,28206,round,1,canonical_source_public_speedup,0.9958611174982753
C5,qwen_prefill_m16384,16384,512,10,8,False,28206,round,2,source_new_export_speedup,0.9997694790225911
C5,qwen_prefill_m16384,16384,512,10,8,False,28206,round,2,canonical_source_public_speedup,0.9958668197474169
C5,qwen_prefill_m16384,16384,512,10,8,False,28206,round,3,canonical_source_public_speedup,0.9986123959296948
C5,qwen_prefill_m16384,16384,512,10,8,False,28206,round,4,canonical_source_public_speedup,0.9949460142430507
C5,qwen_prefill_m16384,16384,512,10,8,False,28206,round,5,source_new_export_speedup,0.9997696383321815
C5,qwen_prefill_m16384,16384,512,10,8,False,28206,round,5,canonical_source_public_speedup,0.9995393827729157
C5,qwen_prefill_m16384,16384,512,10,8,False,28206,round,6,canonical_source_public_speedup,0.9967727063162748
C6,tp_m32,32,512,8,16,False,28201,median,,source_new_export_speedup,0.9978858256454266
C6,tp_m32,32,512,8,16,False,28201,median,,canonical_source_public_speedup,0.9936841825337729
C6,tp_m32,32,512,8,16,False,28201,round,1,source_new_export_speedup,0.9936708860759493
C6,tp_m32,32,512,8,16,False,28201,round,1,canonical_source_public_speedup,0.9812499999999998
C6,tp_m32,32,512,8,16,False,28201,round,2,source_new_export_speedup,0.9956709956709957
C6,tp_m32,32,512,8,16,False,28201,round,2,canonical_source_public_speedup,0.9871244635193134
C6,tp_m32,32,512,8,16,False,28201,round,3,source_new_export_speedup,0.9978813559322033
C6,tp_m32,32,512,8,16,False,28201,round,3,canonical_source_public_speedup,0.9936708860759492
C6,tp_m32,32,512,8,16,False,28201,round,4,source_new_export_speedup,0.9978902953586498
C6,tp_m32,32,512,8,16,False,28201,round,4,canonical_source_public_speedup,0.9978902953586498
C6,tp_m32,32,512,8,16,False,28201,round,5,canonical_source_public_speedup,0.9956896551724138
C6,tp_m32,32,512,8,16,False,28201,round,6,source_new_export_speedup,0.9978902953586498
C6,tp_m32,32,512,8,16,False,28201,round,6,canonical_source_public_speedup,0.9936974789915966
C6,batch_m128,128,512,8,16,False,28202,median,,source_new_export_speedup,0.9984
C6,batch_m128,128,512,8,16,False,28202,median,,canonical_source_public_speedup,0.9975948635634029
C6,batch_m128,128,512,8,16,False,28202,round,1,source_new_export_speedup,0.9967426710097721
C6,batch_m128,128,512,8,16,False,28202,round,1,source_public_new_export_speedup,0.9967426710097721
C6,batch_m128,128,512,8,16,False,28202,round,2,source_new_export_speedup,0.9983922829581994
C6,batch_m128,128,512,8,16,False,28202,round,2,canonical_source_public_speedup,0.9967897271268057
C6,batch_m128,128,512,8,16,False,28202,round,3,source_new_export_speedup,0.9984
C6,batch_m128,128,512,8,16,False,28202,round,3,canonical_source_public_speedup,0.9984
C6,batch_m128,128,512,8,16,False,28202,round,4,canonical_source_public_speedup,0.9967532467532467
C6,batch_m128,128,512,8,16,False,28202,round,5,source_new_export_speedup,0.9984
C6,batch_m128,128,512,8,16,False,28202,round,5,source_public_new_export_speedup,0.9952000000000001
C6,batch_m128,128,512,8,16,False,28202,round,6,canonical_source_public_speedup,0.9936102236421726
C6,qwen_decode_m8,8,512,10,8,False,28203,median,,source_new_export_speedup,0.9985835694050991
C6,qwen_decode_m8,8,512,10,8,False,28203,median,,canonical_source_public_speedup,0.9929137776065743
C6,qwen_decode_m8,8,512,10,8,False,28203,round,1,source_new_export_speedup,0.9914772727272728
C6,qwen_decode_m8,8,512,10,8,False,28203,round,1,canonical_source_public_speedup,0.9914772727272728
C6,qwen_decode_m8,8,512,10,8,False,28203,round,2,source_new_export_speedup,0.9943181818181819
C6,qwen_decode_m8,8,512,10,8,False,28203,round,2,canonical_source_public_speedup,0.9887005649717514
C6,qwen_decode_m8,8,512,10,8,False,28203,round,3,canonical_source_public_speedup,0.9943502824858758
C6,qwen_decode_m8,8,512,10,8,False,28203,round,4,canonical_source_public_speedup,0.9971590909090908
C6,qwen_decode_m8,8,512,10,8,False,28203,round,5,source_new_export_speedup,0.9971671388101983
C6,qwen_decode_m8,8,512,10,8,False,28203,round,5,canonical_source_public_speedup,0.9887640449438203
C6,qwen_batch_m128,128,512,10,8,False,28204,round,4,canonical_source_public_speedup,0.992633517495396
C6,qwen_m512,512,512,10,8,False,28205,median,,source_new_export_speedup,0.9979865699356567
C6,qwen_m512,512,512,10,8,False,28205,median,,canonical_source_public_speedup,0.9925575996238392
C6,qwen_m512,512,512,10,8,False,28205,round,1,source_new_export_speedup,0.9973118279569894
C6,qwen_m512,512,512,10,8,False,28205,round,1,canonical_source_public_speedup,0.9933065595716198
C6,qwen_m512,512,512,10,8,False,28205,round,2,canonical_source_public_speedup,0.9930939226519336
C6,qwen_m512,512,512,10,8,False,28205,round,3,source_new_export_speedup,0.9555273189326555
C6,qwen_m512,512,512,10,8,False,28205,round,3,canonical_source_public_speedup,0.918192918192918
C6,qwen_m512,512,512,10,8,False,28205,round,4,source_new_export_speedup,0.998661311914324
C6,qwen_m512,512,512,10,8,False,28205,round,4,canonical_source_public_speedup,0.9920212765957447
C6,qwen_m512,512,512,10,8,False,28205,round,5,canonical_source_public_speedup,0.9986072423398329
C6,qwen_m512,512,512,10,8,False,28205,round,6,source_new_export_speedup,0.9644670050761421
C6,qwen_m512,512,512,10,8,False,28205,round,6,canonical_source_public_speedup,0.9302325581395349
C6,qwen_prefill_m16384,16384,512,10,8,False,28206,median,,canonical_source_public_speedup,0.9975837168234334
C6,qwen_prefill_m16384,16384,512,10,8,False,28206,round,1,source_new_export_speedup,0.9990783410138248
C6,qwen_prefill_m16384,16384,512,10,8,False,28206,round,1,canonical_source_public_speedup,0.99609464736963
C6,qwen_prefill_m16384,16384,512,10,8,False,28206,round,2,source_public_new_export_speedup,0.9997690531177826
C6,qwen_prefill_m16384,16384,512,10,8,False,28206,round,3,canonical_source_public_speedup,0.9990727862772368
C6,qwen_prefill_m16384,16384,512,10,8,False,28206,round,4,canonical_source_public_speedup,0.9956341911764706
C6,qwen_prefill_m16384,16384,512,10,8,False,28206,round,5,source_new_export_speedup,0.9974630996309963
C6,qwen_prefill_m16384,16384,512,10,8,False,28206,round,5,canonical_source_public_speedup,0.9953970080552359
C6,qwen_prefill_m16384,16384,512,10,8,False,28206,round,6,source_new_export_speedup,0.9997680352586407
C6,qwen_prefill_m16384,16384,512,10,8,False,28206,round,6,canonical_source_public_speedup,0.9995361781076066
C7,tp_m32,32,512,8,16,False,28201,median,,canonical_source_public_speedup,0.9989106753812637
C7,tp_m32,32,512,8,16,False,28201,round,1,canonical_source_public_speedup,0.9936842105263157
C7,tp_m32,32,512,8,16,False,28201,round,2,canonical_source_public_speedup,0.9978213507625273
C7,tp_m32,32,512,8,16,False,28201,round,4,canonical_source_public_speedup,0.995798319327731
C7,batch_m128,128,512,8,16,False,28202,median,,canonical_source_public_speedup,0.9975855624464909
C7,batch_m128,128,512,8,16,False,28202,round,1,canonical_source_public_speedup,0.9919093851132688
C7,batch_m128,128,512,8,16,False,28202,round,2,source_public_new_export_speedup,0.9983948635634029
C7,batch_m128,128,512,8,16,False,28202,round,3,source_new_export_speedup,0.9967948717948719
C7,batch_m128,128,512,8,16,False,28202,round,3,source_public_new_export_speedup,0.9967948717948719
C7,batch_m128,128,512,8,16,False,28202,round,4,canonical_source_public_speedup,0.9983660130718954
C7,batch_m128,128,512,8,16,False,28202,round,5,source_new_export_speedup,0.9935897435897436
C7,batch_m128,128,512,8,16,False,28202,round,5,source_public_new_export_speedup,0.9967948717948719
C7,batch_m128,128,512,8,16,False,28202,round,5,canonical_source_public_speedup,0.9967845659163986
C7,batch_m128,128,512,8,16,False,28202,round,6,canonical_source_public_speedup,0.9968051118210862
C7,qwen_decode_m8,8,512,10,8,False,28203,median,,canonical_source_public_speedup,0.9943620154294313
C7,qwen_decode_m8,8,512,10,8,False,28203,round,1,canonical_source_public_speedup,0.9971509971509972
C7,qwen_decode_m8,8,512,10,8,False,28203,round,2,canonical_source_public_speedup,0.9915014164305949
C7,qwen_decode_m8,8,512,10,8,False,28203,round,3,canonical_source_public_speedup,0.9915730337078653
C7,qwen_decode_m8,8,512,10,8,False,28203,round,6,source_new_export_speedup,0.9971590909090908
C7,qwen_decode_m8,8,512,10,8,False,28203,round,6,canonical_source_public_speedup,0.9915254237288135
C7,qwen_batch_m128,128,512,10,8,False,28204,median,,canonical_source_public_speedup,0.996328784255518
C7,qwen_batch_m128,128,512,10,8,False,28204,round,3,canonical_source_public_speedup,0.9852398523985241
C7,qwen_batch_m128,128,512,10,8,False,28204,round,4,canonical_source_public_speedup,0.990791896869245
C7,qwen_batch_m128,128,512,10,8,False,28204,round,6,source_new_export_speedup,0.9962686567164178
C7,qwen_batch_m128,128,512,10,8,False,28204,round,6,canonical_source_public_speedup,0.9907235621521335
C7,qwen_m512,512,512,10,8,False,28205,median,,canonical_source_public_speedup,0.9933519256308101
C7,qwen_m512,512,512,10,8,False,28205,round,1,source_new_export_speedup,0.9959946595460614
C7,qwen_m512,512,512,10,8,False,28205,round,1,canonical_source_public_speedup,0.9907038512616201
C7,qwen_m512,512,512,10,8,False,28205,round,2,source_new_export_speedup,0.9972299168975071
C7,qwen_m512,512,512,10,8,False,28205,round,2,source_public_new_export_speedup,0.9944598337950139
C7,qwen_m512,512,512,10,8,False,28205,round,3,canonical_source_public_speedup,0.9450000000000001
C7,qwen_m512,512,512,10,8,False,28205,round,4,canonical_source_public_speedup,0.996
C7,qwen_m512,512,512,10,8,False,28205,round,6,canonical_source_public_speedup,0.921116504854369
C7,qwen_prefill_m16384,16384,512,10,8,False,28206,median,,canonical_source_public_speedup,0.9972281962894658
C7,qwen_prefill_m16384,16384,512,10,8,False,28206,round,1,canonical_source_public_speedup,0.9956331877729258
C7,qwen_prefill_m16384,16384,512,10,8,False,28206,round,2,canonical_source_public_speedup,0.9956351941189984
C7,qwen_prefill_m16384,16384,512,10,8,False,28206,round,3,canonical_source_public_speedup,0.9967600092571164
C7,qwen_prefill_m16384,16384,512,10,8,False,28206,round,4,source_new_export_speedup,0.9993081180811809
C7,qwen_prefill_m16384,16384,512,10,8,False,28206,round,4,canonical_source_public_speedup,0.9986171929015902
C7,qwen_prefill_m16384,16384,512,10,8,False,28206,round,5,source_new_export_speedup,0.9993077988001845
C7,qwen_prefill_m16384,16384,512,10,8,False,28206,round,5,canonical_source_public_speedup,0.9976963833218151
C7,qwen_prefill_m16384,16384,512,10,8,False,28206,round,6,canonical_source_public_speedup,0.9988409828465462
C8,tp_m32,32,512,8,16,False,28201,round,6,c7_over_candidate,0.9936842105263158
C8,batch_m128,128,512,8,16,False,28202,round,3,c7_over_candidate,0.9967320261437909
C8,batch_m128,128,512,8,16,False,28202,round,4,c7_over_candidate,0.9967741935483871
C8,qwen_decode_m8,8,512,10,8,False,28203,round,1,c7_over_candidate,0.9943181818181818
C8,qwen_decode_m8,8,512,10,8,False,28203,round,4,c7_over_candidate,0.9915254237288136
C8,qwen_batch_m128,128,512,10,8,False,28204,median,,c7_over_candidate,0.9981360654826428
C8,qwen_batch_m128,128,512,10,8,False,28204,round,1,c7_over_candidate,0.9981343283582089
C8,qwen_batch_m128,128,512,10,8,False,28204,round,2,c7_over_candidate,0.9981308411214951
C8,qwen_batch_m128,128,512,10,8,False,28204,round,3,c7_over_candidate,0.9945652173913045
C8,qwen_batch_m128,128,512,10,8,False,28204,round,5,c7_over_candidate,0.9981378026070765
C8,qwen_m512,512,512,10,8,False,28205,round,2,c7_over_candidate,0.997357992073976
C8,qwen_m512,512,512,10,8,False,28205,round,4,c7_over_candidate,0.9974126778783958
C8,qwen_prefill_m16384,16384,512,10,8,False,28206,median,,c7_over_candidate,0.9989600692094909
C8,qwen_prefill_m16384,16384,512,10,8,False,28206,round,1,c7_over_candidate,0.9988428604489702
C8,qwen_prefill_m16384,16384,512,10,8,False,28206,round,2,c7_over_candidate,0.9986187845303867
C8,qwen_prefill_m16384,16384,512,10,8,False,28206,round,4,c7_over_candidate,0.9988423246121788
C8,qwen_prefill_m16384,16384,512,10,8,False,28206,round,5,c7_over_candidate,0.9990772779700114
C9,tp_m32,32,512,8,16,False,28201,round,4,c7_over_candidate,0.9915254237288136
C9,tp_m32,32,512,8,16,False,28201,round,6,c7_over_candidate,0.9978858350951373
C9,batch_m128,128,512,8,16,False,28202,median,,c7_over_candidate,0.999194847020934
C9,batch_m128,128,512,8,16,False,28202,round,1,c7_over_candidate,0.998389694041868
C9,batch_m128,128,512,8,16,False,28202,round,3,c7_over_candidate,0.9983686786296899
C9,batch_m128,128,512,8,16,False,28202,round,5,c7_over_candidate,0.9934640522875818
C9,qwen_decode_m8,8,512,10,8,False,28203,round,6,c7_over_candidate,0.9971181556195967
C9,qwen_m512,512,512,10,8,False,28205,median,,c7_over_candidate,0.9973614729803346
C9,qwen_m512,512,512,10,8,False,28205,round,1,c7_over_candidate,0.9910025706940874
C9,qwen_m512,512,512,10,8,False,28205,round,2,c7_over_candidate,0.997357992073976
C9,qwen_m512,512,512,10,8,False,28205,round,4,c7_over_candidate,0.9884763124199744
C9,qwen_m512,512,512,10,8,False,28205,round,5,c7_over_candidate,0.9973649538866931
C9,qwen_prefill_m16384,16384,512,10,8,False,28206,round,4,c7_over_candidate,0.9981498612395932
C9,qwen_prefill_m16384,16384,512,10,8,False,28206,round,6,c7_over_candidate,0.9988353133007222
C10,tp_m32,32,512,8,16,False,28201,median,,c7_over_candidate,0.9968265036115284
C10,tp_m32,32,512,8,16,False,28201,round,2,c7_over_candidate,0.9957627118644068
C10,tp_m32,32,512,8,16,False,28201,round,3,c7_over_candidate,0.9978902953586499
C10,tp_m32,32,512,8,16,False,28201,round,4,c7_over_candidate,0.9936708860759493
C10,tp_m32,32,512,8,16,False,28201,round,6,c7_over_candidate,0.9957627118644068
C10,batch_m128,128,512,8,16,False,28202,median,,c7_over_candidate,0.9967373485767814
C10,batch_m128,128,512,8,16,False,28202,round,1,c7_over_candidate,0.9935691318327974
C10,batch_m128,128,512,8,16,False,28202,round,2,c7_over_candidate,0.9967320261437909
C10,batch_m128,128,512,8,16,False,28202,round,4,c7_over_candidate,0.9919484702093397
C10,batch_m128,128,512,8,16,False,28202,round,5,c7_over_candidate,0.996742671009772
C10,batch_m128,128,512,8,16,False,28202,round,6,c7_over_candidate,0.9967532467532467
C10,qwen_decode_m8,8,512,10,8,False,28203,round,4,c7_over_candidate,0.9915254237288136
C10,qwen_decode_m8,8,512,10,8,False,28203,round,6,c7_over_candidate,0.9971181556195967
C10,qwen_batch_m128,128,512,10,8,False,28204,round,5,c7_over_candidate,0.9907063197026025
C10,qwen_m512,512,512,10,8,False,28205,round,6,v53_over_c7,0.9961880559085134
C11,tp_m32,32,512,8,16,False,28201,round,2,c7_over_c10,0.9978678038379529
C11,tp_m32,32,512,8,16,False,28201,round,2,c7_over_candidate,0.9978678038379529
C11,tp_m32,32,512,8,16,False,28201,round,4,c7_over_c10,0.9936575052854122
C11,tp_m32,32,512,8,16,False,28201,round,5,c10_over_candidate,0.9915611814345991
C11,tp_m32,32,512,8,16,False,28201,round,5,c7_over_candidate,0.9957805907172996
C11,batch_m128,128,512,8,16,False,28202,median,,c7_over_c10,0.9967557071137634
C11,batch_m128,128,512,8,16,False,28202,median,,c7_over_candidate,0.998371335504886
C11,batch_m128,128,512,8,16,False,28202,round,1,c7_over_c10,0.9967793880837359
C11,batch_m128,128,512,8,16,False,28202,round,2,c7_over_c10,0.993485342019544
C11,batch_m128,128,512,8,16,False,28202,round,2,c7_over_candidate,0.99510603588907
C11,batch_m128,128,512,8,16,False,28202,round,3,c7_over_c10,0.9967320261437909
C11,batch_m128,128,512,8,16,False,28202,round,4,c7_over_c10,0.9951612903225805
C11,batch_m128,128,512,8,16,False,28202,round,5,c7_over_c10,0.9983633387888707
C11,batch_m128,128,512,8,16,False,28202,round,5,c10_over_candidate,0.995114006514658
C11,batch_m128,128,512,8,16,False,28202,round,5,c7_over_candidate,0.993485342019544
C11,batch_m128,128,512,8,16,False,28202,round,6,c10_over_candidate,0.995114006514658
C11,batch_m128,128,512,8,16,False,28202,round,6,c7_over_candidate,0.996742671009772
C11,qwen_decode_m8,8,512,10,8,False,28203,median,,c10_over_candidate,0.9971098265895953
C11,qwen_decode_m8,8,512,10,8,False,28203,median,,c7_over_candidate,0.9985549132947977
C11,qwen_decode_m8,8,512,10,8,False,28203,round,1,c10_over_candidate,0.9858356940509914
C11,qwen_decode_m8,8,512,10,8,False,28203,round,1,c7_over_candidate,0.9858356940509914
C11,qwen_decode_m8,8,512,10,8,False,28203,round,2,c7_over_c10,0.9970930232558138
C11,qwen_decode_m8,8,512,10,8,False,28203,round,2,c7_over_candidate,0.9970930232558138
C11,qwen_decode_m8,8,512,10,8,False,28203,round,5,c10_over_candidate,0.9942196531791907
C11,qwen_decode_m8,8,512,10,8,False,28203,round,5,c7_over_candidate,0.9971098265895953
C11,qwen_decode_m8,8,512,10,8,False,28203,round,6,c10_over_candidate,0.9913294797687859
C11,qwen_batch_m128,128,512,10,8,False,28204,round,1,c7_over_c10,0.9962686567164177
C11,qwen_batch_m128,128,512,10,8,False,28204,round,1,c7_over_candidate,0.9981308411214951
C11,qwen_batch_m128,128,512,10,8,False,28204,round,2,c10_over_candidate,0.994413407821229
C11,qwen_batch_m128,128,512,10,8,False,28204,round,3,c10_over_candidate,0.9927536231884058
C11,qwen_batch_m128,128,512,10,8,False,28204,round,3,c7_over_candidate,0.9963768115942031
C12,tp_m32,32,512,8,16,False,28201,median,,c7_over_c10,0.9947078689934425
C12,tp_m32,32,512,8,16,False,28201,median,,c7_over_candidate,0.998936170212766
C12,tp_m32,32,512,8,16,False,28201,round,2,c7_over_c10,0.9936440677966103
C12,tp_m32,32,512,8,16,False,28201,round,2,c7_over_candidate,0.9978723404255321
C12,tp_m32,32,512,8,16,False,28201,round,3,c7_over_c10,0.9978858350951373
C12,tp_m32,32,512,8,16,False,28201,round,4,c7_over_c10,0.989517819706499
C12,tp_m32,32,512,8,16,False,28201,round,5,c7_over_c10,0.9957716701902747
C12,tp_m32,32,512,8,16,False,28201,round,5,c7_over_candidate,0.9957716701902747
C12,tp_m32,32,512,8,16,False,28201,round,6,c7_over_c10,0.9915611814345991
C12,tp_m32,32,512,8,16,False,28201,round,6,c7_over_candidate,0.9957627118644068
C12,batch_m128,128,512,8,16,False,28202,median,,c7_over_c10,0.9983660130718954
C12,batch_m128,128,512,8,16,False,28202,median,,c7_over_candidate,0.9975701033101413
C12,batch_m128,128,512,8,16,False,28202,round,1,c7_over_c10,0.9967741935483871
C12,batch_m128,128,512,8,16,False,28202,round,1,c7_over_candidate,0.9967741935483871
C12,batch_m128,128,512,8,16,False,28202,round,3,c7_over_c10,0.9983660130718954
C12,batch_m128,128,512,8,16,False,28202,round,3,c7_over_candidate,0.9983660130718954
C12,batch_m128,128,512,8,16,False,28202,round,4,c7_over_c10,0.9967845659163987
C12,batch_m128,128,512,8,16,False,28202,round,4,c10_over_candidate,0.9983948635634027
C12,batch_m128,128,512,8,16,False,28202,round,4,c7_over_candidate,0.9951845906902085
C12,batch_m128,128,512,8,16,False,28202,round,5,c10_over_candidate,0.9902120717781401
C12,batch_m128,128,512,8,16,False,28202,round,5,c7_over_candidate,0.99510603588907
C12,batch_m128,128,512,8,16,False,28202,round,6,c7_over_c10,0.9983660130718954
C12,batch_m128,128,512,8,16,False,28202,round,6,c7_over_candidate,0.9983660130718954
C12,qwen_decode_m8,8,512,10,8,False,28203,median,,c7_over_c10,0.9957220521049959
C12,qwen_decode_m8,8,512,10,8,False,28203,median,,c7_over_candidate,0.9985632183908046
C12,qwen_decode_m8,8,512,10,8,False,28203,round,1,c7_over_c10,0.9857954545454546
C12,qwen_decode_m8,8,512,10,8,False,28203,round,1,c7_over_candidate,0.9971264367816092
C12,qwen_decode_m8,8,512,10,8,False,28203,round,2,c7_over_c10,0.9971098265895953
C12,qwen_decode_m8,8,512,10,8,False,28203,round,2,c7_over_candidate,0.9971098265895953
C12,qwen_decode_m8,8,512,10,8,False,28203,round,4,c7_over_c10,0.9943342776203964
C12,qwen_decode_m8,8,512,10,8,False,28203,round,6,c7_over_c10,0.9942196531791907
C12,qwen_decode_m8,8,512,10,8,False,28203,round,6,c7_over_candidate,0.9942196531791907
C12,qwen_batch_m128,128,512,10,8,False,28204,median,,c10_over_candidate,0.9981818181818181
C12,qwen_batch_m128,128,512,10,8,False,28204,round,1,c10_over_candidate,0.9943714821763602
C12,qwen_batch_m128,128,512,10,8,False,28204,round,3,c10_over_candidate,0.9927536231884058
C12,qwen_batch_m128,128,512,10,8,False,28204,round,4,c7_over_c10,0.9962546816479403
C12,qwen_batch_m128,128,512,10,8,False,28204,round,4,c7_over_candidate,0.99812382739212
C12,qwen_batch_m128,128,512,10,8,False,28204,round,6,c10_over_candidate,0.9963636363636361
C12,qwen_batch_m128,128,512,10,8,False,28204,round,6,c7_over_candidate,0.9981818181818182
C12,qwen_m512,512,512,10,8,False,28205,median,,c10_over_candidate,0.9474026131481847
C12,qwen_m512,512,512,10,8,False,28205,round,1,c10_over_candidate,0.9478138222849083
C12,qwen_m512,512,512,10,8,False,28205,round,2,c10_over_candidate,0.8633879781420766
C12,qwen_m512,512,512,10,8,False,28205,round,3,c10_over_candidate,0.9694767441860465
C12,qwen_m512,512,512,10,8,False,28205,round,4,c10_over_candidate,0.953257790368272
C12,qwen_m512,512,512,10,8,False,28205,round,5,c10_over_candidate,0.8858321870701513
C12,qwen_m512,512,512,10,8,False,28205,round,6,c10_over_candidate,0.9469914040114611
C13,tp_m32,32,512,8,16,False,28201,median,,c7_over_c10,0.9978902953586498
C13,tp_m32,32,512,8,16,False,28201,round,4,c7_over_c10,0.9832635983263597
C13,tp_m32,32,512,8,16,False,28201,round,5,c7_over_c10,0.9957627118644068
C13,tp_m32,32,512,8,16,False,28201,round,6,c7_over_c10,0.9957805907172996
C13,batch_m128,128,512,8,16,False,28202,round,1,c7_over_c10,0.9983818770226536
C13,batch_m128,128,512,8,16,False,28202,round,3,c7_over_c10,0.996742671009772
C13,qwen_batch_m128,128,512,10,8,False,28204,round,3,c7_over_c10,0.9981884057971017
C13,qwen_batch_m128,128,512,10,8,False,28204,round,6,c7_over_c10,0.9963503649635038
C14,tp_m32,32,512,8,16,False,28201,median,,c7_over_c10,0.9989654006536686
C14,tp_m32,32,512,8,16,False,28201,round,1,c7_over_c10,0.9915611814345991
C14,tp_m32,32,512,8,16,False,28201,round,2,c10_over_candidate,0.9978632478632479
C14,tp_m32,32,512,8,16,False,28201,round,4,c7_over_c10,0.9957894736842107
C14,tp_m32,32,512,8,16,False,28201,round,4,c7_over_candidate,0.9978902953586499
C14,tp_m32,32,512,8,16,False,28201,round,5,c7_over_c10,0.9957627118644068
C14,tp_m32,32,512,8,16,False,28201,round,5,c7_over_candidate,0.9957627118644068
C14,batch_m128,128,512,8,16,False,28202,median,,c7_over_c10,0.999194847020934
C14,batch_m128,128,512,8,16,False,28202,round,1,c7_over_c10,0.9967741935483871
C14,batch_m128,128,512,8,16,False,28202,round,1,c10_over_candidate,0.9935897435897436
C14,batch_m128,128,512,8,16,False,28202,round,1,c7_over_candidate,0.9903846153846154
C14,batch_m128,128,512,8,16,False,28202,round,3,c7_over_c10,0.9983660130718954
C14,batch_m128,128,512,8,16,False,28202,round,3,c7_over_candidate,0.9983660130718954
C14,batch_m128,128,512,8,16,False,28202,round,4,c7_over_c10,0.998389694041868
C14,qwen_decode_m8,8,512,10,8,False,28203,median,,c10_over_candidate,0.9985549132947977
C14,qwen_decode_m8,8,512,10,8,False,28203,round,1,c7_over_c10,0.9943019943019945
C14,qwen_decode_m8,8,512,10,8,False,28203,round,2,c10_over_candidate,0.9971014492753623
C14,qwen_decode_m8,8,512,10,8,False,28203,round,3,c10_over_candidate,0.9971098265895953
C14,qwen_decode_m8,8,512,10,8,False,28203,round,4,c7_over_c10,0.9942857142857143
C14,qwen_decode_m8,8,512,10,8,False,28203,round,6,c10_over_candidate,0.9884393063583815
C14,qwen_batch_m128,128,512,10,8,False,28204,median,,c10_over_candidate,0.99906191369606
C14,qwen_batch_m128,128,512,10,8,False,28204,round,2,c7_over_c10,0.9981273408239703
C14,qwen_batch_m128,128,512,10,8,False,28204,round,2,c10_over_candidate,0.9925650557620818
C14,qwen_batch_m128,128,512,10,8,False,28204,round,2,c7_over_candidate,0.9907063197026025
C14,qwen_batch_m128,128,512,10,8,False,28204,round,4,c10_over_candidate,0.99812382739212
C14,qwen_batch_m128,128,512,10,8,False,28204,round,5,c10_over_candidate,0.9962756052141529
C14,qwen_batch_m128,128,512,10,8,False,28204,round,5,c7_over_candidate,0.9981378026070765
C14,qwen_m512,512,512,10,8,False,28205,median,,c10_over_candidate,0.9932794084277687
C14,qwen_m512,512,512,10,8,False,28205,round,1,c10_over_candidate,0.9955686853766619
C14,qwen_m512,512,512,10,8,False,28205,round,2,c10_over_candidate,0.9713855421686745
C14,qwen_m512,512,512,10,8,False,28205,round,3,c10_over_candidate,0.9969969969969973
C14,qwen_m512,512,512,10,8,False,28205,round,4,c10_over_candidate,0.9941002949852508
C14,qwen_m512,512,512,10,8,False,28205,round,5,c10_over_candidate,0.9924585218702866
C14,qwen_m512,512,512,10,8,False,28205,round,6,c10_over_candidate,0.9894578313253012
C15,tp_m32,32,512,8,16,False,28201,median,,c7_over_c10,0.9989384288747346
C15,tp_m32,32,512,8,16,False,28201,round,1,c7_over_c10,0.9873417721518988
C15,tp_m32,32,512,8,16,False,28201,round,2,c7_over_c10,0.9978768577494692
C15,tp_m32,32,512,8,16,False,28201,round,5,c7_over_c10,0.9915433403805497
C15,batch_m128,128,512,8,16,False,28202,median,,c7_over_c10,0.998372633764473
C15,batch_m128,128,512,8,16,False,28202,round,1,c7_over_c10,0.9967845659163987
C15,batch_m128,128,512,8,16,False,28202,round,2,c7_over_c10,0.9967320261437909
C15,batch_m128,128,512,8,16,False,28202,round,3,c7_over_c10,0.9983660130718957
C15,batch_m128,128,512,8,16,False,28202,round,4,c7_over_c10,0.9983792544570504
C15,qwen_decode_m8,8,512,10,8,False,28203,round,1,c7_over_c10,0.9857954545454546
C15,qwen_batch_m128,128,512,10,8,False,28204,round,3,c7_over_c10,0.9981949458483754
C16,tp_m32,32,512,8,16,False,28201,median,,c7_over_c10,0.9999977604185328
C16,tp_m32,32,512,8,16,False,28201,round,1,frontier_over_candidate,0.9913043478260869
C16,tp_m32,32,512,8,16,False,28201,round,2,c7_over_c10,0.9978678038379529
C16,tp_m32,32,512,8,16,False,28201,round,3,c7_over_c10,0.9978813559322034
C16,tp_m32,32,512,8,16,False,28201,round,3,frontier_over_candidate,0.9956236323851202
C16,tp_m32,32,512,8,16,False,28201,round,4,c7_over_c10,0.9957446808510638
C16,batch_m128,128,512,8,16,False,28202,round,1,c7_over_c10,0.9903536977491961
C16,batch_m128,128,512,8,16,False,28202,round,2,frontier_over_candidate,0.99830220713073
C16,batch_m128,128,512,8,16,False,28202,round,5,frontier_over_candidate,0.9915254237288134
C16,qwen_decode_m8,8,512,10,8,False,28203,round,4,c7_over_c10,0.9971264367816092
C16,qwen_decode_m8,8,512,10,8,False,28203,round,4,frontier_over_candidate,0.9847560975609758
C16,qwen_decode_m8,8,512,10,8,False,28203,round,5,frontier_over_candidate,0.9906832298136646
C16,qwen_decode_m8,8,512,10,8,False,28203,round,6,c7_over_c10,0.9942528735632186
C16,qwen_batch_m128,128,512,10,8,False,28204,median,,c7_over_c10,0.9934840204183544
C16,qwen_batch_m128,128,512,10,8,False,28204,round,1,c7_over_c10,0.9944029850746269
C16,qwen_batch_m128,128,512,10,8,False,28204,round,2,c7_over_c10,0.9907063197026025
C16,qwen_batch_m128,128,512,10,8,False,28204,round,4,c7_over_c10,0.9925650557620818
C16,qwen_batch_m128,128,512,10,8,False,28204,round,4,frontier_over_candidate,0.9920948616600791
C16,qwen_batch_m128,128,512,10,8,False,28204,round,5,c7_over_c10,0.987060998151571
C16,qwen_m512,512,512,10,8,False,28205,median,,frontier_over_candidate,0.9936858132314306
C16,qwen_m512,512,512,10,8,False,28205,round,1,frontier_over_candidate,0.9891975308641977
C16,qwen_m512,512,512,10,8,False,28205,round,2,frontier_over_candidate,0.9920886075949367
C16,qwen_m512,512,512,10,8,False,28205,round,3,frontier_over_candidate,0.9845201238390092
C16,qwen_m512,512,512,10,8,False,28205,round,4,frontier_over_candidate,0.9969040247678018
C16,qwen_m512,512,512,10,8,False,28205,round,5,frontier_over_candidate,0.9968152866242036
C16,qwen_m512,512,512,10,8,False,28205,round,6,frontier_over_candidate,0.9952830188679245
C17,tp_m32,32,512,8,16,False,28201,median,,c7_over_c10,0.9978880652268936
C17,tp_m32,32,512,8,16,False,28201,round,3,c7_over_c10,0.9978902953586499
C17,tp_m32,32,512,8,16,False,28201,round,4,c7_over_c10,0.9978858350951373
C17,tp_m32,32,512,8,16,False,28201,round,5,c7_over_c10,0.9978768577494692
C17,tp_m32,32,512,8,16,False,28201,round,6,c7_over_c10,0.9978858350951373
C17,tp_m32,32,512,8,16,False,28201,round,6,frontier_over_candidate,0.9912663755458514
C17,batch_m128,128,512,8,16,False,28202,median,,c7_over_c10,0.9975661605091364
C17,batch_m128,128,512,8,16,False,28202,round,2,c7_over_c10,0.996742671009772
C17,batch_m128,128,512,8,16,False,28202,round,2,frontier_over_candidate,0.9931972789115646
C17,batch_m128,128,512,8,16,False,28202,round,4,c7_over_c10,0.9967689822294021
C17,batch_m128,128,512,8,16,False,28202,round,5,c7_over_c10,0.993485342019544
C17,batch_m128,128,512,8,16,False,28202,round,5,frontier_over_candidate,0.9932432432432432
C17,batch_m128,128,512,8,16,False,28202,round,6,c7_over_c10,0.9983633387888707
C17,qwen_decode_m8,8,512,10,8,False,28203,round,1,c7_over_c10,0.9886363636363636
C17,qwen_decode_m8,8,512,10,8,False,28203,round,3,frontier_over_candidate,0.9968944099378882
C17,qwen_decode_m8,8,512,10,8,False,28203,round,5,frontier_over_candidate,0.9968944099378882
C17,qwen_batch_m128,128,512,10,8,False,28204,round,2,c7_over_c10,0.9888475836431229
C17,qwen_batch_m128,128,512,10,8,False,28204,round,2,frontier_over_candidate,0.9941291585127203
C17,qwen_batch_m128,128,512,10,8,False,28204,round,4,frontier_over_candidate,0.9881656804733724
C17,qwen_batch_m128,128,512,10,8,False,28204,round,5,c7_over_c10,0.9925650557620818
C17,qwen_m512,512,512,10,8,False,28205,round,1,frontier_over_candidate,0.9953632148377125
C17,qwen_prefill_m16384,16384,512,10,8,False,28206,median,,frontier_over_candidate,0.9882584803759906
C17,qwen_prefill_m16384,16384,512,10,8,False,28206,round,1,frontier_over_candidate,0.9916113247116395
C17,qwen_prefill_m16384,16384,512,10,8,False,28206,round,2,frontier_over_candidate,0.9863553303935836
C17,qwen_prefill_m16384,16384,512,10,8,False,28206,round,3,frontier_over_candidate,0.9849492474623731
C17,qwen_prefill_m16384,16384,512,10,8,False,28206,round,4,frontier_over_candidate,0.9909154437456323
C17,qwen_prefill_m16384,16384,512,10,8,False,28206,round,5,frontier_over_candidate,0.9901616303583978
C17,qwen_prefill_m16384,16384,512,10,8,False,28206,round,6,frontier_over_candidate,0.9835491774588729
C18,tp_m32,32,512,8,16,False,28201,median,,frontier_over_candidate,0.9989048289822543
C18,tp_m32,32,512,8,16,False,28201,round,1,c7_over_c10,0.9937888198757764
C18,tp_m32,32,512,8,16,False,28201,round,1,frontier_over_candidate,0.9999328002150394
C18,tp_m32,32,512,8,16,False,28201,round,2,c7_over_c10,0.9958333333333333
C18,tp_m32,32,512,8,16,False,28201,round,2,frontier_over_candidate,0.993576017130621
C18,tp_m32,32,512,8,16,False,28201,round,5,frontier_over_candidate,0.9957264957264957
C18,tp_m32,32,512,8,16,False,28201,round,6,frontier_over_candidate,0.9978768577494692
C18,batch_m128,128,512,8,16,False,28202,median,,frontier_over_candidate,0.9991803456661457
C18,batch_m128,128,512,8,16,False,28202,round,3,frontier_over_candidate,0.9901639344262295
C18,batch_m128,128,512,8,16,False,28202,round,4,frontier_over_candidate,0.9950083194675541
C18,batch_m128,128,512,8,16,False,28202,round,5,c7_over_c10,0.9968051118210862
C18,batch_m128,128,512,8,16,False,28202,round,6,frontier_over_candidate,0.9967105263157895
C18,qwen_decode_m8,8,512,10,8,False,28203,median,,c7_over_c10,0.9955268301350391
C18,qwen_decode_m8,8,512,10,8,False,28203,round,1,c7_over_c10,0.9940298507462685
C18,qwen_decode_m8,8,512,10,8,False,28203,round,1,frontier_over_candidate,0.9967948717948716
C18,qwen_decode_m8,8,512,10,8,False,28203,round,3,c7_over_c10,0.9970238095238096
C18,qwen_decode_m8,8,512,10,8,False,28203,round,5,c7_over_c10,0.9911764705882351
C18,qwen_decode_m8,8,512,10,8,False,28203,round,6,c7_over_c10,0.9882352941176469
C18,qwen_batch_m128,128,512,10,8,False,28204,median,,frontier_over_candidate,0.9999981824790984
C18,qwen_batch_m128,128,512,10,8,False,28204,round,1,frontier_over_candidate,0.9962476547842402
C18,qwen_batch_m128,128,512,10,8,False,28204,round,3,frontier_over_candidate,0.9960629921259843
C18,qwen_batch_m128,128,512,10,8,False,28204,round,5,c7_over_c10,0.9963768115942031
C18,qwen_batch_m128,128,512,10,8,False,28204,round,5,frontier_over_candidate,0.9980916030534351
C18,qwen_batch_m128,128,512,10,8,False,28204,round,6,c7_over_c10,0.9944237918215615
C18,qwen_m512,512,512,10,8,False,28205,round,1,frontier_over_candidate,0.9984756097560977
C18,qwen_m512,512,512,10,8,False,28205,round,3,frontier_over_candidate,0.991869918699187
C18,qwen_prefill_m16384,16384,512,10,8,False,28206,median,,frontier_over_candidate,0.9906464701887174
C18,qwen_prefill_m16384,16384,512,10,8,False,28206,round,1,frontier_over_candidate,0.9941902687000727
C18,qwen_prefill_m16384,16384,512,10,8,False,28206,round,2,frontier_over_candidate,0.986096256684492
C18,qwen_prefill_m16384,16384,512,10,8,False,28206,round,3,frontier_over_candidate,0.9913482335976929
C18,qwen_prefill_m16384,16384,512,10,8,False,28206,round,4,frontier_over_candidate,0.9912822375590263
C18,qwen_prefill_m16384,16384,512,10,8,False,28206,round,5,frontier_over_candidate,0.9900107028184086
C18,qwen_prefill_m16384,16384,512,10,8,False,28206,round,6,frontier_over_candidate,0.9888328530259367
C19,tp_m32,32,512,8,16,False,28201,median,,c7_over_c10,0.9979253022731284
C19,tp_m32,32,512,8,16,False,28201,median,,frontier_over_candidate,0.9988940069822942
C19,tp_m32,32,512,8,16,False,28201,round,2,frontier_over_candidate,0.9914893617021276
C19,tp_m32,32,512,8,16,False,28201,round,3,c7_over_c10,0.993801652892562
C19,tp_m32,32,512,8,16,False,28201,round,4,c7_over_c10,0.9979209979209981
C19,tp_m32,32,512,8,16,False,28201,round,4,frontier_over_candidate,0.9978448275862067
C19,tp_m32,32,512,8,16,False,28201,round,5,c7_over_c10,0.9979296066252586
C19,tp_m32,32,512,8,16,False,28201,round,5,frontier_over_candidate,0.997854077253219
C19,tp_m32,32,512,8,16,False,28201,round,6,c7_over_c10,0.9979209979209981
C19,tp_m32,32,512,8,16,False,28201,round,6,frontier_over_candidate,0.9999339367113697
C19,batch_m128,128,512,8,16,False,28202,median,,c7_over_c10,0.9984025559105432
C19,batch_m128,128,512,8,16,False,28202,median,,frontier_over_candidate,0.9975247524752475
C19,batch_m128,128,512,8,16,False,28202,round,1,c7_over_c10,0.9967741935483871
C19,batch_m128,128,512,8,16,False,28202,round,2,frontier_over_candidate,0.995049504950495
C19,batch_m128,128,512,8,16,False,28202,round,3,frontier_over_candidate,0.9933993399339934
C19,batch_m128,128,512,8,16,False,28202,round,5,c7_over_c10,0.9968051118210862
C19,batch_m128,128,512,8,16,False,28202,round,6,c7_over_c10,0.9936507936507938
C19,batch_m128,128,512,8,16,False,28202,round,6,frontier_over_candidate,0.9934210526315791
C19,qwen_decode_m8,8,512,10,8,False,28203,median,,c7_over_c10,0.9985207100591715
C19,qwen_decode_m8,8,512,10,8,False,28203,round,2,c7_over_c10,0.9970414201183432
C19,qwen_decode_m8,8,512,10,8,False,28203,round,4,c7_over_c10,0.9940476190476191
C19,qwen_decode_m8,8,512,10,8,False,28203,round,5,frontier_over_candidate,0.9936102236421723
C19,qwen_decode_m8,8,512,10,8,False,28203,round,6,c7_over_c10,0.9941520467836257
C19,qwen_batch_m128,128,512,10,8,False,28204,median,,frontier_over_candidate,0.9980579888306076
C19,qwen_batch_m128,128,512,10,8,False,28204,round,1,c7_over_c10,0.9982046678635548
C19,qwen_batch_m128,128,512,10,8,False,28204,round,2,frontier_over_candidate,0.9923954372623575
C19,qwen_batch_m128,128,512,10,8,False,28204,round,4,frontier_over_candidate,0.992467043314501
C19,qwen_batch_m128,128,512,10,8,False,28204,round,5,frontier_over_candidate,0.9980806142034547
C19,qwen_batch_m128,128,512,10,8,False,28204,round,6,frontier_over_candidate,0.9980353634577603
C19,qwen_m512,512,512,10,8,False,28205,round,3,frontier_over_candidate,0.9951690821256038
C19,qwen_m512,512,512,10,8,False,28205,round,6,frontier_over_candidate,0.9935691318327974
C19,qwen_prefill_m16384,16384,512,10,8,False,28206,round,2,frontier_over_candidate,0.9989173583543847
C19,qwen_prefill_m16384,16384,512,10,8,False,28206,round,6,frontier_over_candidate,0.9992708713087861
C20,tp_m32,32,512,8,16,False,28201,median,,frontier_over_candidate,0.9968039258293495
C20,tp_m32,32,512,8,16,False,28201,round,1,c7_over_c10,0.993801652892562
C20,tp_m32,32,512,8,16,False,28201,round,1,frontier_over_candidate,0.9914163090128757
C20,tp_m32,32,512,8,16,False,28201,round,2,c7_over_c10,0.9937759336099586
C20,tp_m32,32,512,8,16,False,28201,round,2,frontier_over_candidate,0.9957264957264957
C20,tp_m32,32,512,8,16,False,28201,round,5,c7_over_c10,0.9979253112033195
C20,tp_m32,32,512,8,16,False,28201,round,5,frontier_over_candidate,0.9957081545064379
C20,tp_m32,32,512,8,16,False,28201,round,6,frontier_over_candidate,0.9978813559322034
C20,batch_m128,128,512,8,16,False,28202,median,,c7_over_c10,0.9984076433121019
C20,batch_m128,128,512,8,16,False,28202,round,1,c7_over_c10,0.9967741935483871
C20,batch_m128,128,512,8,16,False,28202,round,2,c7_over_c10,0.9968152866242038
C20,batch_m128,128,512,8,16,False,28202,round,2,frontier_over_candidate,0.9966996699669969
C20,batch_m128,128,512,8,16,False,28202,round,4,c7_over_c10,0.9967637540453075
C20,batch_m128,128,512,8,16,False,28202,round,6,frontier_over_candidate,0.9983552631578947
C20,qwen_decode_m8,8,512,10,8,False,28203,median,,c7_over_c10,0.9985029940119761
C20,qwen_decode_m8,8,512,10,8,False,28203,round,1,c7_over_c10,0.9970059880239521
C20,qwen_decode_m8,8,512,10,8,False,28203,round,2,c7_over_c10,0.9852941176470588
C20,qwen_decode_m8,8,512,10,8,False,28203,round,3,c7_over_c10,0.9911242603550298
C20,qwen_batch_m128,128,512,10,8,False,28204,median,,frontier_over_candidate,0.9990196078431373
C20,qwen_batch_m128,128,512,10,8,False,28204,round,1,frontier_over_candidate,0.9962406015037594
C20,qwen_batch_m128,128,512,10,8,False,28204,round,5,frontier_over_candidate,0.9886363636363636
C20,qwen_batch_m128,128,512,10,8,False,28204,round,6,frontier_over_candidate,0.9980392156862745
C20,qwen_m512,512,512,10,8,False,28205,round,3,frontier_over_candidate,0.9625
C20,qwen_m512,512,512,10,8,False,28205,round,6,c10_over_candidate,0.9953198127925115
C20,qwen_m512,512,512,10,8,False,28205,round,6,frontier_over_candidate,0.9703588143525739
C20,qwen_prefill_m16384,16384,512,10,8,False,28206,median,,frontier_over_candidate,0.998725601117463
C20,qwen_prefill_m16384,16384,512,10,8,False,28206,round,1,frontier_over_candidate,0.9989031078610604
C20,qwen_prefill_m16384,16384,512,10,8,False,28206,round,2,frontier_over_candidate,0.9971181556195967
C20,qwen_prefill_m16384,16384,512,10,8,False,28206,round,5,frontier_over_candidate,0.997475658131987
C20,qwen_prefill_m16384,16384,512,10,8,False,28206,round,6,frontier_over_candidate,0.9985480943738657
C21,tp_m32,32,512,8,16,False,28201,median,,frontier_over_candidate,0.9989384288747346
C21,tp_m32,32,512,8,16,False,28201,round,2,frontier_over_candidate,0.9936170212765958
C21,tp_m32,32,512,8,16,False,28201,round,3,c7_over_c10,0.9979209979209981
C21,tp_m32,32,512,8,16,False,28201,round,3,frontier_over_candidate,0.9978768577494692
C21,tp_m32,32,512,8,16,False,28201,round,4,frontier_over_candidate,0.991368350618936
C21,batch_m128,128,512,8,16,False,28202,median,,c7_over_c10,0.9991935483870968
C21,batch_m128,128,512,8,16,False,28202,round,1,frontier_over_candidate,0.9983333333333333
C21,batch_m128,128,512,8,16,False,28202,round,2,c7_over_c10,0.9968152866242038
C21,batch_m128,128,512,8,16,False,28202,round,3,frontier_over_candidate,0.995049504950495
C21,batch_m128,128,512,8,16,False,28202,round,4,c7_over_c10,0.9983870967741936
C21,batch_m128,128,512,8,16,False,28202,round,6,c7_over_c10,0.9968051118210862
C21,qwen_decode_m8,8,512,10,8,False,28203,median,,c7_over_c10,0.9955415678910224
C21,qwen_decode_m8,8,512,10,8,False,28203,median,,frontier_over_candidate,0.9967896526847367
C21,qwen_decode_m8,8,512,10,8,False,28203,round,1,c7_over_c10,0.9970059880239521
C21,qwen_decode_m8,8,512,10,8,False,28203,round,1,frontier_over_candidate,0.9967741935483873
C21,qwen_decode_m8,8,512,10,8,False,28203,round,2,c7_over_c10,0.9941176470588233
C21,qwen_decode_m8,8,512,10,8,False,28203,round,2,frontier_over_candidate,0.9968354430379746
C21,qwen_decode_m8,8,512,10,8,False,28203,round,3,c7_over_c10,0.9941520467836257
C21,qwen_decode_m8,8,512,10,8,False,28203,round,3,frontier_over_candidate,0.9968051118210862
C21,qwen_decode_m8,8,512,10,8,False,28203,round,4,c7_over_c10,0.9969310889984193
C21,qwen_decode_m8,8,512,10,8,False,28203,round,4,frontier_over_candidate,0.9967741935483873
C21,qwen_decode_m8,8,512,10,8,False,28203,round,5,c7_over_c10,0.9940828402366864
C21,qwen_decode_m8,8,512,10,8,False,28203,round,5,frontier_over_candidate,0.9968152866242038
C21,qwen_decode_m8,8,512,10,8,False,28203,round,6,frontier_over_candidate,0.9905660377358488
C21,qwen_batch_m128,128,512,10,8,False,28204,round,2,c7_over_c10,0.992630676949443
C21,qwen_m512,512,512,10,8,False,28205,round,3,frontier_over_candidate,0.9855305466237944
C21,qwen_m512,512,512,10,8,False,28205,round,6,frontier_over_candidate,0.9904
C22,tp_m32,32,512,8,16,False,28201,median,,c7_over_c10,0.9989429175475686
C22,tp_m32,32,512,8,16,False,28201,round,1,c7_over_c10,0.9895397489539749
C22,tp_m32,32,512,8,16,False,28201,round,2,frontier_over_candidate,0.9956140350877192
C22,tp_m32,32,512,8,16,False,28201,round,4,c7_over_c10,0.9978858350951373
C22,tp_m32,32,512,8,16,False,28201,round,6,c7_over_c10,0.9978813559322034
C22,batch_m128,128,512,8,16,False,28202,median,,c7_over_c10,0.9983766233766234
C22,batch_m128,128,512,8,16,False,28202,median,,frontier_over_candidate,0.9991735537190083
C22,batch_m128,128,512,8,16,False,28202,round,1,frontier_over_candidate,0.9983471074380166
C22,batch_m128,128,512,8,16,False,28202,round,2,c7_over_c10,0.99673735725938
C22,batch_m128,128,512,8,16,False,28202,round,3,c7_over_c10,0.9967532467532467
C22,batch_m128,128,512,8,16,False,28202,round,3,frontier_over_candidate,0.9983164983164983
C22,batch_m128,128,512,8,16,False,28202,round,5,frontier_over_candidate,0.9966101694915253
C22,batch_m128,128,512,8,16,False,28202,round,6,c7_over_c10,0.996747967479675
C22,qwen_decode_m8,8,512,10,8,False,28203,median,,frontier_over_candidate,0.9984615384615385
C22,qwen_decode_m8,8,512,10,8,False,28203,round,1,c7_over_c10,0.9859154929577465
C22,qwen_decode_m8,8,512,10,8,False,28203,round,2,c7_over_c10,0.9942857142857143
C22,qwen_decode_m8,8,512,10,8,False,28203,round,2,frontier_over_candidate,0.9938271604938271
C22,qwen_decode_m8,8,512,10,8,False,28203,round,3,frontier_over_candidate,0.9845679012345678
C22,qwen_decode_m8,8,512,10,8,False,28203,round,4,frontier_over_candidate,0.9969230769230769
C22,qwen_batch_m128,128,512,10,8,False,28204,round,1,frontier_over_candidate,0.9940944881889764
C22,qwen_batch_m128,128,512,10,8,False,28204,round,3,c7_over_c10,0.9999999999999998
C22,qwen_batch_m128,128,512,10,8,False,28204,round,5,frontier_over_candidate,0.9921875
C22,qwen_m512,512,512,10,8,False,28205,round,2,frontier_over_candidate,0.9553846153846154
C22,qwen_m512,512,512,10,8,False,28205,round,5,c10_over_candidate,0.9683257918552037
C22,qwen_m512,512,512,10,8,False,28205,round,5,frontier_over_candidate,0.9351432880844647
C22,qwen_prefill_m16384,16384,512,10,8,False,28206,median,,frontier_over_candidate,0.9994611425019345
C22,qwen_prefill_m16384,16384,512,10,8,False,28206,round,2,frontier_over_candidate,0.9964260185847035
C22,qwen_prefill_m16384,16384,512,10,8,False,28206,round,3,frontier_over_candidate,0.9981890619340819
C22,qwen_prefill_m16384,16384,512,10,8,False,28206,round,4,frontier_over_candidate,0.9985627021200145
C23,tp_m32,32,512,8,16,False,28201,median,,c7_over_c10,0.9978991596638656
C23,tp_m32,32,512,8,16,False,28201,median,,frontier_over_candidate,0.9989035087719298
C23,tp_m32,32,512,8,16,False,28201,round,1,c7_over_c10,0.995798319327731
C23,tp_m32,32,512,8,16,False,28201,round,2,c7_over_c10,0.9936575052854122
C23,tp_m32,32,512,8,16,False,28201,round,2,frontier_over_candidate,0.9978070175438597
C23,tp_m32,32,512,8,16,False,28201,round,3,c7_over_c10,0.9894736842105263
C23,tp_m32,32,512,8,16,False,28201,round,4,frontier_over_candidate,0.9956331877729258
C23,tp_m32,32,512,8,16,False,28201,round,5,frontier_over_candidate,0.9956140350877192
C23,batch_m128,128,512,8,16,False,28202,median,,c7_over_c10,0.998371335504886
C23,batch_m128,128,512,8,16,False,28202,median,,frontier_over_candidate,0.9974411203123602
C23,batch_m128,128,512,8,16,False,28202,round,1,c7_over_c10,0.9936102236421726
C23,batch_m128,128,512,8,16,False,28202,round,1,frontier_over_candidate,0.9933993399339934
C23,batch_m128,128,512,8,16,False,28202,round,2,c7_over_c10,0.9950472300229769
C23,batch_m128,128,512,8,16,False,28202,round,2,frontier_over_candidate,0.9982492439917238
C23,batch_m128,128,512,8,16,False,28202,round,3,frontier_over_candidate,0.9966329966329966
C23,batch_m128,128,512,8,16,False,28202,round,6,c7_over_c10,0.996742671009772
C23,batch_m128,128,512,8,16,False,28202,round,6,frontier_over_candidate,0.9915966386554622
C23,qwen_decode_m8,8,512,10,8,False,28203,median,,c7_over_c10,0.9971264367816092
C23,qwen_decode_m8,8,512,10,8,False,28203,round,1,c7_over_c10,0.9887005649717514
C23,qwen_decode_m8,8,512,10,8,False,28203,round,2,c7_over_c10,0.9971264367816092
C23,qwen_decode_m8,8,512,10,8,False,28203,round,4,frontier_over_candidate,0.9969230769230769
C23,qwen_decode_m8,8,512,10,8,False,28203,round,5,c7_over_c10,0.9971264367816092
C23,qwen_decode_m8,8,512,10,8,False,28203,round,5,frontier_over_candidate,0.9938271604938271
C23,qwen_decode_m8,8,512,10,8,False,28203,round,6,c7_over_c10,0.9971264367816092
C23,qwen_decode_m8,8,512,10,8,False,28203,round,6,frontier_over_candidate,0.9938271604938271
C23,qwen_batch_m128,128,512,10,8,False,28204,median,,frontier_over_candidate,0.9990176817288802
C23,qwen_batch_m128,128,512,10,8,False,28204,round,1,c7_over_c10,0.9962686567164177
C23,qwen_batch_m128,128,512,10,8,False,28204,round,1,frontier_over_candidate,0.9980353634577603
C23,qwen_batch_m128,128,512,10,8,False,28204,round,2,frontier_over_candidate,0.996078431372549
C23,qwen_batch_m128,128,512,10,8,False,28204,round,4,frontier_over_candidate,0.9921259842519685
C23,qwen_m512,512,512,10,8,False,28205,median,,frontier_over_candidate,0.9944507053591194
C23,qwen_m512,512,512,10,8,False,28205,round,2,frontier_over_candidate,0.9806581260989702
C23,qwen_m512,512,512,10,8,False,28205,round,3,frontier_over_candidate,0.9936708860759493
C23,qwen_m512,512,512,10,8,False,28205,round,4,frontier_over_candidate,0.9952305246422893
C23,qwen_m512,512,512,10,8,False,28205,round,5,frontier_over_candidate,0.9904153354632588
C23,qwen_m512,512,512,10,8,False,28205,round,6,frontier_over_candidate,0.9968203497615262
C23,qwen_prefill_m16384,16384,512,10,8,False,28206,round,2,frontier_over_candidate,0.9975017844396861
C23,qwen_prefill_m16384,16384,512,10,8,False,28206,round,4,frontier_over_candidate,0.9974910675283655
C24,tp_m32,32,512,8,16,False,28201,median,,c7_over_c10,0.9958135548523208
C24,tp_m32,32,512,8,16,False,28201,round,1,c7_over_c10,0.9916317991631798
C24,tp_m32,32,512,8,16,False,28201,round,2,c7_over_c10,0.9958465189873419
C24,tp_m32,32,512,8,16,False,28201,round,3,frontier_over_candidate,0.9977973568281938
C24,tp_m32,32,512,8,16,False,28201,round,4,frontier_over_candidate,0.9956521739130435
C24,tp_m32,32,512,8,16,False,28201,round,5,c7_over_c10,0.9957805907172996
C24,tp_m32,32,512,8,16,False,28201,round,6,c7_over_c10,0.9873949579831931
C24,batch_m128,128,512,8,16,False,28202,median,,c7_over_c10,0.9967714869400262
C24,batch_m128,128,512,8,16,False,28202,round,1,c7_over_c10,0.9936102236421726
C24,batch_m128,128,512,8,16,False,28202,round,1,frontier_over_candidate,0.9966887417218541
C24,batch_m128,128,512,8,16,False,28202,round,2,c7_over_c10,0.9983660130718954
C24,batch_m128,128,512,8,16,False,28202,round,3,frontier_over_candidate,0.9966216216216218
C24,batch_m128,128,512,8,16,False,28202,round,4,c7_over_c10,0.9967897271268056
C24,batch_m128,128,512,8,16,False,28202,round,5,c7_over_c10,0.9934853420195442
C24,batch_m128,128,512,8,16,False,28202,round,6,c7_over_c10,0.9967532467532467
C24,qwen_decode_m8,8,512,10,8,False,28203,median,,c7_over_c10,0.9985632183908046
C24,qwen_decode_m8,8,512,10,8,False,28203,median,,frontier_over_candidate,0.9984615384615385
C24,qwen_decode_m8,8,512,10,8,False,28203,round,1,frontier_over_candidate,0.9969230769230769
C24,qwen_decode_m8,8,512,10,8,False,28203,round,2,c7_over_c10,0.9886363636363636
C24,qwen_decode_m8,8,512,10,8,False,28203,round,3,frontier_over_candidate,0.9969040247678017
C24,qwen_decode_m8,8,512,10,8,False,28203,round,4,c7_over_c10,0.9886363636363636
C24,qwen_decode_m8,8,512,10,8,False,28203,round,4,frontier_over_candidate,0.9938650306748467
C24,qwen_decode_m8,8,512,10,8,False,28203,round,6,c7_over_c10,0.9971264367816092
C24,qwen_batch_m128,128,512,10,8,False,28204,round,4,frontier_over_candidate,0.9980237154150198
C24,qwen_batch_m128,128,512,10,8,False,28204,round,5,c7_over_c10,0.9962756052141529
C24,qwen_batch_m128,128,512,10,8,False,28204,round,6,c7_over_c10,0.9927797833935018
C24,qwen_batch_m128,128,512,10,8,False,28204,round,6,frontier_over_candidate,0.9942857142857143
C24,qwen_m512,512,512,10,8,False,28205,median,,frontier_over_candidate,0.9873617378109651
C24,qwen_m512,512,512,10,8,False,28205,round,1,frontier_over_candidate,0.9873817034700315
C24,qwen_m512,512,512,10,8,False,28205,round,2,frontier_over_candidate,0.9951845906902085
C24,qwen_m512,512,512,10,8,False,28205,round,3,frontier_over_candidate,0.9738461538461538
C24,qwen_m512,512,512,10,8,False,28205,round,4,frontier_over_candidate,0.9873417721518988
C24,qwen_m512,512,512,10,8,False,28205,round,5,frontier_over_candidate,0.9903225806451613
C24,qwen_m512,512,512,10,8,False,28205,round,6,frontier_over_candidate,0.9661538461538461
C25,tp_m32,32,512,8,16,False,28201,round,1,c7_over_c10,0.9979035639412999
C25,tp_m32,32,512,8,16,False,28201,round,1,frontier_over_candidate,0.9956236323851202
C25,tp_m32,32,512,8,16,False,28201,round,3,frontier_over_candidate,0.9911894273127755
C25,batch_m128,128,512,8,16,False,28202,round,4,c7_over_c10,0.9984
C25,batch_m128,128,512,8,16,False,28202,round,5,frontier_over_candidate,0.9982993197278913
C25,batch_m128,128,512,8,16,False,28202,round,6,frontier_over_candidate,0.9966159052453468
C25,qwen_decode_m8,8,512,10,8,False,28203,round,2,c7_over_c10,0.9942528735632186
C25,qwen_decode_m8,8,512,10,8,False,28203,round,2,frontier_over_candidate,0.9938271604938271
C25,qwen_decode_m8,8,512,10,8,False,28203,round,3,frontier_over_candidate,0.9969040247678017
C25,qwen_decode_m8,8,512,10,8,False,28203,round,4,frontier_over_candidate,0.9969230769230769
C25,qwen_batch_m128,128,512,10,8,False,28204,median,,c7_over_c10,0.9963192469185969
C25,qwen_batch_m128,128,512,10,8,False,28204,round,1,c7_over_c10,0.9962616822429906
C25,qwen_batch_m128,128,512,10,8,False,28204,round,1,frontier_over_candidate,0.9920178206794131
C25,qwen_batch_m128,128,512,10,8,False,28204,round,2,c7_over_c10,0.985239852398524
C25,qwen_batch_m128,128,512,10,8,False,28204,round,5,c7_over_c10,0.9925788497217068
C25,qwen_batch_m128,128,512,10,8,False,28204,round,5,frontier_over_candidate,0.9824902723735408
C25,qwen_batch_m128,128,512,10,8,False,28204,round,6,c7_over_c10,0.9963768115942031
C25,qwen_m512,512,512,10,8,False,28205,median,,frontier_over_candidate,0.9833703881744982
C25,qwen_m512,512,512,10,8,False,28205,round,1,frontier_over_candidate,0.9677419354838709
C25,qwen_m512,512,512,10,8,False,28205,round,2,frontier_over_candidate,0.9683544303797467
C25,qwen_m512,512,512,10,8,False,28205,round,3,frontier_over_candidate,0.9968503937007875
C25,qwen_m512,512,512,10,8,False,28205,round,3,v53_over_c7,0.9937106918238994
C25,qwen_m512,512,512,10,8,False,28205,round,4,frontier_over_candidate,0.9905511811023624
C25,qwen_m512,512,512,10,8,False,28205,round,5,frontier_over_candidate,0.9808917197452229
C25,qwen_m512,512,512,10,8,False,28205,round,6,frontier_over_candidate,0.9858490566037735
C25,qwen_prefill_m16384,16384,512,10,8,False,28206,median,,frontier_over_candidate,0.9800920881816813
C25,qwen_prefill_m16384,16384,512,10,8,False,28206,round,1,frontier_over_candidate,0.9784984138174126
C25,qwen_prefill_m16384,16384,512,10,8,False,28206,round,2,frontier_over_candidate,0.976858345021038
C25,qwen_prefill_m16384,16384,512,10,8,False,28206,round,3,frontier_over_candidate,0.9847571783055655
C25,qwen_prefill_m16384,16384,512,10,8,False,28206,round,4,frontier_over_candidate,0.9851485148514852
C25,qwen_prefill_m16384,16384,512,10,8,False,28206,round,5,frontier_over_candidate,0.979312762973352
C25,qwen_prefill_m16384,16384,512,10,8,False,28206,round,6,frontier_over_candidate,0.9808714133900105
C27,tp_m32,32,512,8,16,False,28201,median,,c7_over_c10,0.9989473684210526
C27,tp_m32,32,512,8,16,False,28201,round,1,c7_over_c10,0.9957805907172996
C27,tp_m32,32,512,8,16,False,28201,round,1,frontier_over_candidate,0.9977386418145686
C27,tp_m32,32,512,8,16,False,28201,round,3,c7_over_c10,0.9957805907172996
C27,tp_m32,32,512,8,16,False,28201,round,4,c7_over_c10,0.9978947368421053
C27,batch_m128,128,512,8,16,False,28202,round,1,c7_over_c10,0.9983974358974361
C27,batch_m128,128,512,8,16,False,28202,round,5,c7_over_c10,0.995114006514658
C27,batch_m128,128,512,8,16,False,28202,round,6,c7_over_c10,0.9967830882352942
C27,qwen_decode_m8,8,512,10,8,False,28203,median,,frontier_over_candidate,0.9984567901234569
C27,qwen_decode_m8,8,512,10,8,False,28203,round,2,frontier_over_candidate,0.9938271604938271
C27,qwen_decode_m8,8,512,10,8,False,28203,round,3,frontier_over_candidate,0.9969135802469138
C27,qwen_decode_m8,8,512,10,8,False,28203,round,4,c7_over_c10,0.9943181818181818
C27,qwen_decode_m8,8,512,10,8,False,28203,round,5,c7_over_c10,0.9999102092125347
C27,qwen_decode_m8,8,512,10,8,False,28203,round,6,frontier_over_candidate,0.9969135802469138
C27,qwen_batch_m128,128,512,10,8,False,28204,round,1,c7_over_c10,0.9962686567164177
C27,qwen_batch_m128,128,512,10,8,False,28204,round,3,c7_over_c10,0.9981884057971017
C27,qwen_batch_m128,128,512,10,8,False,28204,round,3,frontier_over_candidate,0.9942857142857143
C27,qwen_batch_m128,128,512,10,8,False,28204,round,6,c7_over_c10,0.9909747292418772
C27,qwen_batch_m128,128,512,10,8,False,28204,round,6,frontier_over_candidate,0.9904761904761903
C27,qwen_m512,512,512,10,8,False,28205,median,,frontier_over_candidate,0.9968038975614734
C27,qwen_m512,512,512,10,8,False,28205,round,3,frontier_over_candidate,0.993485342019544
C27,qwen_m512,512,512,10,8,False,28205,round,4,frontier_over_candidate,0.9969135802469139
C27,qwen_m512,512,512,10,8,False,28205,round,5,frontier_over_candidate,0.9966942148760328
C27,qwen_m512,512,512,10,8,False,28205,round,6,frontier_over_candidate,0.9869918699186991
C28,tp_m32,32,512,8,16,False,28201,median,,c7_over_c10,0.9947390348544481
C28,tp_m32,32,512,8,16,False,28201,round,1,c7_over_c10,0.989517819706499
C28,tp_m32,32,512,8,16,False,28201,round,3,c7_over_c10,0.9915611814345991
C28,tp_m32,32,512,8,16,False,28201,round,3,frontier_over_candidate,0.9847161572052402
C28,tp_m32,32,512,8,16,False,28201,round,4,c7_over_c10,0.9957805907172996
C28,tp_m32,32,512,8,16,False,28201,round,6,c7_over_c10,0.9936974789915967
C28,batch_m128,128,512,8,16,False,28202,round,2,frontier_over_candidate,0.989864864864865
C28,batch_m128,128,512,8,16,False,28202,round,3,frontier_over_candidate,0.9966329966329966
C28,batch_m128,128,512,8,16,False,28202,round,5,c7_over_c10,0.996747967479675
C28,qwen_decode_m8,8,512,10,8,False,28203,round,1,c7_over_c10,0.9971428571428573
C28,qwen_decode_m8,8,512,10,8,False,28203,round,3,frontier_over_candidate,0.9938271604938271
C28,qwen_decode_m8,8,512,10,8,False,28203,round,6,frontier_over_candidate,0.9969135802469138
C28,qwen_batch_m128,128,512,10,8,False,28204,round,2,c7_over_c10,0.9962825278810409
C28,qwen_batch_m128,128,512,10,8,False,28204,round,2,frontier_over_candidate,0.9921568627450981
C28,qwen_batch_m128,128,512,10,8,False,28204,round,3,frontier_over_candidate,0.9961538461538464
C28,qwen_batch_m128,128,512,10,8,False,28204,round,4,frontier_over_candidate,0.9980276134122286
C28,qwen_m512,512,512,10,8,False,28205,median,,frontier_over_candidate,0.9958582055035057
C28,qwen_m512,512,512,10,8,False,28205,round,2,frontier_over_candidate,0.99184339314845
C28,qwen_m512,512,512,10,8,False,28205,round,3,frontier_over_candidate,0.9950553091706175
C28,qwen_m512,512,512,10,8,False,28205,round,4,frontier_over_candidate,0.9517684887459809
C28,qwen_m512,512,512,10,8,False,28205,round,6,frontier_over_candidate,0.996661101836394
C29,tp_m32,32,512,8,16,False,28201,round,2,c7_over_c10,0.9978858350951373
C29,tp_m32,32,512,8,16,False,28201,round,3,c7_over_c10,0.9957805907172996
C29,tp_m32,32,512,8,16,False,28201,round,3,frontier_over_candidate,0.9955947136563876
C29,tp_m32,32,512,8,16,False,28201,round,4,c7_over_c10,0.9978947368421053
C29,batch_m128,128,512,8,16,False,28202,median,,frontier_over_candidate,0.9991554054054055
C29,batch_m128,128,512,8,16,False,28202,round,1,c7_over_c10,0.9951424708297861
C29,batch_m128,128,512,8,16,False,28202,round,2,frontier_over_candidate,0.9932733050847457
C29,batch_m128,128,512,8,16,False,28202,round,3,c7_over_c10,0.9983713355048862
C29,batch_m128,128,512,8,16,False,28202,round,3,frontier_over_candidate,0.9983108108108109
C29,batch_m128,128,512,8,16,False,28202,round,4,frontier_over_candidate,0.9933993399339934
C29,batch_m128,128,512,8,16,False,28202,round,6,c7_over_c10,0.9967320261437909
C29,qwen_decode_m8,8,512,10,8,False,28203,median,,c7_over_c10,0.9985673352435529
C29,qwen_decode_m8,8,512,10,8,False,28203,median,,frontier_over_candidate,0.9969325153374233
C29,qwen_decode_m8,8,512,10,8,False,28203,round,1,c7_over_c10,0.9943502824858756
C29,qwen_decode_m8,8,512,10,8,False,28203,round,1,frontier_over_candidate,0.9938650306748467
C29,qwen_decode_m8,8,512,10,8,False,28203,round,3,c7_over_c10,0.9971346704871058
C29,qwen_decode_m8,8,512,10,8,False,28203,round,4,c7_over_c10,0.9914537523368646
C29,qwen_decode_m8,8,512,10,8,False,28203,round,4,frontier_over_candidate,0.9908256880733944
C29,qwen_decode_m8,8,512,10,8,False,28203,round,6,frontier_over_candidate,0.9938271604938271
C29,qwen_batch_m128,128,512,10,8,False,28204,median,,c7_over_c10,0.9918641762151414
C29,qwen_batch_m128,128,512,10,8,False,28204,round,1,c7_over_c10,0.987070964749536
C29,qwen_batch_m128,128,512,10,8,False,28204,round,2,c7_over_c10,0.9907578558225508
C29,qwen_batch_m128,128,512,10,8,False,28204,round,3,c7_over_c10,0.9927536231884058
C29,qwen_batch_m128,128,512,10,8,False,28204,round,3,frontier_over_candidate,0.9942748091603055
C29,qwen_batch_m128,128,512,10,8,False,28204,round,6,c7_over_c10,0.9909747292418772
C29,qwen_batch_m128,128,512,10,8,False,28204,round,6,frontier_over_candidate,0.9904580152671754
C29,qwen_m512,512,512,10,8,False,28205,median,,c10_over_candidate,0.9887981616580773
C29,qwen_m512,512,512,10,8,False,28205,median,,frontier_over_candidate,0.9413947659584074
C29,qwen_m512,512,512,10,8,False,28205,round,1,c10_over_candidate,0.9895366218236173
C29,qwen_m512,512,512,10,8,False,28205,round,1,frontier_over_candidate,0.9342301943198804
C29,qwen_m512,512,512,10,8,False,28205,round,2,c10_over_candidate,0.9803328290468987
C29,qwen_m512,512,512,10,8,False,28205,round,2,frontier_over_candidate,0.9409984871406957
C29,qwen_m512,512,512,10,8,False,28205,round,3,frontier_over_candidate,0.9579439252336448
C29,qwen_m512,512,512,10,8,False,28205,round,4,c10_over_candidate,0.9880597014925373
C29,qwen_m512,512,512,10,8,False,28205,round,4,frontier_over_candidate,0.9417910447761193
C29,qwen_m512,512,512,10,8,False,28205,round,5,c10_over_candidate,0.9711684370257966
C29,qwen_m512,512,512,10,8,False,28205,round,5,frontier_over_candidate,0.9439017450682853
C29,qwen_m512,512,512,10,8,False,28205,round,6,frontier_over_candidate,0.9207317073170731
C29,qwen_prefill_m16384,16384,512,10,8,False,28206,round,3,frontier_over_candidate,0.9978498739193083
C29,qwen_prefill_m16384,16384,512,10,8,False,28206,round,6,frontier_over_candidate,0.9992790194664745
C30,tp_m32,32,512,8,16,False,28201,median,,c7_over_c10,0.9957805907172996
C30,tp_m32,32,512,8,16,False,28201,round,1,c7_over_c10,0.9978991596638654
C30,tp_m32,32,512,8,16,False,28201,round,2,c7_over_c10,0.9957805907172996
C30,tp_m32,32,512,8,16,False,28201,round,3,c7_over_c10,0.9936974789915967
C30,tp_m32,32,512,8,16,False,28201,round,3,frontier_over_candidate,0.9955947136563876
C30,tp_m32,32,512,8,16,False,28201,round,4,c7_over_c10,0.9957805907172996
C30,tp_m32,32,512,8,16,False,28201,round,4,frontier_over_candidate,0.9956521739130435
C30,tp_m32,32,512,8,16,False,28201,round,6,c7_over_c10,0.9936708860759493
C30,batch_m128,128,512,8,16,False,28202,round,3,c7_over_c10,0.9967532467532467
C30,batch_m128,128,512,8,16,False,28202,round,4,frontier_over_candidate,0.9950848509933774
C30,batch_m128,128,512,8,16,False,28202,round,5,frontier_over_candidate,0.9983524659863946
C30,qwen_decode_m8,8,512,10,8,False,28203,median,,frontier_over_candidate,0.9968801059380771
C30,qwen_decode_m8,8,512,10,8,False,28203,round,1,c7_over_c10,0.983050847457627
C30,qwen_decode_m8,8,512,10,8,False,28203,round,1,frontier_over_candidate,0.9968466316292404
C30,qwen_decode_m8,8,512,10,8,False,28203,round,3,frontier_over_candidate,0.9938271604938271
C30,qwen_decode_m8,8,512,10,8,False,28203,round,4,frontier_over_candidate,0.9938650306748467
C30,qwen_decode_m8,8,512,10,8,False,28203,round,6,frontier_over_candidate,0.9969135802469138
C30,qwen_batch_m128,128,512,10,8,False,28204,round,3,frontier_over_candidate,0.9980879541108987
C30,qwen_batch_m128,128,512,10,8,False,28204,round,4,c7_over_c10,0.9907063197026025
C30,qwen_batch_m128,128,512,10,8,False,28204,round,5,frontier_over_candidate,0.98828125
C30,qwen_batch_m128,128,512,10,8,False,28204,round,6,frontier_over_candidate,0.9980842911877394
C30,qwen_m512,512,512,10,8,False,28205,median,,frontier_over_candidate,0.9966887417218542
C30,qwen_m512,512,512,10,8,False,28205,round,1,c10_over_frontier,0.9821162444113264
C30,qwen_m512,512,512,10,8,False,28205,round,2,c10_over_candidate,0.9863636363636363
C30,qwen_m512,512,512,10,8,False,28205,round,2,frontier_over_candidate,0.903030303030303
C30,qwen_m512,512,512,10,8,False,28205,round,5,frontier_over_candidate,0.9803278688524588
C30,qwen_m512,512,512,10,8,False,28205,round,6,frontier_over_candidate,0.9884105960264901
C30,qwen_prefill_m16384,16384,512,10,8,False,28206,median,,frontier_over_candidate,0.9587106284352203
C30,qwen_prefill_m16384,16384,512,10,8,False,28206,round,1,frontier_over_candidate,0.9599714081486775
C30,qwen_prefill_m16384,16384,512,10,8,False,28206,round,2,frontier_over_candidate,0.9513338139870222
C30,qwen_prefill_m16384,16384,512,10,8,False,28206,round,3,frontier_over_candidate,0.9589524955847777
C30,qwen_prefill_m16384,16384,512,10,8,False,28206,round,4,frontier_over_candidate,0.9684700824077391
C30,qwen_prefill_m16384,16384,512,10,8,False,28206,round,5,frontier_over_candidate,0.9527529761904762
C30,qwen_prefill_m16384,16384,512,10,8,False,28206,round,6,frontier_over_candidate,0.9584687612856627
C31,tp_m32,32,512,8,16,False,28201,round,2,frontier_over_candidate,0.997816593886463
C31,tp_m32,32,512,8,16,False,28201,round,3,c7_over_c10,0.9894957983193277
C31,tp_m32,32,512,8,16,False,28201,round,4,c7_over_c10,0.9978947368421053
C31,tp_m32,32,512,8,16,False,28201,round,6,frontier_over_candidate,0.9977973568281938
C31,batch_m128,128,512,8,16,False,28202,round,1,c7_over_c10,0.9967845659163987
C31,batch_m128,128,512,8,16,False,28202,round,3,c7_over_c10,0.9935275080906149
C31,batch_m128,128,512,8,16,False,28202,round,6,c7_over_c10,0.9999490238058829
C31,qwen_decode_m8,8,512,10,8,False,28203,median,,frontier_over_candidate,0.9953940537989618
C31,qwen_decode_m8,8,512,10,8,False,28203,round,1,c7_over_c10,0.9942857142857143
C31,qwen_decode_m8,8,512,10,8,False,28203,round,2,frontier_over_candidate,0.9969230769230769
C31,qwen_decode_m8,8,512,10,8,False,28203,round,3,frontier_over_candidate,0.9938271604938271
C31,qwen_decode_m8,8,512,10,8,False,28203,round,4,c7_over_c10,0.9943502824858756
C31,qwen_decode_m8,8,512,10,8,False,28203,round,4,frontier_over_candidate,0.9938650306748467
C31,qwen_decode_m8,8,512,10,8,False,28203,round,5,frontier_over_candidate,0.9938271604938271
C31,qwen_batch_m128,128,512,10,8,False,28204,round,2,c7_over_c10,0.9962894248608533
C31,qwen_batch_m128,128,512,10,8,False,28204,round,3,c7_over_c10,0.9963702359346642
C31,qwen_m512,512,512,10,8,False,28205,median,,frontier_over_candidate,0.9772633988475807
C31,qwen_m512,512,512,10,8,False,28205,round,3,frontier_over_candidate,0.988673139158576
C31,qwen_m512,512,512,10,8,False,28205,round,4,frontier_over_candidate,0.946456692913386
C31,qwen_m512,512,512,10,8,False,28205,round,5,frontier_over_candidate,0.9350850077279754
C31,qwen_m512,512,512,10,8,False,28205,round,6,frontier_over_candidate,0.9658536585365853
C31,qwen_prefill_m16384,16384,512,10,8,False,28206,round,4,frontier_over_candidate,0.9952205882352941
C32,tp_m32,32,512,8,16,False,28201,median,,c7_over_c10,0.998945147679325
C32,tp_m32,32,512,8,16,False,28201,median,,frontier_over_candidate,0.998917915472366
C32,tp_m32,32,512,8,16,False,28201,round,2,c7_over_c10,0.9978902953586499
C32,tp_m32,32,512,8,16,False,28201,round,2,frontier_over_candidate,0.9956331877729258
C32,tp_m32,32,512,8,16,False,28201,round,4,frontier_over_candidate,0.9956331877729258
C32,tp_m32,32,512,8,16,False,28201,round,5,c7_over_c10,0.9978902953586499
C32,tp_m32,32,512,8,16,False,28201,round,6,c7_over_c10,0.9978813559322034
C32,tp_m32,32,512,8,16,False,28201,round,6,frontier_over_candidate,0.9955947136563876
C32,batch_m128,128,512,8,16,False,28202,median,,frontier_over_candidate,0.9974633531836922
C32,batch_m128,128,512,8,16,False,28202,round,1,frontier_over_candidate,0.9933993399339934
C32,batch_m128,128,512,8,16,False,28202,round,2,c7_over_c10,0.9967320261437909
C32,batch_m128,128,512,8,16,False,28202,round,3,frontier_over_candidate,0.9983050847457625
C32,batch_m128,128,512,8,16,False,28202,round,4,c7_over_c10,0.9951845906902085
C32,batch_m128,128,512,8,16,False,28202,round,4,frontier_over_candidate,0.9983416252072969
C32,batch_m128,128,512,8,16,False,28202,round,5,frontier_over_candidate,0.9965986394557825
C32,batch_m128,128,512,8,16,False,28202,round,6,frontier_over_candidate,0.9966216216216218
C32,qwen_decode_m8,8,512,10,8,False,28203,median,,frontier_over_candidate,0.9984567901234569
C32,qwen_decode_m8,8,512,10,8,False,28203,round,1,c7_over_c10,0.983050847457627
C32,qwen_decode_m8,8,512,10,8,False,28203,round,1,frontier_over_candidate,0.9938271604938271
C32,qwen_decode_m8,8,512,10,8,False,28203,round,2,c7_over_c10,0.9971264367816092
C32,qwen_decode_m8,8,512,10,8,False,28203,round,4,frontier_over_candidate,0.9968272281511393
C32,qwen_decode_m8,8,512,10,8,False,28203,round,6,frontier_over_candidate,0.9969135802469138
C32,qwen_batch_m128,128,512,10,8,False,28204,median,,frontier_over_candidate,0.9990118577075099
C32,qwen_batch_m128,128,512,10,8,False,28204,round,1,frontier_over_candidate,0.9980237154150198
C32,qwen_batch_m128,128,512,10,8,False,28204,round,2,c7_over_c10,0.9962894248608533
C32,qwen_batch_m128,128,512,10,8,False,28204,round,2,frontier_over_candidate,0.9921875
C32,qwen_batch_m128,128,512,10,8,False,28204,round,3,frontier_over_candidate,0.9942965779467681
C32,qwen_m512,512,512,10,8,False,28205,median,,frontier_over_candidate,0.9853412564321224
C32,qwen_m512,512,512,10,8,False,28205,round,1,frontier_over_candidate,0.9919743178170146
C32,qwen_m512,512,512,10,8,False,28205,round,2,frontier_over_candidate,0.9754098360655737
C32,qwen_m512,512,512,10,8,False,28205,round,4,frontier_over_candidate,0.9350237717908083
C32,qwen_m512,512,512,10,8,False,28205,round,5,c10_over_candidate,0.983050847457627
C32,qwen_m512,512,512,10,8,False,28205,round,5,c10_over_frontier,0.9785276073619632
C32,qwen_m512,512,512,10,8,False,28205,round,6,frontier_over_candidate,0.9787081950472302
C32,qwen_prefill_m16384,16384,512,10,8,False,28206,median,,frontier_over_candidate,0.9999930257055754
C32,qwen_prefill_m16384,16384,512,10,8,False,28206,round,3,frontier_over_candidate,0.9974035608308605
C32,qwen_prefill_m16384,16384,512,10,8,False,28206,round,5,frontier_over_candidate,0.9996194824961947
C32,qwen_prefill_m16384,16384,512,10,8,False,28206,round,6,frontier_over_candidate,0.9966666666666666
C33,tp_m32,32,512,8,16,False,28201,median,,c7_over_c10,0.9978880652268936
C33,tp_m32,32,512,8,16,False,28201,round,1,c7_over_c10,0.9978813559322034
C33,tp_m32,32,512,8,16,False,28201,round,1,frontier_over_candidate,0.9912663755458514
C33,tp_m32,32,512,8,16,False,28201,round,3,c7_over_c10,0.9978858350951373
C33,tp_m32,32,512,8,16,False,28201,round,3,frontier_over_candidate,0.9955947136563876
C33,tp_m32,32,512,8,16,False,28201,round,4,c7_over_c10,0.9978902953586499
C33,tp_m32,32,512,8,16,False,28201,round,4,frontier_over_candidate,0.9956709956709957
C33,tp_m32,32,512,8,16,False,28201,round,5,c7_over_c10,0.9978902953586499
C33,tp_m32,32,512,8,16,False,28201,round,6,c7_over_c10,0.9978858350951373
C33,batch_m128,128,512,8,16,False,28202,median,,frontier_over_candidate,0.9983471074380164
C33,batch_m128,128,512,8,16,False,28202,round,1,frontier_over_candidate,0.9966942148760328
C33,batch_m128,128,512,8,16,False,28202,round,4,frontier_over_candidate,0.9966887417218541
C33,batch_m128,128,512,8,16,False,28202,round,5,frontier_over_candidate,0.9949238578680203
C33,batch_m128,128,512,8,16,False,28202,round,6,c7_over_c10,0.996742671009772
C33,qwen_decode_m8,8,512,10,8,False,28203,median,,frontier_over_candidate,0.9938460955843369
C33,qwen_decode_m8,8,512,10,8,False,28203,round,1,c7_over_c10,0.9887005649717514
C33,qwen_decode_m8,8,512,10,8,False,28203,round,1,frontier_over_candidate,0.9938271604938271
C33,qwen_decode_m8,8,512,10,8,False,28203,round,2,c7_over_c10,0.9941969467011874
C33,qwen_decode_m8,8,512,10,8,False,28203,round,2,frontier_over_candidate,0.9907975460122701
C33,qwen_decode_m8,8,512,10,8,False,28203,round,4,frontier_over_candidate,0.9938650306748467
C33,qwen_decode_m8,8,512,10,8,False,28203,round,6,frontier_over_candidate,0.9938080495356035
C33,qwen_batch_m128,128,512,10,8,False,28204,round,3,c7_over_c10,0.9963768115942031
C33,qwen_batch_m128,128,512,10,8,False,28204,round,4,c7_over_c10,0.9962546816479403
C33,qwen_batch_m128,128,512,10,8,False,28204,round,4,frontier_over_candidate,0.9980392156862745
C33,qwen_batch_m128,128,512,10,8,False,28204,round,5,frontier_over_candidate,0.996078431372549
C33,qwen_m512,512,512,10,8,False,28205,median,,frontier_over_candidate,0.9519021008277802
C33,qwen_m512,512,512,10,8,False,28205,round,1,c10_over_candidate,0.9896449704142013
C33,qwen_m512,512,512,10,8,False,28205,round,1,frontier_over_candidate,0.8846153846153847
C33,qwen_m512,512,512,10,8,False,28205,round,2,frontier_over_candidate,0.9967793880837359
C33,qwen_m512,512,512,10,8,False,28205,round,4,frontier_over_candidate,0.9266055045871561
C33,qwen_m512,512,512,10,8,False,28205,round,5,c10_over_candidate,0.9500734214390604
C33,qwen_m512,512,512,10,8,False,28205,round,5,frontier_over_candidate,0.9060205580029368
C33,qwen_m512,512,512,10,8,False,28205,round,6,frontier_over_candidate,0.9771986970684041
C33,qwen_prefill_m16384,16384,512,10,8,False,28206,median,,frontier_over_candidate,0.9981442719348594
C33,qwen_prefill_m16384,16384,512,10,8,False,28206,round,1,frontier_over_candidate,0.9974283614988978
C33,qwen_prefill_m16384,16384,512,10,8,False,28206,round,2,frontier_over_candidate,0.999621212121212
C33,qwen_prefill_m16384,16384,512,10,8,False,28206,round,3,frontier_over_candidate,0.9914857730386665
C33,qwen_prefill_m16384,16384,512,10,8,False,28206,round,5,frontier_over_candidate,0.998860182370821
C33,qwen_prefill_m16384,16384,512,10,8,False,28206,round,6,frontier_over_candidate,0.9970595018450187
C34,tp_m32,32,512,8,16,False,28201,round,1,frontier_over_candidate,0.9978213507625273
C34,tp_m32,32,512,8,16,False,28201,round,6,frontier_over_candidate,0.9956043956043955
C34,batch_m128,128,512,8,16,False,28202,median,,c7_over_c10,0.9959230163292244
C34,batch_m128,128,512,8,16,False,28202,round,1,c7_over_c10,0.9935897435897436
C34,batch_m128,128,512,8,16,False,28202,round,1,frontier_over_candidate,0.9983416252072969
C34,batch_m128,128,512,8,16,False,28202,round,2,c7_over_c10,0.9967320261437909
C34,batch_m128,128,512,8,16,False,28202,round,3,c7_over_c10,0.9983713355048862
C34,batch_m128,128,512,8,16,False,28202,round,4,c7_over_c10,0.992
C34,batch_m128,128,512,8,16,False,28202,round,5,c7_over_c10,0.995114006514658
C34,batch_m128,128,512,8,16,False,28202,round,5,frontier_over_candidate,0.9915254237288134
C34,batch_m128,128,512,8,16,False,28202,round,6,frontier_over_candidate,0.9966216216216218
C34,qwen_decode_m8,8,512,10,8,False,28203,median,,c7_over_c10,0.9985714285714287
C34,qwen_decode_m8,8,512,10,8,False,28203,median,,frontier_over_candidate,0.9969088025073578
C34,qwen_decode_m8,8,512,10,8,False,28203,round,1,c7_over_c10,0.983050847457627
C34,qwen_decode_m8,8,512,10,8,False,28203,round,1,frontier_over_candidate,0.9878048780487805
C34,qwen_decode_m8,8,512,10,8,False,28203,round,3,frontier_over_candidate,0.9969040247678017
C34,qwen_decode_m8,8,512,10,8,False,28203,round,4,c7_over_c10,0.9971428571428573
C34,qwen_decode_m8,8,512,10,8,False,28203,round,4,frontier_over_candidate,0.9848024316109424
C34,qwen_decode_m8,8,512,10,8,False,28203,round,5,c7_over_c10,0.9971264367816092
C34,qwen_decode_m8,8,512,10,8,False,28203,round,6,frontier_over_candidate,0.9969135802469138
C34,qwen_batch_m128,128,512,10,8,False,28204,median,,c7_over_c10,0.9981464175525152
C34,qwen_batch_m128,128,512,10,8,False,28204,round,1,frontier_over_candidate,0.9920948616600791
C34,qwen_batch_m128,128,512,10,8,False,28204,round,2,c7_over_c10,0.9981412639405205
C34,qwen_batch_m128,128,512,10,8,False,28204,round,4,c7_over_c10,0.9962546816479403
C34,qwen_batch_m128,128,512,10,8,False,28204,round,5,c7_over_c10,0.9981515711645099
C34,qwen_batch_m128,128,512,10,8,False,28204,round,5,frontier_over_candidate,0.9922027290448343
C34,qwen_batch_m128,128,512,10,8,False,28204,round,6,c7_over_c10,0.9945553539019961
C34,qwen_m512,512,512,10,8,False,28205,median,,frontier_over_candidate,0.9959455622127162
C34,qwen_m512,512,512,10,8,False,28205,round,1,frontier_over_candidate,0.9819967266775779
C34,qwen_m512,512,512,10,8,False,28205,round,3,frontier_over_candidate,0.9869918699186991
C34,qwen_m512,512,512,10,8,False,28205,round,4,frontier_over_candidate,0.9968091572123179
C34,qwen_m512,512,512,10,8,False,28205,round,5,frontier_over_candidate,0.9950819672131146
C34,qwen_prefill_m16384,16384,512,10,8,False,28206,median,,frontier_over_candidate,0.9956859950901265
C34,qwen_prefill_m16384,16384,512,10,8,False,28206,round,2,frontier_over_candidate,0.9883938599775366
C34,qwen_prefill_m16384,16384,512,10,8,False,28206,round,3,frontier_over_candidate,0.9981398809523812
C34,qwen_prefill_m16384,16384,512,10,8,False,28206,round,5,frontier_over_candidate,0.9932321092278719
C34,qwen_prefill_m16384,16384,512,10,8,False,28206,round,6,frontier_over_candidate,0.9929236499068901
C35,tp_m32,32,512,8,16,False,28201,median,,c7_over_c10,0.998945147679325
C35,tp_m32,32,512,8,16,False,28201,round,1,c7_over_c10,0.9895397489539749
C35,tp_m32,32,512,8,16,False,28201,round,2,c7_over_c10,0.9978902953586498
C35,tp_m32,32,512,8,16,False,28201,round,5,c7_over_c10,0.9957627118644068
C35,tp_m32,32,512,8,16,False,28201,round,5,frontier_over_candidate,0.9978070175438597
C35,batch_m128,128,512,8,16,False,28202,median,,frontier_over_candidate,0.9983276422832437
C35,batch_m128,128,512,8,16,False,28202,round,1,frontier_over_candidate,0.9983416252072969
C35,batch_m128,128,512,8,16,False,28202,round,4,c7_over_c10,0.9967948717948718
C35,batch_m128,128,512,8,16,False,28202,round,4,frontier_over_candidate,0.9933774834437085
C35,batch_m128,128,512,8,16,False,28202,round,5,frontier_over_candidate,0.9966101694915253
C35,batch_m128,128,512,8,16,False,28202,round,6,frontier_over_candidate,0.9983136593591906
C35,qwen_decode_m8,8,512,10,8,False,28203,median,,c7_over_c10,0.9985632183908046
C35,qwen_decode_m8,8,512,10,8,False,28203,median,,frontier_over_candidate,0.9953751187084521
C35,qwen_decode_m8,8,512,10,8,False,28203,round,1,c7_over_c10,0.9943502824858756
C35,qwen_decode_m8,8,512,10,8,False,28203,round,1,frontier_over_candidate,0.9969230769230769
C35,qwen_decode_m8,8,512,10,8,False,28203,round,2,frontier_over_candidate,0.9878048780487805
C35,qwen_decode_m8,8,512,10,8,False,28203,round,3,frontier_over_candidate,0.9938271604938271
C35,qwen_decode_m8,8,512,10,8,False,28203,round,4,frontier_over_candidate,0.9969418960244648
C35,qwen_decode_m8,8,512,10,8,False,28203,round,5,c7_over_c10,0.9942857142857143
C35,qwen_decode_m8,8,512,10,8,False,28203,round,5,frontier_over_candidate,0.9907407407407407
C35,qwen_decode_m8,8,512,10,8,False,28203,round,6,c7_over_c10,0.9971264367816092
C35,qwen_batch_m128,128,512,10,8,False,28204,median,,c7_over_c10,0.999089560989068
C35,qwen_batch_m128,128,512,10,8,False,28204,median,,frontier_over_candidate,0.9971040455282725
C35,qwen_batch_m128,128,512,10,8,False,28204,round,1,frontier_over_candidate,0.9882352941176471
C35,qwen_batch_m128,128,512,10,8,False,28204,round,2,frontier_over_candidate,0.9901960784313726
C35,qwen_batch_m128,128,512,10,8,False,28204,round,3,c7_over_c10,0.9891696750902526
C35,qwen_batch_m128,128,512,10,8,False,28204,round,3,frontier_over_candidate,0.9961237998688056
C35,qwen_batch_m128,128,512,10,8,False,28204,round,5,c7_over_c10,0.9963099630996312
C35,qwen_batch_m128,128,512,10,8,False,28204,round,6,c7_over_c10,0.992792792792793
C35,qwen_batch_m128,128,512,10,8,False,28204,round,6,frontier_over_candidate,0.9980842911877394
C35,qwen_m512,512,512,10,8,False,28205,median,,frontier_over_candidate,0.9412077605857168
C35,qwen_m512,512,512,10,8,False,28205,round,1,frontier_over_candidate,0.9561618338557994
C35,qwen_m512,512,512,10,8,False,28205,round,2,c10_over_candidate,0.9627421758569302
C35,qwen_m512,512,512,10,8,False,28205,round,2,frontier_over_candidate,0.9135618479880777
C35,qwen_m512,512,512,10,8,False,28205,round,3,frontier_over_candidate,0.9788617886178862
C35,qwen_m512,512,512,10,8,False,28205,round,4,frontier_over_candidate,0.8900763358778625
C35,qwen_m512,512,512,10,8,False,28205,round,5,c10_over_candidate,0.9498525073746312
C35,qwen_m512,512,512,10,8,False,28205,round,5,frontier_over_candidate,0.9262536873156342
C35,qwen_prefill_m16384,16384,512,10,8,False,28206,round,2,frontier_over_candidate,0.9891059353869271
C35,qwen_prefill_m16384,16384,512,10,8,False,28206,round,5,frontier_over_candidate,0.9879924953095685
C36,tp_m32,32,512,8,16,False,28201,median,,c7_over_c10,0.9957850228107266
C36,tp_m32,32,512,8,16,False,28201,round,1,frontier_over_candidate,0.9978213507625273
C36,tp_m32,32,512,8,16,False,28201,round,2,c7_over_c10,0.9936708860759493
C36,tp_m32,32,512,8,16,False,28201,round,3,c7_over_c10,0.9936708860759493
C36,tp_m32,32,512,8,16,False,28201,round,5,c7_over_c10,0.9936842105263158
C36,tp_m32,32,512,8,16,False,28201,round,5,frontier_over_candidate,0.9978118161925601
C36,tp_m32,32,512,8,16,False,28201,round,6,c7_over_c10,0.9978858350951373
C36,batch_m128,128,512,8,16,False,28202,median,,frontier_over_candidate,0.9974997762663325
C36,batch_m128,128,512,8,16,False,28202,round,1,c7_over_c10,0.9952
C36,batch_m128,128,512,8,16,False,28202,round,2,c7_over_c10,0.9983660130718954
C36,batch_m128,128,512,8,16,False,28202,round,2,frontier_over_candidate,0.9932432432432432
C36,batch_m128,128,512,8,16,False,28202,round,3,c7_over_c10,0.996742671009772
C36,batch_m128,128,512,8,16,False,28202,round,3,frontier_over_candidate,0.9983108108108109
C36,batch_m128,128,512,8,16,False,28202,round,4,frontier_over_candidate,0.9966887417218541
C36,batch_m128,128,512,8,16,False,28202,round,5,frontier_over_candidate,0.9931444969973959
C36,qwen_decode_m8,8,512,10,8,False,28203,round,1,c7_over_c10,0.9971671388101981
C36,qwen_decode_m8,8,512,10,8,False,28203,round,3,frontier_over_candidate,0.9968944099378882
C36,qwen_decode_m8,8,512,10,8,False,28203,round,4,frontier_over_candidate,0.9848484848484849
C36,qwen_batch_m128,128,512,10,8,False,28204,round,1,c7_over_c10,0.9962756052141529
C36,qwen_batch_m128,128,512,10,8,False,28204,round,1,frontier_over_candidate,0.9960629921259843
C36,qwen_batch_m128,128,512,10,8,False,28204,round,2,frontier_over_candidate,0.9921875
C36,qwen_batch_m128,128,512,10,8,False,28204,round,5,c7_over_c10,0.9925925925925926
C36,qwen_m512,512,512,10,8,False,28205,median,,frontier_over_candidate,0.9736503291494718
C36,qwen_m512,512,512,10,8,False,28205,round,2,frontier_over_candidate,0.967051070840198
C36,qwen_m512,512,512,10,8,False,28205,round,3,frontier_over_candidate,0.966019417475728
C36,qwen_m512,512,512,10,8,False,28205,round,4,frontier_over_candidate,0.9802495874587457
C36,qwen_m512,512,512,10,8,False,28205,round,5,frontier_over_candidate,0.9485981308411214
C36,qwen_m512,512,512,10,8,False,28205,round,6,frontier_over_candidate,0.9950819672131146
C36,qwen_prefill_m16384,16384,512,10,8,False,28206,round,2,frontier_over_candidate,0.9873086972751025
C36,qwen_prefill_m16384,16384,512,10,8,False,28206,round,5,frontier_over_candidate,0.9902956838565022
C37,tp_m32,32,512,8,16,False,28201,median,,c7_over_c10,0.9957894550225153
C37,tp_m32,32,512,8,16,False,28201,median,,frontier_over_candidate,0.9967176927875617
C37,tp_m32,32,512,8,16,False,28201,round,1,c7_over_c10,0.995798319327731
C37,tp_m32,32,512,8,16,False,28201,round,1,frontier_over_candidate,0.9956331877729258
C37,tp_m32,32,512,8,16,False,28201,round,2,c7_over_c10,0.9915611814345991
C37,tp_m32,32,512,8,16,False,28201,round,2,frontier_over_candidate,0.9956331877729258
C37,tp_m32,32,512,8,16,False,28201,round,3,c7_over_c10,0.9957805907172996
C37,tp_m32,32,512,8,16,False,28201,round,3,frontier_over_candidate,0.9978021978021977
C37,tp_m32,32,512,8,16,False,28201,round,4,c7_over_c10,0.9936322457821835
C37,tp_m32,32,512,8,16,False,28201,round,4,frontier_over_candidate,0.9978118161925601
C37,tp_m32,32,512,8,16,False,28201,round,5,frontier_over_candidate,0.9978118161925601
C37,tp_m32,32,512,8,16,False,28201,round,6,frontier_over_candidate,0.9934065934065933
C37,batch_m128,128,512,8,16,False,28202,round,2,frontier_over_candidate,0.9915966386554622
C37,batch_m128,128,512,8,16,False,28202,round,4,c7_over_c10,0.9983948635634027
C37,qwen_decode_m8,8,512,10,8,False,28203,round,1,c7_over_c10,0.9942857142857143
C37,qwen_decode_m8,8,512,10,8,False,28203,round,1,frontier_over_candidate,0.9969135802469138
C37,qwen_decode_m8,8,512,10,8,False,28203,round,2,frontier_over_candidate,0.9969040247678017
C37,qwen_decode_m8,8,512,10,8,False,28203,round,4,frontier_over_candidate,0.9969230769230769
C37,qwen_batch_m128,128,512,10,8,False,28204,median,,c7_over_c10,0.9962907457249273
C37,qwen_batch_m128,128,512,10,8,False,28204,round,2,c7_over_c10,0.9870848708487087
C37,qwen_batch_m128,128,512,10,8,False,28204,round,3,c7_over_c10,0.9981785063752276
C37,qwen_batch_m128,128,512,10,8,False,28204,round,4,c7_over_c10,0.9944029850746269
C37,qwen_batch_m128,128,512,10,8,False,28204,round,4,frontier_over_candidate,0.9940828402366861
C37,qwen_batch_m128,128,512,10,8,False,28204,round,5,frontier_over_candidate,0.996078431372549
C37,qwen_batch_m128,128,512,10,8,False,28204,round,6,c7_over_c10,0.9909584086799275
C37,qwen_m512,512,512,10,8,False,28205,median,,frontier_over_candidate,0.9918738781543661
C37,qwen_m512,512,512,10,8,False,28205,round,1,frontier_over_candidate,0.9951298701298703
C37,qwen_m512,512,512,10,8,False,28205,round,2,frontier_over_candidate,0.9870470238395244
C37,qwen_m512,512,512,10,8,False,28205,round,3,frontier_over_candidate,0.9886178861788618
C37,qwen_m512,512,512,10,8,False,28205,round,6,frontier_over_candidate,0.9884678747940694
C37,qwen_prefill_m16384,16384,512,10,8,False,28206,median,,frontier_over_candidate,0.9933449754952375
C37,qwen_prefill_m16384,16384,512,10,8,False,28206,round,1,frontier_over_candidate,0.9915316642120767
C37,qwen_prefill_m16384,16384,512,10,8,False,28206,round,2,frontier_over_candidate,0.9954770268206435
C37,qwen_prefill_m16384,16384,512,10,8,False,28206,round,3,frontier_over_candidate,0.9951582867783983
C37,qwen_prefill_m16384,16384,512,10,8,False,28206,round,4,frontier_over_candidate,0.9896984260206719
C37,qwen_prefill_m16384,16384,512,10,8,False,28206,round,5,frontier_over_candidate,0.9981174698795181
C37,qwen_prefill_m16384,16384,512,10,8,False,28206,round,6,frontier_over_candidate,0.9855769230769232
C38,tp_m32,32,512,8,16,False,28201,round,1,c7_over_c10,0.9957805907172996
C38,tp_m32,32,512,8,16,False,28201,round,2,frontier_over_candidate,0.9868995633187772
C38,tp_m32,32,512,8,16,False,28201,round,3,frontier_over_candidate,0.9978213507625273
C38,tp_m32,32,512,8,16,False,28201,round,4,c7_over_c10,0.9937106918238994
C38,batch_m128,128,512,8,16,False,28202,median,,c7_over_c10,0.9983818388908527
C38,batch_m128,128,512,8,16,False,28202,round,1,c7_over_c10,0.998389694041868
C38,batch_m128,128,512,8,16,False,28202,round,1,frontier_over_candidate,0.9966887417218541
C38,batch_m128,128,512,8,16,False,28202,round,2,c7_over_c10,0.9983606557377049
C38,batch_m128,128,512,8,16,False,28202,round,3,c7_over_c10,0.9983739837398374
C38,batch_m128,128,512,8,16,False,28202,round,4,c7_over_c10,0.9967948717948718
C38,batch_m128,128,512,8,16,False,28202,round,4,frontier_over_candidate,0.9966942148760328
C38,qwen_decode_m8,8,512,10,8,False,28203,round,1,c7_over_c10,0.9858757062146895
C38,qwen_decode_m8,8,512,10,8,False,28203,round,1,frontier_over_candidate,0.9969230769230769
C38,qwen_decode_m8,8,512,10,8,False,28203,round,2,frontier_over_candidate,0.9938271604938271
C38,qwen_decode_m8,8,512,10,8,False,28203,round,3,frontier_over_candidate,0.9938271604938271
C38,qwen_decode_m8,8,512,10,8,False,28203,round,4,c7_over_c10,0.983050847457627
C38,qwen_batch_m128,128,512,10,8,False,28204,round,2,frontier_over_candidate,0.9921568627450978
C38,qwen_batch_m128,128,512,10,8,False,28204,round,6,c7_over_c10,0.9945750452079566
C38,qwen_batch_m128,128,512,10,8,False,28204,round,6,frontier_over_candidate,0.9980879541108987
C38,qwen_m512,512,512,10,8,False,28205,median,,frontier_over_candidate,0.955780688087329
C38,qwen_m512,512,512,10,8,False,28205,round,1,frontier_over_candidate,0.9820261437908498
C38,qwen_m512,512,512,10,8,False,28205,round,2,c10_over_candidate,0.9775112443778111
C38,qwen_m512,512,512,10,8,False,28205,round,2,frontier_over_candidate,0.9295352323838081
C38,qwen_m512,512,512,10,8,False,28205,round,3,frontier_over_candidate,0.9901800327332244
C38,qwen_m512,512,512,10,8,False,28205,round,4,frontier_over_candidate,0.8977443609022555
C38,qwen_m512,512,512,10,8,False,28205,round,5,c10_over_candidate,0.9657228017883756
C38,qwen_m512,512,512,10,8,False,28205,round,5,frontier_over_candidate,0.8986587183308495
C38,qwen_prefill_m16384,16384,512,10,8,False,28206,round,2,frontier_over_candidate,0.995839636913767
C38,qwen_prefill_m16384,16384,512,10,8,False,28206,round,4,frontier_over_candidate,0.9970652971386647
C38,qwen_prefill_m16384,16384,512,10,8,False,28206,round,6,frontier_over_candidate,0.9999884131857945
C39,tp_m32,32,512,8,16,False,28201,round,1,frontier_over_candidate,0.9978118161925601
C39,tp_m32,32,512,8,16,False,28201,round,3,c7_over_c10,0.9957627118644068
C39,tp_m32,32,512,8,16,False,28201,round,3,frontier_over_candidate,0.9934065934065933
C39,batch_m128,128,512,8,16,False,28202,median,,frontier_over_candidate,0.9991539763113368
C39,batch_m128,128,512,8,16,False,28202,round,1,frontier_over_candidate,0.9933774834437085
C39,batch_m128,128,512,8,16,False,28202,round,2,c7_over_c10,0.9967320261437909
C39,batch_m128,128,512,8,16,False,28202,round,3,frontier_over_candidate,0.9983079526226736
C39,batch_m128,128,512,8,16,False,28202,round,5,c7_over_c10,0.9983633387888707
C39,batch_m128,128,512,8,16,False,28202,round,5,frontier_over_candidate,0.9932203389830508
C39,batch_m128,128,512,8,16,False,28202,round,6,c7_over_c10,0.996747967479675
C39,qwen_decode_m8,8,512,10,8,False,28203,round,1,frontier_over_candidate,0.9907975460122701
C39,qwen_decode_m8,8,512,10,8,False,28203,round,4,c7_over_c10,0.9971346704871058
C39,qwen_decode_m8,8,512,10,8,False,28203,round,5,c7_over_c10,0.9971346704871058
C39,qwen_decode_m8,8,512,10,8,False,28203,round,6,frontier_over_candidate,0.9938271604938271
C39,qwen_batch_m128,128,512,10,8,False,28204,median,,frontier_over_candidate,0.997047152194211
C39,qwen_batch_m128,128,512,10,8,False,28204,round,1,frontier_over_candidate,0.9960552268244574
C39,qwen_batch_m128,128,512,10,8,False,28204,round,2,frontier_over_candidate,0.996078431372549
C39,qwen_batch_m128,128,512,10,8,False,28204,round,4,c7_over_c10,0.9925512104283056
C39,qwen_batch_m128,128,512,10,8,False,28204,round,4,frontier_over_candidate,0.998015873015873
C39,qwen_batch_m128,128,512,10,8,False,28204,round,5,frontier_over_candidate,0.9921875
C39,qwen_batch_m128,128,512,10,8,False,28204,round,6,c7_over_c10,0.9946315551537069
C39,qwen_batch_m128,128,512,10,8,False,28204,round,6,frontier_over_candidate,0.9980916030534351
C39,qwen_m512,512,512,10,8,False,28205,median,,frontier_over_candidate,0.9950385767053529
C39,qwen_m512,512,512,10,8,False,28205,round,1,frontier_over_candidate,0.9999490238058829
C39,qwen_m512,512,512,10,8,False,28205,round,2,frontier_over_candidate,0.964573268921095
C39,qwen_m512,512,512,10,8,False,28205,round,3,frontier_over_candidate,0.9933774834437088
C39,qwen_m512,512,512,10,8,False,28205,round,5,frontier_over_candidate,0.9570063694267515
C39,qwen_m512,512,512,10,8,False,28205,round,6,frontier_over_candidate,0.9966996699669969
C39,qwen_prefill_m16384,16384,512,10,8,False,28206,median,,frontier_over_candidate,0.9992456245751156
C39,qwen_prefill_m16384,16384,512,10,8,False,28206,round,1,frontier_over_candidate,0.9985310319500551
C39,qwen_prefill_m16384,16384,512,10,8,False,28206,round,2,frontier_over_candidate,0.9992519946808512
C39,qwen_prefill_m16384,16384,512,10,8,False,28206,round,3,frontier_over_candidate,0.9996290801186944
C39,qwen_prefill_m16384,16384,512,10,8,False,28206,round,5,frontier_over_candidate,0.9992392544693798
C39,qwen_prefill_m16384,16384,512,10,8,False,28206,round,6,frontier_over_candidate,0.9988718962609756
C40,tp_m32,32,512,8,16,False,28201,round,1,frontier_over_candidate,0.995798319327731
C40,tp_m32,32,512,8,16,False,28201,round,3,frontier_over_candidate,0.9936440677966103
C40,tp_m32,32,512,8,16,False,28201,round,6,c7_over_c10,0.9979253112033195
C40,batch_m128,128,512,8,16,False,28202,median,,c7_over_c10,0.9967972716549567
C40,batch_m128,128,512,8,16,False,28202,round,1,c7_over_c10,0.9967741935483871
C40,batch_m128,128,512,8,16,False,28202,round,2,c7_over_c10,0.9968203497615262
C40,batch_m128,128,512,8,16,False,28202,round,3,c7_over_c10,0.9904761904761905
C40,batch_m128,128,512,8,16,False,28202,round,6,c7_over_c10,0.9952380952380953
C40,batch_m128,128,512,8,16,False,28202,round,6,frontier_over_candidate,0.9934426229508196
C40,qwen_decode_m8,8,512,10,8,False,28203,round,2,frontier_over_candidate,0.9936305732484076
C40,qwen_decode_m8,8,512,10,8,False,28203,round,3,c7_over_c10,0.991044776119403
C40,qwen_decode_m8,8,512,10,8,False,28203,round,3,frontier_over_candidate,0.9936102236421723
C40,qwen_decode_m8,8,512,10,8,False,28203,round,4,c7_over_c10,0.9969879518072289
C40,qwen_decode_m8,8,512,10,8,False,28203,round,5,frontier_over_candidate,0.9967741935483873
C40,qwen_batch_m128,128,512,10,8,False,28204,round,1,frontier_over_candidate,0.9962192816635163
C40,qwen_batch_m128,128,512,10,8,False,28204,round,3,frontier_over_candidate,0.9980392156862745
C40,qwen_batch_m128,128,512,10,8,False,28204,round,5,c7_over_c10,0.9963636363636363
C40,qwen_batch_m128,128,512,10,8,False,28204,round,6,c7_over_c10,0.9981343283582089
C40,qwen_m512,512,512,10,8,False,28205,round,2,frontier_over_candidate,0.9984
C40,qwen_m512,512,512,10,8,False,28205,round,6,frontier_over_candidate,0.994991652754591
C40,qwen_prefill_m16384,16384,512,10,8,False,28206,median,,frontier_over_candidate,0.9909008936633001
C40,qwen_prefill_m16384,16384,512,10,8,False,28206,round,1,frontier_over_candidate,0.9903025601241273
C40,qwen_prefill_m16384,16384,512,10,8,False,28206,round,2,frontier_over_candidate,0.986159169550173
C40,qwen_prefill_m16384,16384,512,10,8,False,28206,round,3,frontier_over_candidate,0.9922450562233426
C40,qwen_prefill_m16384,16384,512,10,8,False,28206,round,4,frontier_over_candidate,0.9937912301125338
C40,qwen_prefill_m16384,16384,512,10,8,False,28206,round,5,frontier_over_candidate,0.9876685934489403
C40,qwen_prefill_m16384,16384,512,10,8,False,28206,round,6,frontier_over_candidate,0.9914992272024731
C41,tp_m32,32,512,8,16,False,28201,median,,frontier_over_candidate,0.9989406779661016
C41,tp_m32,32,512,8,16,False,28201,round,2,c7_over_c10,0.9958506224066391
C41,tp_m32,32,512,8,16,False,28201,round,3,c7_over_c10,0.9958677685950413
C41,tp_m32,32,512,8,16,False,28201,round,3,frontier_over_candidate,0.9915254237288136
C41,tp_m32,32,512,8,16,False,28201,round,4,frontier_over_candidate,0.9978813559322034
C41,tp_m32,32,512,8,16,False,28201,round,6,frontier_over_candidate,0.9872611464968154
C41,batch_m128,128,512,8,16,False,28202,round,1,c7_over_c10,0.9967741935483871
C41,batch_m128,128,512,8,16,False,28202,round,5,frontier_over_candidate,0.9983552631578947
C41,batch_m128,128,512,8,16,False,28202,round,6,c7_over_c10,0.9952380952380954
C41,batch_m128,128,512,8,16,False,28202,round,6,frontier_over_candidate,0.9934426229508196
C41,qwen_decode_m8,8,512,10,8,False,28203,median,,frontier_over_candidate,0.9983870967741937
C41,qwen_decode_m8,8,512,10,8,False,28203,round,2,frontier_over_candidate,0.9935483870967742
C41,qwen_decode_m8,8,512,10,8,False,28203,round,3,frontier_over_candidate,0.9967741935483873
C41,qwen_decode_m8,8,512,10,8,False,28203,round,4,c7_over_c10,0.9879518072289156
C41,qwen_decode_m8,8,512,10,8,False,28203,round,4,frontier_over_candidate,0.9934853420195442
C41,qwen_decode_m8,8,512,10,8,False,28203,round,6,c7_over_c10,0.9794117647058822
C41,qwen_batch_m128,128,512,10,8,False,28204,median,,c7_over_c10,0.9981785063752275
C41,qwen_batch_m128,128,512,10,8,False,28204,round,1,frontier_over_candidate,0.9981096408317582
C41,qwen_batch_m128,128,512,10,8,False,28204,round,3,c7_over_c10,0.9962546816479403
C41,qwen_batch_m128,128,512,10,8,False,28204,round,5,c7_over_c10,0.9963570127504552
C41,qwen_batch_m128,128,512,10,8,False,28204,round,6,c7_over_c10,0.994392523364486
C41,qwen_batch_m128,128,512,10,8,False,28204,round,6,frontier_over_candidate,0.99609375
C41,qwen_prefill_m16384,16384,512,10,8,False,28206,round,2,frontier_over_candidate,0.998442367601246
C41,qwen_prefill_m16384,16384,512,10,8,False,28206,round,5,frontier_over_candidate,0.9961044020257112
C43,tp_m32,32,512,8,16,False,28201,round,1,c7_over_c10,0.9979253112033195
C43,tp_m32,32,512,8,16,False,28201,round,2,frontier_over_candidate,0.9957446808510638
C43,tp_m32,32,512,8,16,False,28201,round,5,frontier_over_candidate,0.9957537154989385
C43,batch_m128,128,512,8,16,False,28202,round,1,c7_over_c10,0.9951690821256038
C43,batch_m128,128,512,8,16,False,28202,round,2,frontier_over_candidate,0.9983579638752053
C43,batch_m128,128,512,8,16,False,28202,round,5,c7_over_c10,0.9984076433121019
C43,batch_m128,128,512,8,16,False,28202,round,6,frontier_over_candidate,0.9983525535420099
C43,qwen_decode_m8,8,512,10,8,False,28203,round,2,frontier_over_candidate,0.9935897435897436
C43,qwen_decode_m8,8,512,10,8,False,28203,round,3,frontier_over_candidate,0.9936305732484076
C43,qwen_decode_m8,8,512,10,8,False,28203,round,5,c7_over_c10,0.9823529411764704
C43,qwen_decode_m8,8,512,10,8,False,28203,round,5,frontier_over_candidate,0.9967845659163989
C43,qwen_decode_m8,8,512,10,8,False,28203,round,6,c7_over_c10,0.9940652818991099
C43,qwen_batch_m128,128,512,10,8,False,28204,median,,frontier_over_candidate,0.9990215264187867
C43,qwen_batch_m128,128,512,10,8,False,28204,round,2,c7_over_c10,0.9981851179673321
C43,qwen_batch_m128,128,512,10,8,False,28204,round,2,frontier_over_candidate,0.9962264150943396
C43,qwen_batch_m128,128,512,10,8,False,28204,round,3,frontier_over_candidate,0.9980430528375736
C43,qwen_batch_m128,128,512,10,8,False,28204,round,6,c7_over_c10,0.9962825278810409
C43,qwen_batch_m128,128,512,10,8,False,28204,round,6,frontier_over_candidate,0.99609375
C43,qwen_m512,512,512,10,8,False,28205,round,3,frontier_over_candidate,0.9966722129783694
C43,qwen_m512,512,512,10,8,False,28205,round,6,frontier_over_candidate,0.9950331125827813
C43,qwen_prefill_m16384,16384,512,10,8,False,28206,median,,frontier_over_candidate,0.999607381232823
C43,qwen_prefill_m16384,16384,512,10,8,False,28206,round,3,frontier_over_candidate,0.9976507439310885
C43,qwen_prefill_m16384,16384,512,10,8,False,28206,round,4,frontier_over_candidate,0.9992147624656459
C43,qwen_prefill_m16384,16384,512,10,8,False,28206,round,6,frontier_over_candidate,0.9972559780478243
C44,tp_m32,32,512,8,16,False,28201,median,,c7_over_c10,0.9968836891757695
C44,tp_m32,32,512,8,16,False,28201,round,1,c7_over_c10,0.9958726415094339
C44,tp_m32,32,512,8,16,False,28201,round,2,frontier_over_candidate,0.9913232104121477
C44,tp_m32,32,512,8,16,False,28201,round,3,c7_over_c10,0.9958246346555323
C44,tp_m32,32,512,8,16,False,28201,round,4,c7_over_c10,0.9937369519832986
C44,tp_m32,32,512,8,16,False,28201,round,5,c7_over_c10,0.9978991596638654
C44,tp_m32,32,512,8,16,False,28201,round,6,c7_over_c10,0.9978947368421053
C44,tp_m32,32,512,8,16,False,28201,round,6,frontier_over_candidate,0.9913043478260869
C44,batch_m128,128,512,8,16,False,28202,round,3,c7_over_c10,0.9951377633711509
C44,batch_m128,128,512,8,16,False,28202,round,3,frontier_over_candidate,0.9949579831932771
C44,batch_m128,128,512,8,16,False,28202,round,5,frontier_over_candidate,0.9832214765100673
C44,qwen_decode_m8,8,512,10,8,False,28203,median,,frontier_over_candidate,0.9969418674248092
C44,qwen_decode_m8,8,512,10,8,False,28203,round,1,frontier_over_candidate,0.9909365558912386
C44,qwen_decode_m8,8,512,10,8,False,28203,round,3,frontier_over_candidate,0.9969512195121951
C44,qwen_decode_m8,8,512,10,8,False,28203,round,5,frontier_over_candidate,0.9969325153374233
C44,qwen_decode_m8,8,512,10,8,False,28203,round,6,frontier_over_candidate,0.9939024390243902
C44,qwen_batch_m128,128,512,10,8,False,28204,median,,frontier_over_candidate,0.9932649181691269
C44,qwen_batch_m128,128,512,10,8,False,28204,round,1,frontier_over_candidate,0.9902343750000002
C44,qwen_batch_m128,128,512,10,8,False,28204,round,2,frontier_over_candidate,0.9941634241245134
C44,qwen_batch_m128,128,512,10,8,False,28204,round,3,frontier_over_candidate,0.9923664122137402
C44,qwen_batch_m128,128,512,10,8,False,28204,round,4,frontier_over_candidate,0.98828125
C44,qwen_batch_m128,128,512,10,8,False,28204,round,5,frontier_over_candidate,0.9999389685688128
C44,qwen_m512,512,512,10,8,False,28205,median,,frontier_over_candidate,0.9824103289449825
C44,qwen_m512,512,512,10,8,False,28205,round,1,frontier_over_candidate,0.9780219780219782
C44,qwen_m512,512,512,10,8,False,28205,round,2,c10_over_candidate,0.9969879518072289
C44,qwen_m512,512,512,10,8,False,28205,round,2,frontier_over_candidate,0.9352409638554217
C44,qwen_m512,512,512,10,8,False,28205,round,4,frontier_over_candidate,0.967585089141005
C44,qwen_m512,512,512,10,8,False,28205,round,5,c10_over_frontier,0.9862804878048782
C44,qwen_m512,512,512,10,8,False,28205,round,6,frontier_over_candidate,0.9867986798679867
C44,qwen_prefill_m16384,16384,512,10,8,False,28206,median,,frontier_over_candidate,0.9867757017771339
C44,qwen_prefill_m16384,16384,512,10,8,False,28206,round,1,frontier_over_candidate,0.9869848156182213
C44,qwen_prefill_m16384,16384,512,10,8,False,28206,round,2,frontier_over_candidate,0.9890022935779818
C44,qwen_prefill_m16384,16384,512,10,8,False,28206,round,3,frontier_over_candidate,0.9851071558300036
C44,qwen_prefill_m16384,16384,512,10,8,False,28206,round,4,frontier_over_candidate,0.9870102022390757
C44,qwen_prefill_m16384,16384,512,10,8,False,28206,round,5,frontier_over_candidate,0.978181818181818
C44,qwen_prefill_m16384,16384,512,10,8,False,28206,round,6,frontier_over_candidate,0.9865665879360465
C45,tp_m32,32,512,8,16,False,28201,median,,c7_over_c10,0.9989495798319328
C45,tp_m32,32,512,8,16,False,28201,median,,frontier_over_candidate,0.9989130434782608
C45,tp_m32,32,512,8,16,False,28201,round,1,c7_over_c10,0.9978991596638654
C45,tp_m32,32,512,8,16,False,28201,round,1,frontier_over_candidate,0.9956521739130435
C45,tp_m32,32,512,8,16,False,28201,round,2,frontier_over_candidate,0.9978213507625273
C45,tp_m32,32,512,8,16,False,28201,round,4,c7_over_c10,0.9978947368421053
C45,tp_m32,32,512,8,16,False,28201,round,5,c7_over_c10,0.9978991596638654
C45,tp_m32,32,512,8,16,False,28201,round,5,frontier_over_candidate,0.9978260869565216
C45,batch_m128,128,512,8,16,False,28202,median,,frontier_over_candidate,0.999167885538554
C45,batch_m128,128,512,8,16,False,28202,round,1,c7_over_c10,0.9952153110047847
C45,batch_m128,128,512,8,16,False,28202,round,2,frontier_over_candidate,0.9966856060606061
C45,batch_m128,128,512,8,16,False,28202,round,3,frontier_over_candidate,0.9932885906040269
C45,batch_m128,128,512,8,16,False,28202,round,4,frontier_over_candidate,0.995049504950495
C45,batch_m128,128,512,8,16,False,28202,round,6,c7_over_c10,0.9951534733441034
C45,qwen_decode_m8,8,512,10,8,False,28203,median,,c7_over_c10,0.9943181818181818
C45,qwen_decode_m8,8,512,10,8,False,28203,median,,frontier_over_candidate,0.9969512195121951
C45,qwen_decode_m8,8,512,10,8,False,28203,round,1,c7_over_c10,0.9887640449438202
C45,qwen_decode_m8,8,512,10,8,False,28203,round,1,frontier_over_candidate,0.9760479041916169
C45,qwen_decode_m8,8,512,10,8,False,28203,round,3,frontier_over_candidate,0.9939024390243902
C45,qwen_decode_m8,8,512,10,8,False,28203,round,4,c7_over_c10,0.9778393351800555
C45,qwen_decode_m8,8,512,10,8,False,28203,round,5,c7_over_c10,0.9943181818181818
C45,qwen_decode_m8,8,512,10,8,False,28203,round,5,frontier_over_candidate,0.9908814589665655
C45,qwen_decode_m8,8,512,10,8,False,28203,round,6,c7_over_c10,0.9943181818181818
C45,qwen_batch_m128,128,512,10,8,False,28204,median,,c7_over_c10,0.9972887676576004
C45,qwen_batch_m128,128,512,10,8,False,28204,round,2,c7_over_c10,0.9981617647058821
C45,qwen_batch_m128,128,512,10,8,False,28204,round,2,frontier_over_candidate,0.9922779922779923
C45,qwen_batch_m128,128,512,10,8,False,28204,round,3,c7_over_c10,0.9964157706093187
C45,qwen_batch_m128,128,512,10,8,False,28204,round,4,c7_over_c10,0.9944341372912802
C45,qwen_batch_m128,128,512,10,8,False,28204,round,6,c7_over_c10,0.996402877697842
C45,qwen_m512,512,512,10,8,False,28205,median,,frontier_over_candidate,0.9862925680017134
C45,qwen_m512,512,512,10,8,False,28205,round,1,frontier_over_candidate,0.9875776397515528
C45,qwen_m512,512,512,10,8,False,28205,round,2,frontier_over_candidate,0.9476923076923076
C45,qwen_m512,512,512,10,8,False,28205,round,4,frontier_over_candidate,0.9780230561687515
C45,qwen_m512,512,512,10,8,False,28205,round,5,c10_over_candidate,0.9895052473763118
C45,qwen_m512,512,512,10,8,False,28205,round,5,frontier_over_candidate,0.985007496251874
C45,qwen_prefill_m16384,16384,512,10,8,False,28206,round,3,frontier_over_candidate,0.9970760233918127
C45,qwen_prefill_m16384,16384,512,10,8,False,28206,round,6,frontier_over_candidate,0.9999999999999999
C46,tp_m32,32,512,8,16,False,28201,round,1,frontier_over_candidate,0.9956521739130435
C46,tp_m32,32,512,8,16,False,28201,round,2,c7_over_c10,0.995798319327731
C46,tp_m32,32,512,8,16,False,28201,round,6,c7_over_c10,0.995798319327731
C46,tp_m32,32,512,8,16,False,28201,round,6,frontier_over_candidate,0.9956331877729258
C46,batch_m128,128,512,8,16,False,28202,round,2,c7_over_c10,0.9951298701298703
C46,batch_m128,128,512,8,16,False,28202,round,3,frontier_over_candidate,0.9966442953020134
C46,batch_m128,128,512,8,16,False,28202,round,4,frontier_over_candidate,0.9967105263157895
C46,qwen_decode_m8,8,512,10,8,False,28203,round,1,c7_over_c10,0.9887005649717514
C46,qwen_decode_m8,8,512,10,8,False,28203,round,1,frontier_over_candidate,0.9878419452887539
C46,qwen_decode_m8,8,512,10,8,False,28203,round,4,frontier_over_candidate,0.9819277108433735
C46,qwen_batch_m128,128,512,10,8,False,28204,median,,c7_over_c10,0.9990689013035383
C46,qwen_batch_m128,128,512,10,8,False,28204,median,,frontier_over_candidate,0.9971102739284443
C46,qwen_batch_m128,128,512,10,8,False,28204,round,1,frontier_over_candidate,0.9941903131115463
C46,qwen_batch_m128,128,512,10,8,False,28204,round,2,c7_over_c10,0.9963235294117645
C46,qwen_batch_m128,128,512,10,8,False,28204,round,2,frontier_over_candidate,0.9961089494163426
C46,qwen_batch_m128,128,512,10,8,False,28204,round,3,c7_over_c10,0.9874326750448835
C46,qwen_batch_m128,128,512,10,8,False,28204,round,4,c7_over_c10,0.9981378026070765
C46,qwen_batch_m128,128,512,10,8,False,28204,round,4,frontier_over_candidate,0.9862475442043221
C46,qwen_batch_m128,128,512,10,8,False,28204,round,5,frontier_over_candidate,0.9981115984405459
C46,qwen_m512,512,512,10,8,False,28205,round,3,frontier_over_candidate,0.9900662251655629
C46,qwen_m512,512,512,10,8,False,28205,round,4,frontier_over_candidate,0.9337539432176657
C46,qwen_m512,512,512,10,8,False,28205,round,6,frontier_over_candidate,0.967585089141005
C46,qwen_prefill_m16384,16384,512,10,8,False,28206,median,,frontier_over_candidate,0.9867353644684851
C46,qwen_prefill_m16384,16384,512,10,8,False,28206,round,1,frontier_over_candidate,0.9912935888122048
C46,qwen_prefill_m16384,16384,512,10,8,False,28206,round,2,frontier_over_candidate,0.9824611517367461
C46,qwen_prefill_m16384,16384,512,10,8,False,28206,round,3,frontier_over_candidate,0.989404457435148
C46,qwen_prefill_m16384,16384,512,10,8,False,28206,round,4,frontier_over_candidate,0.9876835569253082
C46,qwen_prefill_m16384,16384,512,10,8,False,28206,round,5,frontier_over_candidate,0.9835886214442013
C46,qwen_prefill_m16384,16384,512,10,8,False,28206,round,6,frontier_over_candidate,0.9857871720116619
C47,tp_m32,32,512,8,16,False,28201,median,,c7_over_c10,0.9979057568660474
C47,tp_m32,32,512,8,16,False,28201,median,,frontier_over_candidate,0.9989154013015185
C47,tp_m32,32,512,8,16,False,28201,round,1,c7_over_c10,0.9979035639412999
C47,tp_m32,32,512,8,16,False,28201,round,1,frontier_over_candidate,0.9978213507625273
C47,tp_m32,32,512,8,16,False,28201,round,2,c7_over_c10,0.9979079497907949
C47,tp_m32,32,512,8,16,False,28201,round,4,frontier_over_candidate,0.9978308026030369
C47,tp_m32,32,512,8,16,False,28201,round,5,c7_over_c10,0.99581589958159
C47,tp_m32,32,512,8,16,False,28201,round,6,c7_over_c10,0.9915971903105101
C47,tp_m32,32,512,8,16,False,28201,round,6,frontier_over_candidate,0.9956331877729258
C47,batch_m128,128,512,8,16,False,28202,median,,frontier_over_candidate,0.9983164983164983
C47,batch_m128,128,512,8,16,False,28202,round,1,frontier_over_candidate,0.9950413223140494
C47,batch_m128,128,512,8,16,False,28202,round,2,frontier_over_candidate,0.9966329966329966
C47,batch_m128,128,512,8,16,False,28202,round,4,c7_over_c10,0.9936406995230525
C47,batch_m128,128,512,8,16,False,28202,round,5,c7_over_c10,0.9983713355048862
C47,batch_m128,128,512,8,16,False,28202,round,5,frontier_over_candidate,0.9916068412162162
C47,qwen_decode_m8,8,512,10,8,False,28203,round,3,frontier_over_candidate,0.993846153846154
C47,qwen_decode_m8,8,512,10,8,False,28203,round,5,c7_over_c10,0.9971509971509972
C47,qwen_decode_m8,8,512,10,8,False,28203,round,5,frontier_over_candidate,0.9969325153374233
C47,qwen_batch_m128,128,512,10,8,False,28204,median,,c7_over_c10,0.9962876523517075
C47,qwen_batch_m128,128,512,10,8,False,28204,median,,frontier_over_candidate,0.997148288973384
C47,qwen_batch_m128,128,512,10,8,False,28204,round,1,c7_over_c10,0.9943868989063133
C47,qwen_batch_m128,128,512,10,8,False,28204,round,2,c7_over_c10,0.9926739926739925
C47,qwen_batch_m128,128,512,10,8,False,28204,round,3,c7_over_c10,0.9981884057971017
C47,qwen_batch_m128,128,512,10,8,False,28204,round,3,frontier_over_candidate,0.9942965779467681
C47,qwen_batch_m128,128,512,10,8,False,28204,round,4,c7_over_c10,0.9926062846580405
C47,qwen_batch_m128,128,512,10,8,False,28204,round,4,frontier_over_candidate,0.9882352941176471
C47,qwen_batch_m128,128,512,10,8,False,28204,round,5,frontier_over_candidate,0.9922779922779923
C47,qwen_m512,512,512,10,8,False,28205,round,2,c10_over_frontier,0.9984756097560977
C47,qwen_prefill_m16384,16384,512,10,8,False,28206,median,,frontier_over_candidate,0.9970852113574267
C47,qwen_prefill_m16384,16384,512,10,8,False,28206,round,2,frontier_over_candidate,0.9951629180248002
C47,qwen_prefill_m16384,16384,512,10,8,False,28206,round,3,frontier_over_candidate,0.9978200577513496
C47,qwen_prefill_m16384,16384,512,10,8,False,28206,round,5,frontier_over_candidate,0.9922106824925816
C47,qwen_prefill_m16384,16384,512,10,8,False,28206,round,6,frontier_over_candidate,0.9963503649635037
C48,tp_m32,32,512,8,16,False,28201,round,1,c7_over_c10,0.9979079497907949
C48,tp_m32,32,512,8,16,False,28201,round,4,frontier_over_candidate,0.9978448275862067
C48,tp_m32,32,512,8,16,False,28201,round,5,c7_over_c10,0.9979733263598326
C48,tp_m32,32,512,8,16,False,28201,round,6,c7_over_c10,0.9958639705882352
C48,batch_m128,128,512,8,16,False,28202,median,,frontier_over_candidate,0.9957770270270272
C48,batch_m128,128,512,8,16,False,28202,round,1,c7_over_c10,0.9968051118210862
C48,batch_m128,128,512,8,16,False,28202,round,1,frontier_over_candidate,0.9983471074380166
C48,batch_m128,128,512,8,16,False,28202,round,2,frontier_over_candidate,0.9966216216216218
C48,batch_m128,128,512,8,16,False,28202,round,3,frontier_over_candidate,0.9916805324459235
C48,batch_m128,128,512,8,16,False,28202,round,4,frontier_over_candidate,0.9900990099009901
C48,batch_m128,128,512,8,16,False,28202,round,5,frontier_over_candidate,0.9949324324324325
C48,qwen_decode_m8,8,512,10,8,False,28203,median,,frontier_over_candidate,0.996937205680944
C48,qwen_decode_m8,8,512,10,8,False,28203,round,1,frontier_over_candidate,0.990702578357136
C48,qwen_decode_m8,8,512,10,8,False,28203,round,3,frontier_over_candidate,0.9939024390243902
C48,qwen_decode_m8,8,512,10,8,False,28203,round,5,frontier_over_candidate,0.9969325153374233
C48,qwen_decode_m8,8,512,10,8,False,28203,round,6,frontier_over_candidate,0.9969418960244648
C48,qwen_batch_m128,128,512,10,8,False,28204,median,,c7_over_c10,0.9990757855822551
C48,qwen_batch_m128,128,512,10,8,False,28204,round,1,c7_over_c10,0.9981515711645101
C48,qwen_batch_m128,128,512,10,8,False,28204,round,2,c7_over_c10,0.9872495446265936
C48,qwen_batch_m128,128,512,10,8,False,28204,round,3,c7_over_c10,0.9946043165467627
C48,qwen_batch_m128,128,512,10,8,False,28204,round,6,frontier_over_candidate,0.9961832061068704
C48,qwen_m512,512,512,10,8,False,28205,median,,frontier_over_candidate,0.98821485754167
C48,qwen_m512,512,512,10,8,False,28205,round,1,frontier_over_candidate,0.9968000000000001
C48,qwen_m512,512,512,10,8,False,28205,round,2,c10_over_candidate,0.992448708206687
C48,qwen_m512,512,512,10,8,False,28205,round,2,frontier_over_candidate,0.9240121580547114
C48,qwen_m512,512,512,10,8,False,28205,round,3,frontier_over_candidate,0.9967105263157895
C48,qwen_m512,512,512,10,8,False,28205,round,4,frontier_over_candidate,0.9797191887675505
C48,qwen_m512,512,512,10,8,False,28205,round,5,c10_over_candidate,0.9862804878048782
C48,qwen_m512,512,512,10,8,False,28205,round,5,frontier_over_candidate,0.9496951219512196
C48,qwen_prefill_m16384,16384,512,10,8,False,28206,median,,frontier_over_candidate,0.9909050628938059
C48,qwen_prefill_m16384,16384,512,10,8,False,28206,round,1,frontier_over_candidate,0.99417898762042
C48,qwen_prefill_m16384,16384,512,10,8,False,28206,round,2,frontier_over_candidate,0.9850696975218658
C48,qwen_prefill_m16384,16384,512,10,8,False,28206,round,3,frontier_over_candidate,0.9926793557833089
C48,qwen_prefill_m16384,16384,512,10,8,False,28206,round,4,frontier_over_candidate,0.9905705337690631
C48,qwen_prefill_m16384,16384,512,10,8,False,28206,round,5,frontier_over_candidate,0.9897548481522137
C48,qwen_prefill_m16384,16384,512,10,8,False,28206,round,6,frontier_over_candidate,0.9912395920185486
C50,tp_m32,32,512,8,16,False,28201,median,,c7_over_c10,0.9979057384958159
C50,tp_m32,32,512,8,16,False,28201,median,,frontier_over_candidate,0.9978213507625273
C50,tp_m32,32,512,8,16,False,28201,round,1,frontier_over_candidate,0.9978213507625273
C50,tp_m32,32,512,8,16,False,28201,round,2,c7_over_c10,0.995798319327731
C50,tp_m32,32,512,8,16,False,28201,round,3,c7_over_c10,0.99581589958159
C50,tp_m32,32,512,8,16,False,28201,round,3,frontier_over_candidate,0.9956427015250547
C50,tp_m32,32,512,8,16,False,28201,round,4,c7_over_c10,0.9979123173277662
C50,tp_m32,32,512,8,16,False,28201,round,4,frontier_over_candidate,0.9978308026030369
C50,tp_m32,32,512,8,16,False,28201,round,5,frontier_over_candidate,0.9956521739130435
C50,tp_m32,32,512,8,16,False,28201,round,6,c7_over_c10,0.9978991596638654
C50,tp_m32,32,512,8,16,False,28201,round,6,frontier_over_candidate,0.9978213507625273
C50,batch_m128,128,512,8,16,False,28202,median,,c7_over_c10,0.9991896272285252
C50,batch_m128,128,512,8,16,False,28202,median,,frontier_over_candidate,0.9999742175011601
C50,batch_m128,128,512,8,16,False,28202,round,2,frontier_over_candidate,0.9999999999999998
C50,batch_m128,128,512,8,16,False,28202,round,3,c7_over_c10,0.9983792544570504
C50,batch_m128,128,512,8,16,False,28202,round,3,frontier_over_candidate,0.9949579831932771
C50,batch_m128,128,512,8,16,False,28202,round,4,c7_over_c10,0.9952229299363057
C50,batch_m128,128,512,8,16,False,28202,round,4,frontier_over_candidate,0.9999484350023203
C50,batch_m128,128,512,8,16,False,28202,round,5,c7_over_c10,0.9951219512195122
C50,batch_m128,128,512,8,16,False,28202,round,6,frontier_over_candidate,0.9983136593591906
C50,qwen_decode_m8,8,512,10,8,False,28203,round,2,frontier_over_candidate,0.9969325153374233
C50,qwen_decode_m8,8,512,10,8,False,28203,round,3,c7_over_c10,0.9943181818181818
C50,qwen_batch_m128,128,512,10,8,False,28204,median,,c7_over_c10,0.9955060011758081
C50,qwen_batch_m128,128,512,10,8,False,28204,median,,frontier_over_candidate,0.9960634116860314
C50,qwen_batch_m128,128,512,10,8,False,28204,round,1,frontier_over_candidate,0.996086105675147
C50,qwen_batch_m128,128,512,10,8,False,28204,round,2,c7_over_c10,0.9926605504587156
C50,qwen_batch_m128,128,512,10,8,False,28204,round,2,frontier_over_candidate,0.9960483919995138
C50,qwen_batch_m128,128,512,10,8,False,28204,round,3,c7_over_c10,0.992792792792793
C50,qwen_batch_m128,128,512,10,8,False,28204,round,4,frontier_over_candidate,0.996078431372549
C50,qwen_batch_m128,128,512,10,8,False,28204,round,5,c7_over_c10,0.9982192095588234
C50,qwen_batch_m128,128,512,10,8,False,28204,round,5,frontier_over_candidate,0.9883495145631068
C50,qwen_batch_m128,128,512,10,8,False,28204,round,6,c7_over_c10,0.9873873873873874
C50,qwen_batch_m128,128,512,10,8,False,28204,round,6,frontier_over_candidate,0.9923954372623575
C50,qwen_prefill_m16384,16384,512,10,8,False,28206,median,,frontier_over_candidate,0.997820555933977
C50,qwen_prefill_m16384,16384,512,10,8,False,28206,round,1,frontier_over_candidate,0.9989078995267563
C50,qwen_prefill_m16384,16384,512,10,8,False,28206,round,4,frontier_over_candidate,0.9967332123411978
C50,qwen_prefill_m16384,16384,512,10,8,False,28206,round,5,frontier_over_candidate,0.9958854451994917
C50,qwen_prefill_m16384,16384,512,10,8,False,28206,round,6,frontier_over_candidate,0.9963504065875161
C51,tp_m32,32,512,8,16,False,28201,median,,frontier_over_candidate,0.9956568895595586
C51,tp_m32,32,512,8,16,False,28201,round,1,frontier_over_candidate,0.9956616052060736
C51,tp_m32,32,512,8,16,False,28201,round,2,c7_over_c10,0.9937762054507338
C51,tp_m32,32,512,8,16,False,28201,round,2,frontier_over_candidate,0.9999320698322124
C51,tp_m32,32,512,8,16,False,28201,round,4,frontier_over_candidate,0.9956521739130435
C51,tp_m32,32,512,8,16,False,28201,round,5,c7_over_c10,0.9916317991631798
C51,tp_m32,32,512,8,16,False,28201,round,5,frontier_over_candidate,0.9956521739130435
C51,tp_m32,32,512,8,16,False,28201,round,6,frontier_over_candidate,0.9956331877729258
C51,batch_m128,128,512,8,16,False,28202,median,,c7_over_c10,0.9999973646413938
C51,batch_m128,128,512,8,16,False,28202,round,1,c7_over_c10,0.9936305732484076
C51,batch_m128,128,512,8,16,False,28202,round,4,c7_over_c10,0.9936305732484076
C51,batch_m128,128,512,8,16,False,28202,round,5,c7_over_c10,0.9983739837398374
C51,batch_m128,128,512,8,16,False,28202,round,6,frontier_over_candidate,0.9916247906197655
C51,qwen_decode_m8,8,512,10,8,False,28203,round,1,c7_over_c10,0.9943502824858756
C51,qwen_decode_m8,8,512,10,8,False,28203,round,5,frontier_over_candidate,0.9969418960244648
C51,qwen_batch_m128,128,512,10,8,False,28204,median,,frontier_over_candidate,0.993171454628363
C51,qwen_batch_m128,128,512,10,8,False,28204,round,1,frontier_over_candidate,0.9921568627450981
C51,qwen_batch_m128,128,512,10,8,False,28204,round,2,frontier_over_candidate,0.9941860465116279
C51,qwen_batch_m128,128,512,10,8,False,28204,round,3,frontier_over_candidate,0.9962121212121212
C51,qwen_batch_m128,128,512,10,8,False,28204,round,5,c7_over_c10,0.9927272727272727
C51,qwen_batch_m128,128,512,10,8,False,28204,round,5,frontier_over_candidate,0.9884169884169884
C51,qwen_batch_m128,128,512,10,8,False,28204,round,6,frontier_over_candidate,0.9886363636363636
C51,qwen_m512,512,512,10,8,False,28205,round,2,frontier_over_candidate,0.9926062846580405
C51,qwen_prefill_m16384,16384,512,10,8,False,28206,round,3,frontier_over_candidate,0.9985347985347985
C51,qwen_prefill_m16384,16384,512,10,8,False,28206,round,4,frontier_over_candidate,0.9967391304347827
C52,tp_m32,32,512,8,16,False,28201,round,1,c7_over_c10,0.9958333333333333
C52,tp_m32,32,512,8,16,False,28201,round,1,frontier_over_candidate,0.9978260869565216
C52,tp_m32,32,512,8,16,False,28201,round,4,c7_over_c10,0.99581589958159
C52,batch_m128,128,512,8,16,False,28202,median,,c7_over_c10,0.9991896272285252
C52,batch_m128,128,512,8,16,False,28202,round,1,frontier_over_candidate,0.9967051070840199
C52,batch_m128,128,512,8,16,False,28202,round,3,frontier_over_candidate,0.9966329966329966
C52,batch_m128,128,512,8,16,False,28202,round,4,c7_over_c10,0.9951657114378272
C52,batch_m128,128,512,8,16,False,28202,round,5,c7_over_c10,0.9967637540453075
C52,batch_m128,128,512,8,16,False,28202,round,6,c7_over_c10,0.9983792544570504
C52,qwen_decode_m8,8,512,10,8,False,28203,round,1,c7_over_c10,0.9999112294718152
C52,qwen_decode_m8,8,512,10,8,False,28203,round,6,frontier_over_candidate,0.9938650306748467
C52,qwen_batch_m128,128,512,10,8,False,28204,round,2,c7_over_c10,0.9963235294117645
C52,qwen_batch_m128,128,512,10,8,False,28204,round,6,frontier_over_candidate,0.9829222011385199
C52,qwen_m512,512,512,10,8,False,28205,median,,frontier_over_candidate,0.9920300529569852
C52,qwen_m512,512,512,10,8,False,28205,round,2,frontier_over_candidate,0.9074355083459789
C52,qwen_m512,512,512,10,8,False,28205,round,3,frontier_over_candidate,0.9774919614147911
C52,qwen_m512,512,512,10,8,False,28205,round,5,c10_over_candidate,0.9730941704035874
C52,qwen_m512,512,512,10,8,False,28205,round,5,frontier_over_candidate,0.9163396860986547
C52,qwen_prefill_m16384,16384,512,10,8,False,28206,round,2,frontier_over_candidate,0.99556219873934
C53,tp_m32,32,512,8,16,False,28201,median,,c7_over_c10,0.998945147679325
C53,tp_m32,32,512,8,16,False,28201,round,1,c7_over_c10,0.995798319327731
C53,tp_m32,32,512,8,16,False,28201,round,2,c7_over_c10,0.9853556485355647
C53,tp_m32,32,512,8,16,False,28201,round,4,c7_over_c10,0.9978902953586499
C53,tp_m32,32,512,8,16,False,28201,round,4,frontier_over_candidate,0.9934640522875818
C53,tp_m32,32,512,8,16,False,28201,round,5,c7_over_c10,0.9999999999999999
C53,tp_m32,32,512,8,16,False,28201,round,5,frontier_over_candidate,0.9934640522875818
C53,batch_m128,128,512,8,16,False,28202,round,1,frontier_over_candidate,0.998344370860927
C53,batch_m128,128,512,8,16,False,28202,round,2,c7_over_c10,0.9967320261437909
C53,qwen_decode_m8,8,512,10,8,False,28203,median,,c7_over_c10,0.9985714285714287
C53,qwen_decode_m8,8,512,10,8,False,28203,median,,frontier_over_candidate,0.996903995092401
C53,qwen_decode_m8,8,512,10,8,False,28203,round,1,c7_over_c10,0.9971428571428573
C53,qwen_decode_m8,8,512,10,8,False,28203,round,2,frontier_over_candidate,0.9969135802469138
C53,qwen_decode_m8,8,512,10,8,False,28203,round,3,c7_over_c10,0.9971181556195967
C53,qwen_decode_m8,8,512,10,8,False,28203,round,4,frontier_over_candidate,0.9938650306748467
C53,qwen_decode_m8,8,512,10,8,False,28203,round,5,frontier_over_candidate,0.9968944099378882
C53,qwen_decode_m8,8,512,10,8,False,28203,round,6,c7_over_c10,0.9942528735632186
C53,qwen_decode_m8,8,512,10,8,False,28203,round,6,frontier_over_candidate,0.9938271604938271
C53,qwen_batch_m128,128,512,10,8,False,28204,round,1,c7_over_c10,0.9925512104283056
C53,qwen_batch_m128,128,512,10,8,False,28204,round,2,c7_over_c10,0.9888888888888887
C53,qwen_batch_m128,128,512,10,8,False,28204,round,3,c7_over_c10,0.9963636363636361
C53,qwen_batch_m128,128,512,10,8,False,28204,round,3,frontier_over_candidate,0.9923371647509579
C53,qwen_m512,512,512,10,8,False,28205,median,,frontier_over_candidate,0.9834115715411276
C53,qwen_m512,512,512,10,8,False,28205,round,1,frontier_over_candidate,0.9849749582637731
C53,qwen_m512,512,512,10,8,False,28205,round,2,frontier_over_candidate,0.993388429752066
C53,qwen_m512,512,512,10,8,False,28205,round,4,frontier_over_candidate,0.9731012658227848
C53,qwen_m512,512,512,10,8,False,28205,round,5,c10_over_candidate,0.9907407407407407
C53,qwen_m512,512,512,10,8,False,28205,round,5,frontier_over_candidate,0.9691840277777778
C53,qwen_m512,512,512,10,8,False,28205,round,6,frontier_over_candidate,0.981848184818482
C54,tp_m32,32,512,8,16,False,28201,median,,c7_over_c10,0.9989406779661016
C54,tp_m32,32,512,8,16,False,28201,round,3,c7_over_c10,0.9957805907172996
C54,tp_m32,32,512,8,16,False,28201,round,4,c7_over_c10,0.9978290901914348
C54,tp_m32,32,512,8,16,False,28201,round,5,c7_over_c10,0.9978813559322034
C54,tp_m32,32,512,8,16,False,28201,round,5,frontier_over_candidate,0.9891540130151844
C54,batch_m128,128,512,8,16,False,28202,round,1,frontier_over_candidate,0.9983471074380166
C54,batch_m128,128,512,8,16,False,28202,round,2,c7_over_c10,0.9951219512195122
C54,batch_m128,128,512,8,16,False,28202,round,2,frontier_over_candidate,0.9932088285229203
C54,batch_m128,128,512,8,16,False,28202,round,4,c7_over_c10,0.9967948717948718
C54,qwen_decode_m8,8,512,10,8,False,28203,median,,frontier_over_candidate,0.9984567901234569
C54,qwen_decode_m8,8,512,10,8,False,28203,round,1,c7_over_c10,0.9942857142857143
C54,qwen_decode_m8,8,512,10,8,False,28203,round,1,frontier_over_candidate,0.9938650306748467
C54,qwen_decode_m8,8,512,10,8,False,28203,round,2,frontier_over_candidate,0.9969135802469138
C54,qwen_decode_m8,8,512,10,8,False,28203,round,3,frontier_over_candidate,0.9907407407407407
C54,qwen_batch_m128,128,512,10,8,False,28204,median,,c7_over_c10,0.9962686567164177
C54,qwen_batch_m128,128,512,10,8,False,28204,round,1,c7_over_c10,0.9962686567164177
C54,qwen_batch_m128,128,512,10,8,False,28204,round,2,frontier_over_candidate,0.9980314960629924
C54,qwen_batch_m128,128,512,10,8,False,28204,round,3,c7_over_c10,0.9891891891891894
C54,qwen_batch_m128,128,512,10,8,False,28204,round,4,c7_over_c10,0.9962686567164177
C54,qwen_batch_m128,128,512,10,8,False,28204,round,5,c7_over_c10,0.9962825278810411
C54,qwen_batch_m128,128,512,10,8,False,28204,round,6,c7_over_c10,0.9927667269439421
C54,qwen_batch_m128,128,512,10,8,False,28204,round,6,frontier_over_candidate,0.9942748091603053
C55,tp_m32,32,512,8,16,False,28201,round,5,frontier_over_candidate,0.9912663755458514
C55,tp_m32,32,512,8,16,False,28201,round,6,c7_over_c10,0.9936842105263158
C55,tp_m32,32,512,8,16,False,28201,round,6,frontier_over_candidate,0.997816593886463
C55,batch_m128,128,512,8,16,False,28202,round,1,frontier_over_candidate,0.9983388704318937
C55,batch_m128,128,512,8,16,False,28202,round,5,c7_over_c10,0.99673735725938
C55,qwen_decode_m8,8,512,10,8,False,28203,median,,frontier_over_candidate,0.9938176050147154
C55,qwen_decode_m8,8,512,10,8,False,28203,round,1,frontier_over_candidate,0.9877675840978595
C55,qwen_decode_m8,8,512,10,8,False,28203,round,2,frontier_over_candidate,0.9876543209876543
C55,qwen_decode_m8,8,512,10,8,False,28203,round,3,frontier_over_candidate,0.9938271604938271
C55,qwen_decode_m8,8,512,10,8,False,28203,round,4,c7_over_c10,0.9914772727272729
C55,qwen_decode_m8,8,512,10,8,False,28203,round,4,frontier_over_candidate,0.9969230769230769
C55,qwen_decode_m8,8,512,10,8,False,28203,round,5,c7_over_c10,0.9972082132564842
C55,qwen_decode_m8,8,512,10,8,False,28203,round,6,frontier_over_candidate,0.9938080495356035
C55,qwen_batch_m128,128,512,10,8,False,28204,median,,frontier_over_candidate,0.994100243647755
C55,qwen_batch_m128,128,512,10,8,False,28204,round,1,frontier_over_candidate,0.9921874999999999
C55,qwen_batch_m128,128,512,10,8,False,28204,round,2,c7_over_c10,0.9981273408239703
C55,qwen_batch_m128,128,512,10,8,False,28204,round,2,frontier_over_candidate,0.9941176470588238
C55,qwen_batch_m128,128,512,10,8,False,28204,round,3,c7_over_c10,0.9982322080291971
C55,qwen_batch_m128,128,512,10,8,False,28204,round,3,frontier_over_candidate,0.9904397705544933
C55,qwen_batch_m128,128,512,10,8,False,28204,round,4,frontier_over_candidate,0.9940828402366861
C55,qwen_batch_m128,128,512,10,8,False,28204,round,5,c7_over_c10,0.9981343283582089
C55,qwen_batch_m128,128,512,10,8,False,28204,round,6,frontier_over_candidate,0.9980916030534354
C55,qwen_m512,512,512,10,8,False,28205,median,,frontier_over_candidate,0.9872296022067364
C55,qwen_m512,512,512,10,8,False,28205,round,1,frontier_over_candidate,0.9647873194221508
C55,qwen_m512,512,512,10,8,False,28205,round,2,frontier_over_candidate,0.9295774647887322
C55,qwen_m512,512,512,10,8,False,28205,round,3,frontier_over_candidate,0.9950576606260298
C55,qwen_m512,512,512,10,8,False,28205,round,4,frontier_over_candidate,0.9825892857142857
C55,qwen_m512,512,512,10,8,False,28205,round,5,frontier_over_candidate,0.9918699186991872
C55,qwen_m512,512,512,10,8,False,28205,round,6,v53_over_c7,0.9974842767295596
C55,qwen_prefill_m16384,16384,512,10,8,False,28206,median,,frontier_over_candidate,0.9992903089806038
C55,qwen_prefill_m16384,16384,512,10,8,False,28206,round,1,frontier_over_candidate,0.9959985449254275
C55,qwen_prefill_m16384,16384,512,10,8,False,28206,round,4,frontier_over_candidate,0.9941965904969169
C55,qwen_prefill_m16384,16384,512,10,8,False,28206,round,5,frontier_over_candidate,0.9915441176470587
C58,tp_m32,32,512,8,16,False,28201,median,,c7_over_c10,0.9989429175475686
C58,tp_m32,32,512,8,16,False,28201,median,,frontier_over_candidate,0.9967201026583927
C58,tp_m32,32,512,8,16,False,28201,round,1,frontier_over_candidate,0.9978070175438597
C58,tp_m32,32,512,8,16,False,28201,round,2,c7_over_c10,0.9936575052854122
C58,tp_m32,32,512,8,16,False,28201,round,2,frontier_over_candidate,0.9934782608695654
C58,tp_m32,32,512,8,16,False,28201,round,3,frontier_over_candidate,0.9934210526315789
C58,tp_m32,32,512,8,16,False,28201,round,4,frontier_over_candidate,0.9956331877729258
C58,tp_m32,32,512,8,16,False,28201,round,5,c7_over_c10,0.9978858350951373
C58,tp_m32,32,512,8,16,False,28201,round,6,c7_over_c10,0.995798319327731
C58,batch_m128,128,512,8,16,False,28202,round,2,c7_over_c10,0.996742671009772
C58,batch_m128,128,512,8,16,False,28202,round,2,frontier_over_candidate,0.9966044142614603
C58,batch_m128,128,512,8,16,False,28202,round,3,c7_over_c10,0.9999489405157009
C58,batch_m128,128,512,8,16,False,28202,round,4,frontier_over_candidate,0.9966832504145937
C58,batch_m128,128,512,8,16,False,28202,round,6,c7_over_c10,0.9934959349593496
C58,qwen_decode_m8,8,512,10,8,False,28203,round,5,c7_over_c10,0.9971181556195967
C58,qwen_decode_m8,8,512,10,8,False,28203,round,6,frontier_over_candidate,0.9938271604938271
C58,qwen_batch_m128,128,512,10,8,False,28204,median,,frontier_over_candidate,0.9990421455938697
C58,qwen_batch_m128,128,512,10,8,False,28204,round,3,frontier_over_candidate,0.9980842911877394
C58,qwen_batch_m128,128,512,10,8,False,28204,round,4,frontier_over_candidate,0.9941060903732809
C58,qwen_batch_m128,128,512,10,8,False,28204,round,5,c7_over_c10,0.9907235621521334
C58,qwen_batch_m128,128,512,10,8,False,28204,round,6,c7_over_c10,0.9927797833935018
C58,qwen_batch_m128,128,512,10,8,False,28204,round,6,frontier_over_candidate,0.9885931558935359
C58,qwen_m512,512,512,10,8,False,28205,round,1,c10_over_candidate,0.9910379129129131
C58,qwen_m512,512,512,10,8,False,28205,round,1,frontier_over_candidate,0.936936936936937
C58,qwen_m512,512,512,10,8,False,28205,round,2,frontier_over_candidate,0.9504792332268371
C58,qwen_prefill_m16384,16384,512,10,8,False,28206,median,,frontier_over_candidate,0.9945111503843275
C58,qwen_prefill_m16384,16384,512,10,8,False,28206,round,1,frontier_over_candidate,0.992753623188406
C58,qwen_prefill_m16384,16384,512,10,8,False,28206,round,2,frontier_over_candidate,0.9952425715333824
C58,qwen_prefill_m16384,16384,512,10,8,False,28206,round,3,frontier_over_candidate,0.9977908689248894
C58,qwen_prefill_m16384,16384,512,10,8,False,28206,round,4,frontier_over_candidate,0.9920003631040861
C58,qwen_prefill_m16384,16384,512,10,8,False,28206,round,5,frontier_over_candidate,0.9937797292352726
C59,tp_m32,32,512,8,16,False,28201,round,3,c7_over_c10,0.9978902953586499
C59,tp_m32,32,512,8,16,False,28201,round,4,frontier_over_candidate,0.9978213507625273
C59,tp_m32,32,512,8,16,False,28201,round,5,c7_over_c10,0.9957537154989385
C59,tp_m32,32,512,8,16,False,28201,round,6,frontier_over_candidate,0.9978021978021977
C59,batch_m128,128,512,8,16,False,28202,round,2,c7_over_c10,0.993485342019544
C59,batch_m128,128,512,8,16,False,28202,round,2,frontier_over_candidate,0.9966044142614603
C59,batch_m128,128,512,8,16,False,28202,round,3,c7_over_c10,0.9951298701298703
C59,batch_m128,128,512,8,16,False,28202,round,3,frontier_over_candidate,0.9949409780775719
C59,qwen_decode_m8,8,512,10,8,False,28203,median,,frontier_over_candidate,0.9938079901848017
C59,qwen_decode_m8,8,512,10,8,False,28203,round,1,frontier_over_candidate,0.9907692307692307
C59,qwen_decode_m8,8,512,10,8,False,28203,round,2,frontier_over_candidate,0.9938271604938271
C59,qwen_decode_m8,8,512,10,8,False,28203,round,3,frontier_over_candidate,0.9937888198757763
C59,qwen_decode_m8,8,512,10,8,False,28203,round,4,frontier_over_candidate,0.9877300613496932
C59,qwen_decode_m8,8,512,10,8,False,28203,round,6,frontier_over_candidate,0.9969040247678017
C59,qwen_batch_m128,128,512,10,8,False,28204,median,,frontier_over_candidate,0.9980295088332363
C59,qwen_batch_m128,128,512,10,8,False,28204,round,1,c7_over_c10,0.9962686567164177
C59,qwen_batch_m128,128,512,10,8,False,28204,round,2,frontier_over_candidate,0.9921568627450981
C59,qwen_batch_m128,128,512,10,8,False,28204,round,3,c7_over_c10,0.9891696750902526
C59,qwen_batch_m128,128,512,10,8,False,28204,round,4,frontier_over_candidate,0.998019801980198
C59,qwen_batch_m128,128,512,10,8,False,28204,round,5,c7_over_c10,0.990791896869245
C59,qwen_batch_m128,128,512,10,8,False,28204,round,5,frontier_over_candidate,0.9980392156862745
C59,qwen_batch_m128,128,512,10,8,False,28204,round,6,frontier_over_candidate,0.9866666666666667
C59,qwen_m512,512,512,10,8,False,28205,median,,frontier_over_candidate,0.9915803199865031
C59,qwen_m512,512,512,10,8,False,28205,round,1,frontier_over_candidate,0.9923518164435944
C59,qwen_m512,512,512,10,8,False,28205,round,2,frontier_over_candidate,0.9908088235294118
C59,qwen_m512,512,512,10,8,False,28205,round,4,frontier_over_candidate,0.968283582089552
C59,qwen_m512,512,512,10,8,False,28205,round,5,frontier_over_candidate,0.9981651376146788
C59,qwen_m512,512,512,10,8,False,28205,round,6,frontier_over_candidate,0.9903288201160542
C59,qwen_prefill_m16384,16384,512,10,8,False,28206,median,,frontier_over_candidate,0.9999993676098291
C59,qwen_prefill_m16384,16384,512,10,8,False,28206,round,2,frontier_over_candidate,0.9992054032578463
C59,qwen_prefill_m16384,16384,512,10,8,False,28206,round,4,frontier_over_candidate,0.9996017522899244
C59,qwen_prefill_m16384,16384,512,10,8,False,28206,round,6,frontier_over_candidate,0.9916666666666667
C60,tp_m32,32,512,8,16,False,28201,median,,c7_over_c10,0.9978991596638656
C60,tp_m32,32,512,8,16,False,28201,round,1,c7_over_c10,0.9957894736842107
C60,tp_m32,32,512,8,16,False,28201,round,2,frontier_over_candidate,0.9956331877729258
C60,tp_m32,32,512,8,16,False,28201,round,3,c7_over_c10,0.995798319327731
C60,tp_m32,32,512,8,16,False,28201,round,6,c7_over_c10,0.9957805907172996
C60,batch_m128,128,512,8,16,False,28202,round,4,frontier_over_candidate,0.9933774834437086
C60,qwen_decode_m8,8,512,10,8,False,28203,round,1,frontier_over_candidate,0.9876543209876543
C60,qwen_decode_m8,8,512,10,8,False,28203,round,3,c7_over_c10,0.9971181556195967
C60,qwen_batch_m128,128,512,10,8,False,28204,median,,c7_over_c10,0.9925581330951937
C60,qwen_batch_m128,128,512,10,8,False,28204,median,,frontier_over_candidate,0.9990421455938697
C60,qwen_batch_m128,128,512,10,8,False,28204,round,1,c7_over_c10,0.9981308411214951
C60,qwen_batch_m128,128,512,10,8,False,28204,round,1,frontier_over_candidate,0.9901768172888016
C60,qwen_batch_m128,128,512,10,8,False,28204,round,2,c7_over_c10,0.9925650557620818
C60,qwen_batch_m128,128,512,10,8,False,28204,round,3,c7_over_c10,0.9981981981981984
C60,qwen_batch_m128,128,512,10,8,False,28204,round,3,frontier_over_candidate,0.9980842911877394
C60,qwen_batch_m128,128,512,10,8,False,28204,round,4,c7_over_c10,0.9925373134328358
C60,qwen_batch_m128,128,512,10,8,False,28204,round,5,c7_over_c10,0.9925512104283056
C60,qwen_batch_m128,128,512,10,8,False,28204,round,6,c7_over_c10,0.9909090909090909
C60,qwen_batch_m128,128,512,10,8,False,28204,round,6,frontier_over_candidate,0.9829222011385199
C60,qwen_m512,512,512,10,8,False,28205,median,,frontier_over_candidate,0.9981684981684982
C60,qwen_m512,512,512,10,8,False,28205,round,4,frontier_over_candidate,0.9812382739212008
C60,qwen_m512,512,512,10,8,False,28205,round,5,frontier_over_candidate,0.9963369963369964
C60,qwen_m512,512,512,10,8,False,28205,round,6,frontier_over_candidate,0.9942418426103646
C60,qwen_m512,512,512,10,8,False,28205,round,6,v53_over_c7,0.9949937421777222
C60,qwen_prefill_m16384,16384,512,10,8,False,28206,round,3,frontier_over_candidate,0.9968127490039839
C60,qwen_prefill_m16384,16384,512,10,8,False,28206,round,5,frontier_over_candidate,0.9992054032578463
C61,tp_m32,32,512,8,16,False,28201,median,,frontier_over_candidate,0.9999609279609278
C61,tp_m32,32,512,8,16,False,28201,round,1,c7_over_c10,0.9957805907172996
C61,tp_m32,32,512,8,16,False,28201,round,2,frontier_over_candidate,0.9978021978021977
C61,tp_m32,32,512,8,16,False,28201,round,4,c7_over_c10,0.9957805907172996
C61,tp_m32,32,512,8,16,False,28201,round,5,frontier_over_candidate,0.9956236323851202
C61,tp_m32,32,512,8,16,False,28201,round,6,frontier_over_candidate,0.9956331877729258
C61,batch_m128,128,512,8,16,False,28202,median,,c7_over_c10,0.998383057263563
C61,batch_m128,128,512,8,16,False,28202,round,3,c7_over_c10,0.987012987012987
C61,batch_m128,128,512,8,16,False,28202,round,4,c7_over_c10,0.9983974358974361
C61,batch_m128,128,512,8,16,False,28202,round,5,c7_over_c10,0.9950980392156863
C61,batch_m128,128,512,8,16,False,28202,round,5,frontier_over_candidate,0.9966216216216218
C61,batch_m128,128,512,8,16,False,28202,round,6,c7_over_c10,0.9983686786296899
C61,batch_m128,128,512,8,16,False,28202,round,6,frontier_over_candidate,0.9949238578680203
C61,qwen_decode_m8,8,512,10,8,False,28203,round,1,c7_over_c10,0.9914772727272729
C61,qwen_decode_m8,8,512,10,8,False,28203,round,1,frontier_over_candidate,0.9969230769230769
C61,qwen_decode_m8,8,512,10,8,False,28203,round,3,c7_over_c10,0.9971181556195967
C61,qwen_decode_m8,8,512,10,8,False,28203,round,5,c7_over_c10,0.9914040114613181
C61,qwen_decode_m8,8,512,10,8,False,28203,round,6,frontier_over_candidate,0.9967973602484472
C61,qwen_batch_m128,128,512,10,8,False,28204,median,,frontier_over_candidate,0.9990118577075099
C61,qwen_batch_m128,128,512,10,8,False,28204,round,1,frontier_over_candidate,0.9960474308300395
C61,qwen_batch_m128,128,512,10,8,False,28204,round,2,c7_over_c10,0.9944547134935303
C61,qwen_batch_m128,128,512,10,8,False,28204,round,2,frontier_over_candidate,0.9980237154150198
C61,qwen_batch_m128,128,512,10,8,False,28204,round,4,c7_over_c10,0.9981343283582089
C61,qwen_batch_m128,128,512,10,8,False,28204,round,5,frontier_over_candidate,0.9882352941176471
C61,qwen_batch_m128,128,512,10,8,False,28204,round,6,c7_over_c10,0.9945652173913045
C61,qwen_m512,512,512,10,8,False,28205,median,,frontier_over_candidate,0.9991394770334374
C61,qwen_m512,512,512,10,8,False,28205,round,2,frontier_over_candidate,0.9944029850746269
C61,qwen_m512,512,512,10,8,False,28205,round,4,frontier_over_candidate,0.9811320754716977
C61,qwen_m512,512,512,10,8,False,28205,round,6,frontier_over_candidate,0.9883495145631068
C61,qwen_prefill_m16384,16384,512,10,8,False,28206,median,,frontier_over_candidate,0.9998007968127489
C61,qwen_prefill_m16384,16384,512,10,8,False,28206,round,1,frontier_over_candidate,0.9996015936254978
C61,qwen_prefill_m16384,16384,512,10,8,False,28206,round,2,frontier_over_candidate,0.9996011168727563
C61,qwen_prefill_m16384,16384,512,10,8,False,28206,round,3,frontier_over_candidate,0.9976190476190478
C62,tp_m32,32,512,8,16,False,28201,median,,c7_over_c10,0.9989823386514345
C62,tp_m32,32,512,8,16,False,28201,median,,frontier_over_candidate,0.9967201026583927
C62,tp_m32,32,512,8,16,False,28201,round,1,frontier_over_candidate,0.9956331877729258
C62,tp_m32,32,512,8,16,False,28201,round,2,frontier_over_candidate,0.9978070175438597
C62,tp_m32,32,512,8,16,False,28201,round,3,c7_over_c10,0.9916142557651992
C62,tp_m32,32,512,8,16,False,28201,round,3,frontier_over_candidate,0.9956043956043955
C62,tp_m32,32,512,8,16,False,28201,round,4,c7_over_c10,0.9979646773028691
C62,tp_m32,32,512,8,16,False,28201,round,4,frontier_over_candidate,0.9956236323851202
C62,tp_m32,32,512,8,16,False,28201,round,6,c7_over_c10,0.9978768577494692
C62,batch_m128,128,512,8,16,False,28202,median,,c7_over_c10,0.999184339314845
C62,batch_m128,128,512,8,16,False,28202,round,2,c7_over_c10,0.9983686786296899
C62,batch_m128,128,512,8,16,False,28202,round,2,frontier_over_candidate,0.9949238578680203
C62,batch_m128,128,512,8,16,False,28202,round,3,c7_over_c10,0.996742671009772
C62,batch_m128,128,512,8,16,False,28202,round,4,c7_over_c10,0.9967948717948718
C62,qwen_decode_m8,8,512,10,8,False,28203,median,,frontier_over_candidate,0.9968944099378881
C62,qwen_decode_m8,8,512,10,8,False,28203,round,1,c7_over_c10,0.9971346704871058
C62,qwen_decode_m8,8,512,10,8,False,28203,round,3,frontier_over_candidate,0.9937307098765431
C62,qwen_decode_m8,8,512,10,8,False,28203,round,4,c7_over_c10,0.9971346704871058
C62,qwen_decode_m8,8,512,10,8,False,28203,round,4,frontier_over_candidate,0.9907692307692307
C62,qwen_decode_m8,8,512,10,8,False,28203,round,5,frontier_over_candidate,0.9937888198757763
C62,qwen_batch_m128,128,512,10,8,False,28204,median,,c7_over_c10,0.9972273567467651
C62,qwen_batch_m128,128,512,10,8,False,28204,median,,frontier_over_candidate,0.9951897321428571
C62,qwen_batch_m128,128,512,10,8,False,28204,round,2,c7_over_c10,0.9944547134935303
C62,qwen_batch_m128,128,512,10,8,False,28204,round,2,frontier_over_candidate,0.99609375
C62,qwen_batch_m128,128,512,10,8,False,28204,round,3,frontier_over_candidate,0.9923076923076926
C62,qwen_batch_m128,128,512,10,8,False,28204,round,4,frontier_over_candidate,0.9921259842519685
C62,qwen_batch_m128,128,512,10,8,False,28204,round,5,c7_over_c10,0.9907235621521334
C62,qwen_batch_m128,128,512,10,8,False,28204,round,5,frontier_over_candidate,0.9980353634577603
C62,qwen_batch_m128,128,512,10,8,False,28204,round,6,c7_over_c10,0.9909255898366606
C62,qwen_batch_m128,128,512,10,8,False,28204,round,6,frontier_over_candidate,0.9942857142857143
C62,qwen_m512,512,512,10,8,False,28205,median,,frontier_over_candidate,0.9894620091084011
C62,qwen_m512,512,512,10,8,False,28205,round,1,frontier_over_candidate,0.9813780260707637
C62,qwen_m512,512,512,10,8,False,28205,round,2,frontier_over_candidate,0.98348623853211
C62,qwen_m512,512,512,10,8,False,28205,round,3,frontier_over_candidate,0.9884615384615385
C62,qwen_m512,512,512,10,8,False,28205,round,5,frontier_over_candidate,0.9981684981684982
C62,qwen_m512,512,512,10,8,False,28205,round,6,frontier_over_candidate,0.9904624797552637
C62,qwen_prefill_m16384,16384,512,10,8,False,28206,median,,frontier_over_candidate,0.993064038758813
C62,qwen_prefill_m16384,16384,512,10,8,False,28206,round,1,frontier_over_candidate,0.9932539682539683
C62,qwen_prefill_m16384,16384,512,10,8,False,28206,round,3,frontier_over_candidate,0.9928741092636578
C62,qwen_prefill_m16384,16384,512,10,8,False,28206,round,4,frontier_over_candidate,0.9920697858842189
C62,qwen_prefill_m16384,16384,512,10,8,False,28206,round,5,frontier_over_candidate,0.9992050874403816
C62,qwen_prefill_m16384,16384,512,10,8,False,28206,round,6,frontier_over_candidate,0.9916798732171157
C63,tp_m32,32,512,8,16,False,28201,median,,c7_over_c10,0.995752068065734
C63,tp_m32,32,512,8,16,False,28201,round,2,c7_over_c10,0.9978947368421053
C63,tp_m32,32,512,8,16,False,28201,round,3,c7_over_c10,0.9873949579831931
C63,tp_m32,32,512,8,16,False,28201,round,4,c7_over_c10,0.9957146624472574
C63,tp_m32,32,512,8,16,False,28201,round,4,frontier_over_candidate,0.9956521739130435
C63,tp_m32,32,512,8,16,False,28201,round,5,c7_over_c10,0.9957894736842107
C63,tp_m32,32,512,8,16,False,28201,round,5,frontier_over_candidate,0.9956521739130435
C63,tp_m32,32,512,8,16,False,28201,round,6,c7_over_c10,0.9936575052854122
C63,batch_m128,128,512,8,16,False,28202,median,,c7_over_c10,0.9983922829581994
C63,batch_m128,128,512,8,16,False,28202,median,,frontier_over_candidate,0.9966216216216218
C63,batch_m128,128,512,8,16,False,28202,round,1,c7_over_c10,0.9967845659163987
C63,batch_m128,128,512,8,16,False,28202,round,1,frontier_over_candidate,0.9950248756218906
C63,batch_m128,128,512,8,16,False,28202,round,3,frontier_over_candidate,0.9966216216216218
C63,batch_m128,128,512,8,16,False,28202,round,5,c7_over_c10,0.996742671009772
C63,batch_m128,128,512,8,16,False,28202,round,5,frontier_over_candidate,0.9932546374367622
C63,batch_m128,128,512,8,16,False,28202,round,6,c7_over_c10,0.996742671009772
C63,batch_m128,128,512,8,16,False,28202,round,6,frontier_over_candidate,0.9966216216216218
C63,qwen_decode_m8,8,512,10,8,False,28203,round,1,frontier_over_candidate,0.9878787878787879
C63,qwen_decode_m8,8,512,10,8,False,28203,round,2,c7_over_c10,0.9942528735632186
C63,qwen_decode_m8,8,512,10,8,False,28203,round,3,c7_over_c10,0.9971264367816092
C63,qwen_decode_m8,8,512,10,8,False,28203,round,4,frontier_over_candidate,0.9969135802469138
C63,qwen_batch_m128,128,512,10,8,False,28204,round,1,c7_over_c10,0.9962546816479403
C63,qwen_batch_m128,128,512,10,8,False,28204,round,1,frontier_over_candidate,0.9940711462450593
C63,qwen_batch_m128,128,512,10,8,False,28204,round,2,c7_over_c10,0.9944237918215614
C63,qwen_batch_m128,128,512,10,8,False,28204,round,3,frontier_over_candidate,0.9904214559386973
C63,qwen_batch_m128,128,512,10,8,False,28204,round,5,c7_over_c10,0.988909426987061
C63,qwen_m512,512,512,10,8,False,28205,median,,frontier_over_candidate,0.9932374025535402
C63,qwen_m512,512,512,10,8,False,28205,round,1,frontier_over_candidate,0.9646840148698884
C63,qwen_m512,512,512,10,8,False,28205,round,3,frontier_over_candidate,0.9980769230769231
C63,qwen_m512,512,512,10,8,False,28205,round,3,v53_over_c7,0.9837905236907732
C63,qwen_m512,512,512,10,8,False,28205,round,4,frontier_over_candidate,0.9961087164750957
C63,qwen_m512,512,512,10,8,False,28205,round,5,frontier_over_candidate,0.9872262773722628
C63,qwen_m512,512,512,10,8,False,28205,round,6,frontier_over_candidate,0.9903660886319848
C64,tp_m32,32,512,8,16,False,28201,median,,frontier_over_candidate,0.9936658002594734
C64,tp_m32,32,512,8,16,False,28201,round,1,frontier_over_candidate,0.9916142557651992
C64,tp_m32,32,512,8,16,False,28201,round,2,frontier_over_candidate,0.997854077253219
C64,tp_m32,32,512,8,16,False,28201,round,3,frontier_over_candidate,0.9957173447537474
C64,tp_m32,32,512,8,16,False,28201,round,4,c7_over_c10,0.9937888198757764
C64,tp_m32,32,512,8,16,False,28201,round,4,frontier_over_candidate,0.9852631578947368
C64,tp_m32,32,512,8,16,False,28201,round,5,frontier_over_candidate,0.9872068230277184
C64,batch_m128,128,512,8,16,False,28202,round,3,c7_over_c10,0.9920508744038156
C64,batch_m128,128,512,8,16,False,28202,round,5,frontier_over_candidate,0.9983660130718954
C64,batch_m128,128,512,8,16,False,28202,round,6,c7_over_c10,0.9952229299363057
C64,batch_m128,128,512,8,16,False,28202,round,6,frontier_over_candidate,0.9983525535420099
C64,qwen_decode_m8,8,512,10,8,False,28203,median,,c7_over_c10,0.9882438429398177
C64,qwen_decode_m8,8,512,10,8,False,28203,round,1,c7_over_c10,0.9969879518072289
C64,qwen_decode_m8,8,512,10,8,False,28203,round,2,c7_over_c10,0.9853372434017593
C64,qwen_decode_m8,8,512,10,8,False,28203,round,4,c7_over_c10,0.9851632047477746
C64,qwen_decode_m8,8,512,10,8,False,28203,round,5,c7_over_c10,0.991150442477876
C64,qwen_decode_m8,8,512,10,8,False,28203,round,5,frontier_over_candidate,0.9935483870967742
C64,qwen_decode_m8,8,512,10,8,False,28203,round,6,c7_over_c10,0.9768786127167628
C64,qwen_decode_m8,8,512,10,8,False,28203,round,6,frontier_over_candidate,0.9967741935483873
C64,qwen_batch_m128,128,512,10,8,False,28204,median,,c7_over_c10,0.9991007194244604
C64,qwen_batch_m128,128,512,10,8,False,28204,round,1,c7_over_c10,0.9982014388489209
C64,qwen_batch_m128,128,512,10,8,False,28204,round,2,c7_over_c10,0.9963570127504552
C64,qwen_batch_m128,128,512,10,8,False,28204,round,4,frontier_over_candidate,0.9962264150943396
C64,qwen_batch_m128,128,512,10,8,False,28204,round,5,c7_over_c10,0.9963636363636361
C64,qwen_batch_m128,128,512,10,8,False,28204,round,5,frontier_over_candidate,0.9981132075471696
C64,qwen_batch_m128,128,512,10,8,False,28204,round,6,frontier_over_candidate,0.9980468749999998
C64,qwen_m512,512,512,10,8,False,28205,round,2,frontier_over_candidate,0.9980916030534351
C64,qwen_prefill_m16384,16384,512,10,8,False,28206,median,,frontier_over_candidate,0.9829767518728949
C64,qwen_prefill_m16384,16384,512,10,8,False,28206,round,1,frontier_over_candidate,0.9830849778493757
C64,qwen_prefill_m16384,16384,512,10,8,False,28206,round,2,frontier_over_candidate,0.9828685258964143
C64,qwen_prefill_m16384,16384,512,10,8,False,28206,round,3,frontier_over_candidate,0.9779382270357001
C64,qwen_prefill_m16384,16384,512,10,8,False,28206,round,4,frontier_over_candidate,0.9867256637168141
C64,qwen_prefill_m16384,16384,512,10,8,False,28206,round,5,frontier_over_candidate,0.9908036785285886
C64,qwen_prefill_m16384,16384,512,10,8,False,28206,round,6,frontier_over_candidate,0.9767628205128206
C67,tp_m32,32,512,8,16,False,28201,round,1,frontier_over_candidate,0.995798319327731
C67,tp_m32,32,512,8,16,False,28201,round,3,c7_over_c10,0.9979209979209981
C67,tp_m32,32,512,8,16,False,28201,round,4,frontier_over_candidate,0.989429175475687
C67,tp_m32,32,512,8,16,False,28201,round,5,c7_over_c10,0.9896694214876034
C67,batch_m128,128,512,8,16,False,28202,median,,c7_over_c10,0.9984126984126984
C67,batch_m128,128,512,8,16,False,28202,round,1,c7_over_c10,0.9967741935483871
C67,batch_m128,128,512,8,16,False,28202,round,1,frontier_over_candidate,0.9966666666666667
C67,batch_m128,128,512,8,16,False,28202,round,2,c7_over_c10,0.9968253968253968
C67,batch_m128,128,512,8,16,False,28202,round,3,frontier_over_candidate,0.9983498349834985
C67,batch_m128,128,512,8,16,False,28202,round,4,c7_over_c10,0.9919743178170143
C67,qwen_decode_m8,8,512,10,8,False,28203,round,3,c7_over_c10,0.9882352941176469
C67,qwen_decode_m8,8,512,10,8,False,28203,round,5,frontier_over_candidate,0.9935483870967742
C67,qwen_decode_m8,8,512,10,8,False,28203,round,6,c7_over_c10,0.9970501474926252
C67,qwen_batch_m128,128,512,10,8,False,28204,median,,c7_over_c10,0.9981818181818181
C67,qwen_batch_m128,128,512,10,8,False,28204,median,,frontier_over_candidate,0.9990583804143126
C67,qwen_batch_m128,128,512,10,8,False,28204,round,1,frontier_over_candidate,0.9962264150943396
C67,qwen_batch_m128,128,512,10,8,False,28204,round,2,c7_over_c10,0.9963636363636361
C67,qwen_batch_m128,128,512,10,8,False,28204,round,4,c7_over_c10,0.9875000000000002
C67,qwen_batch_m128,128,512,10,8,False,28204,round,4,frontier_over_candidate,0.9981167608286252
C67,qwen_batch_m128,128,512,10,8,False,28204,round,5,frontier_over_candidate,0.9961904761904762
C67,qwen_batch_m128,128,512,10,8,False,28204,round,6,c7_over_c10,0.9925925925925926
C67,qwen_m512,512,512,10,8,False,28205,round,5,frontier_over_candidate,0.9961612284069096
C67,qwen_prefill_m16384,16384,512,10,8,False,28206,median,,frontier_over_candidate,0.9987945817013206
C67,qwen_prefill_m16384,16384,512,10,8,False,28206,round,1,frontier_over_candidate,0.9926948051948051
C67,qwen_prefill_m16384,16384,512,10,8,False,28206,round,3,frontier_over_candidate,0.9947154471544716
C67,qwen_prefill_m16384,16384,512,10,8,False,28206,round,5,frontier_over_candidate,0.9967754937525192
C68,tp_m32,32,512,8,16,False,28201,median,,c7_over_c10,0.9958071094546606
C68,tp_m32,32,512,8,16,False,28201,round,2,c7_over_c10,0.9915966386554621
C68,tp_m32,32,512,8,16,False,28201,round,3,c7_over_c10,0.99581589958159
C68,tp_m32,32,512,8,16,False,28201,round,3,frontier_over_candidate,0.9978213507625273
C68,tp_m32,32,512,8,16,False,28201,round,4,c7_over_c10,0.995798319327731
C68,tp_m32,32,512,8,16,False,28201,round,4,frontier_over_candidate,0.9978118161925601
C68,tp_m32,32,512,8,16,False,28201,round,5,c7_over_c10,0.995798319327731
C68,batch_m128,128,512,8,16,False,28202,median,,c7_over_c10,0.9991896272285252
C68,batch_m128,128,512,8,16,False,28202,median,,frontier_over_candidate,0.9966897244164374
C68,batch_m128,128,512,8,16,False,28202,round,2,c7_over_c10,0.9935064935064934
C68,batch_m128,128,512,8,16,False,28202,round,3,frontier_over_candidate,0.9949579831932771
C68,batch_m128,128,512,8,16,False,28202,round,4,frontier_over_candidate,0.9950657894736844
C68,batch_m128,128,512,8,16,False,28202,round,5,c7_over_c10,0.9983766233766234
C68,batch_m128,128,512,8,16,False,28202,round,5,frontier_over_candidate,0.9949494949494949
C68,batch_m128,128,512,8,16,False,28202,round,6,c7_over_c10,0.9983792544570504
C68,batch_m128,128,512,8,16,False,28202,round,6,frontier_over_candidate,0.9983136593591906
C68,qwen_decode_m8,8,512,10,8,False,28203,median,,c7_over_c10,0.9957303572010028
C68,qwen_decode_m8,8,512,10,8,False,28203,round,1,c7_over_c10,0.9943342776203964
C68,qwen_decode_m8,8,512,10,8,False,28203,round,2,c7_over_c10,0.9942857142857143
C68,qwen_decode_m8,8,512,10,8,False,28203,round,4,c7_over_c10,0.9942857142857143
C68,qwen_decode_m8,8,512,10,8,False,28203,round,6,c7_over_c10,0.9971264367816092
C68,qwen_batch_m128,128,512,10,8,False,28204,round,1,frontier_over_candidate,0.9921259842519685
C68,qwen_batch_m128,128,512,10,8,False,28204,round,3,c7_over_c10,0.9981949458483754
C68,qwen_batch_m128,128,512,10,8,False,28204,round,4,c7_over_c10,0.9962825278810411
C68,qwen_batch_m128,128,512,10,8,False,28204,round,6,frontier_over_candidate,0.9867424242424242
C68,qwen_m512,512,512,10,8,False,28205,median,,frontier_over_candidate,0.9962643678160918
C68,qwen_m512,512,512,10,8,False,28205,round,1,frontier_over_candidate,0.9980842911877394
C68,qwen_m512,512,512,10,8,False,28205,round,2,frontier_over_candidate,0.9830188679245283
C68,qwen_m512,512,512,10,8,False,28205,round,3,frontier_over_candidate,0.9941747572815534
C68,qwen_m512,512,512,10,8,False,28205,round,5,frontier_over_candidate,0.9944444444444442
C68,qwen_prefill_m16384,16384,512,10,8,False,28206,round,2,frontier_over_candidate,0.9968441814595661
C69,tp_m32,32,512,8,16,False,28201,median,,c7_over_c10,0.9978991503917025
C69,tp_m32,32,512,8,16,False,28201,round,2,c7_over_c10,0.9916142557651992
C69,tp_m32,32,512,8,16,False,28201,round,2,frontier_over_candidate,0.9956427015250547
C69,tp_m32,32,512,8,16,False,28201,round,3,c7_over_c10,0.9979035639412999
C69,tp_m32,32,512,8,16,False,28201,round,3,frontier_over_candidate,0.9978308026030369
C69,tp_m32,32,512,8,16,False,28201,round,4,c7_over_c10,0.9978947368421053
C69,tp_m32,32,512,8,16,False,28201,round,5,c7_over_c10,0.995798319327731
C69,tp_m32,32,512,8,16,False,28201,round,6,frontier_over_candidate,0.9891540130151844
C69,batch_m128,128,512,8,16,False,28202,round,1,c7_over_c10,0.9984
C69,batch_m128,128,512,8,16,False,28202,round,2,c7_over_c10,0.995121951219512
C69,batch_m128,128,512,8,16,False,28202,round,4,c7_over_c10,0.9951845906902085
C69,batch_m128,128,512,8,16,False,28202,round,4,frontier_over_candidate,0.9983498349834985
C69,batch_m128,128,512,8,16,False,28202,round,6,frontier_over_candidate,0.9966329966329966
C69,qwen_decode_m8,8,512,10,8,False,28203,median,,c7_over_c10,0.9957424764864907
C69,qwen_decode_m8,8,512,10,8,False,28203,round,1,c7_over_c10,0.9943502824858756
C69,qwen_decode_m8,8,512,10,8,False,28203,round,2,c7_over_c10,0.9942857142857143
C69,qwen_decode_m8,8,512,10,8,False,28203,round,3,c7_over_c10,0.9971346704871058
C69,qwen_decode_m8,8,512,10,8,False,28203,round,3,frontier_over_candidate,0.9938271604938271
C69,qwen_decode_m8,8,512,10,8,False,28203,round,4,c7_over_c10,0.9915014164305948
C69,qwen_decode_m8,8,512,10,8,False,28203,round,4,frontier_over_candidate,0.9878048780487805
C69,qwen_batch_m128,128,512,10,8,False,28204,median,,frontier_over_candidate,0.9961767726379711
C69,qwen_batch_m128,128,512,10,8,False,28204,round,1,frontier_over_candidate,0.9980353634577603
C69,qwen_batch_m128,128,512,10,8,False,28204,round,2,frontier_over_candidate,0.9980392156862745
C69,qwen_batch_m128,128,512,10,8,False,28204,round,3,c7_over_c10,0.9892473118279568
C69,qwen_batch_m128,128,512,10,8,False,28204,round,3,frontier_over_candidate,0.9943181818181818
C69,qwen_batch_m128,128,512,10,8,False,28204,round,4,c7_over_c10,0.9907407407407407
C69,qwen_batch_m128,128,512,10,8,False,28204,round,5,c7_over_c10,0.9981549815498157
C69,qwen_batch_m128,128,512,10,8,False,28204,round,5,frontier_over_candidate,0.9844357976653696
C69,qwen_batch_m128,128,512,10,8,False,28204,round,6,frontier_over_candidate,0.9866920152091253
C69,qwen_m512,512,512,10,8,False,28205,round,2,frontier_over_candidate,0.9837251356238698
C69,qwen_m512,512,512,10,8,False,28205,round,5,frontier_over_candidate,0.9945553539019961
C69,qwen_m512,512,512,10,8,False,28205,round,6,frontier_over_candidate,0.9942418426103646
C69,qwen_prefill_m16384,16384,512,10,8,False,28206,median,,frontier_over_candidate,0.9933017282211857
C69,qwen_prefill_m16384,16384,512,10,8,False,28206,round,1,frontier_over_candidate,0.9940688018979835
C69,qwen_prefill_m16384,16384,512,10,8,False,28206,round,2,frontier_over_candidate,0.99332548095799
C69,qwen_prefill_m16384,16384,512,10,8,False,28206,round,3,frontier_over_candidate,0.9956507731958765
C69,qwen_prefill_m16384,16384,512,10,8,False,28206,round,4,frontier_over_candidate,0.9909377462568951
C69,qwen_prefill_m16384,16384,512,10,8,False,28206,round,5,frontier_over_candidate,0.9913522012578615
C69,qwen_prefill_m16384,16384,512,10,8,False,28206,round,6,frontier_over_candidate,0.9932779754843813
C70,tp_m32,32,512,8,16,False,28201,round,2,c7_over_c10,0.9978902953586499
C70,tp_m32,32,512,8,16,False,28201,round,5,c7_over_c10,0.9916492693110646
C70,batch_m128,128,512,8,16,False,28202,round,1,c7_over_c10,0.9983974358974361
C70,batch_m128,128,512,8,16,False,28202,round,1,frontier_over_candidate,0.9983471074380166
C70,batch_m128,128,512,8,16,False,28202,round,5,frontier_over_candidate,0.9966216216216218
C70,batch_m128,128,512,8,16,False,28202,round,6,c7_over_c10,0.9967532467532467
C70,qwen_decode_m8,8,512,10,8,False,28203,median,,frontier_over_candidate,0.9969512195121951
C70,qwen_decode_m8,8,512,10,8,False,28203,round,1,c7_over_c10,0.9915254237288136
C70,qwen_decode_m8,8,512,10,8,False,28203,round,1,frontier_over_candidate,0.9818181818181818
C70,qwen_decode_m8,8,512,10,8,False,28203,round,2,c7_over_c10,0.9942857142857143
C70,qwen_decode_m8,8,512,10,8,False,28203,round,4,frontier_over_candidate,0.9939024390243902
C70,qwen_decode_m8,8,512,10,8,False,28203,round,6,frontier_over_candidate,0.9938271604938271
C70,qwen_batch_m128,128,512,10,8,False,28204,round,3,c7_over_c10,0.9981916817359854
C70,qwen_batch_m128,128,512,10,8,False,28204,round,4,frontier_over_candidate,0.9980276134122286
C70,qwen_batch_m128,128,512,10,8,False,28204,round,6,c7_over_c10,0.9963833634719711
C70,qwen_m512,512,512,10,8,False,28205,median,,frontier_over_candidate,0.9764589803687724
C70,qwen_m512,512,512,10,8,False,28205,round,1,frontier_over_candidate,0.8986013986013983
C70,qwen_m512,512,512,10,8,False,28205,round,2,frontier_over_candidate,0.9776798654994494
C70,qwen_m512,512,512,10,8,False,28205,round,4,frontier_over_candidate,0.9752380952380955
C70,qwen_m512,512,512,10,8,False,28205,round,5,frontier_over_candidate,0.9473135964912284
C70,qwen_prefill_m16384,16384,512,10,8,False,28206,round,1,frontier_over_candidate,0.9929687500000001
C70,qwen_prefill_m16384,16384,512,10,8,False,28206,round,5,frontier_over_candidate,0.9968429360694556
C71,tp_m32,32,512,8,16,False,28201,median,,c7_over_c10,0.9958137066568423
C71,tp_m32,32,512,8,16,False,28201,round,2,c7_over_c10,0.9915966386554622
C71,tp_m32,32,512,8,16,False,28201,round,2,frontier_over_candidate,0.9913043478260869
C71,tp_m32,32,512,8,16,False,28201,round,3,c7_over_c10,0.9937238493723848
C71,tp_m32,32,512,8,16,False,28201,round,5,c7_over_c10,0.9937238493723848
C71,tp_m32,32,512,8,16,False,28201,round,5,frontier_over_candidate,0.9956709956709957
C71,tp_m32,32,512,8,16,False,28201,round,6,c7_over_c10,0.9979035639412999
C71,batch_m128,128,512,8,16,False,28202,round,2,frontier_over_candidate,0.9966044142614603
C71,batch_m128,128,512,8,16,False,28202,round,4,c7_over_c10,0.9904153354632588
C71,qwen_decode_m8,8,512,10,8,False,28203,median,,c7_over_c10,0.9971346704871058
C71,qwen_decode_m8,8,512,10,8,False,28203,median,,frontier_over_candidate,0.9953751187084521
C71,qwen_decode_m8,8,512,10,8,False,28203,round,1,frontier_over_candidate,0.9908256880733944
C71,qwen_decode_m8,8,512,10,8,False,28203,round,2,c7_over_c10,0.9971346704871058
C71,qwen_decode_m8,8,512,10,8,False,28203,round,3,c7_over_c10,0.9971346704871058
C71,qwen_decode_m8,8,512,10,8,False,28203,round,4,c7_over_c10,0.9886363636363636
C71,qwen_decode_m8,8,512,10,8,False,28203,round,4,frontier_over_candidate,0.9878787878787879
C71,qwen_decode_m8,8,512,10,8,False,28203,round,5,frontier_over_candidate,0.9969230769230769
C71,qwen_decode_m8,8,512,10,8,False,28203,round,6,c7_over_c10,0.9971346704871058
C71,qwen_decode_m8,8,512,10,8,False,28203,round,6,frontier_over_candidate,0.9938271604938271
C71,qwen_batch_m128,128,512,10,8,False,28204,round,2,frontier_over_candidate,0.996078431372549
C71,qwen_batch_m128,128,512,10,8,False,28204,round,4,frontier_over_candidate,0.9921875
C71,qwen_batch_m128,128,512,10,8,False,28204,round,6,c7_over_c10,0.9892280071813288
C71,qwen_m512,512,512,10,8,False,28205,round,2,frontier_over_candidate,0.9604519774011299
C71,qwen_m512,512,512,10,8,False,28205,round,3,frontier_over_candidate,0.9961832061068703
C71,qwen_m512,512,512,10,8,False,28205,round,3,v53_over_c7,0.9862327909887357
C71,qwen_prefill_m16384,16384,512,10,8,False,28206,round,3,frontier_over_candidate,0.9928372463191404
C72,tp_m32,32,512,8,16,False,28201,round,3,frontier_over_candidate,0.993576017130621
C72,tp_m32,32,512,8,16,False,28201,round,6,c7_over_c10,0.9937759336099586
C72,tp_m32,32,512,8,16,False,28201,round,6,frontier_over_candidate,0.9893390191897654
C72,batch_m128,128,512,8,16,False,28202,round,1,frontier_over_candidate,0.9884488448844885
C72,batch_m128,128,512,8,16,False,28202,round,2,frontier_over_candidate,0.9983579638752053
C72,batch_m128,128,512,8,16,False,28202,round,4,c7_over_c10,0.9951768488745981
C72,batch_m128,128,512,8,16,False,28202,round,5,frontier_over_candidate,0.9983579638752053
C72,batch_m128,128,512,8,16,False,28202,round,6,c7_over_c10,0.9920886075949367
C72,qwen_decode_m8,8,512,10,8,False,28203,median,,c7_over_c10,0.9984939759036144
C72,qwen_decode_m8,8,512,10,8,False,28203,round,1,c7_over_c10,0.9969879518072289
C72,qwen_decode_m8,8,512,10,8,False,28203,round,1,frontier_over_candidate,0.9967532467532467
C72,qwen_decode_m8,8,512,10,8,False,28203,round,5,c7_over_c10,0.991150442477876
C72,qwen_decode_m8,8,512,10,8,False,28203,round,6,c7_over_c10,0.9882352941176469
C72,qwen_batch_m128,128,512,10,8,False,28204,median,,frontier_over_candidate,0.9971751211677589
C72,qwen_batch_m128,128,512,10,8,False,28204,round,1,frontier_over_candidate,0.9962406015037594
C72,qwen_batch_m128,128,512,10,8,False,28204,round,2,c7_over_c10,0.9945454545454543
C72,qwen_batch_m128,128,512,10,8,False,28204,round,2,frontier_over_candidate,0.9924242424242424
C72,qwen_batch_m128,128,512,10,8,False,28204,round,3,frontier_over_candidate,0.9941520467836257
C72,qwen_batch_m128,128,512,10,8,False,28204,round,4,frontier_over_candidate,0.9981096408317582
C72,qwen_batch_m128,128,512,10,8,False,28204,round,6,c7_over_c10,0.987012987012987
C72,qwen_prefill_m16384,16384,512,10,8,False,28206,median,,frontier_over_candidate,0.9995936497746498
C72,qwen_prefill_m16384,16384,512,10,8,False,28206,round,1,frontier_over_candidate,0.9983818770226537
C72,qwen_prefill_m16384,16384,512,10,8,False,28206,round,2,frontier_over_candidate,0.9971682847896439
C72,qwen_prefill_m16384,16384,512,10,8,False,28206,round,5,frontier_over_candidate,0.9995957962813259
C72,qwen_prefill_m16384,16384,512,10,8,False,28206,round,6,frontier_over_candidate,0.9995915032679739
C73,tp_m32,32,512,8,16,False,28201,median,,frontier_over_parent,0.9989044974212862
C73,tp_m32,32,512,8,16,False,28201,round,2,parent_over_candidate,0.9957264957264957
C73,tp_m32,32,512,8,16,False,28201,round,3,frontier_over_parent,0.9936170212765958
C73,tp_m32,32,512,8,16,False,28201,round,4,frontier_over_candidate,0.9874476987447698
C73,tp_m32,32,512,8,16,False,28201,round,4,parent_over_candidate,0.9853556485355647
C73,tp_m32,32,512,8,16,False,28201,round,5,frontier_over_parent,0.9893390191897654
C73,tp_m32,32,512,8,16,False,28201,round,6,frontier_over_parent,0.9957081545064379
C73,batch_m128,128,512,8,16,False,28202,median,,parent_over_candidate,0.9991776315789475
C73,batch_m128,128,512,8,16,False,28202,round,2,c7_over_c10,0.995260663507109
C73,batch_m128,128,512,8,16,False,28202,round,3,frontier_over_candidate,0.9950738916256158
C73,batch_m128,128,512,8,16,False,28202,round,3,parent_over_candidate,0.9950738916256158
C73,batch_m128,128,512,8,16,False,28202,round,4,frontier_over_candidate,0.9966777408637874
C73,batch_m128,128,512,8,16,False,28202,round,4,frontier_over_parent,0.9983361064891847
C73,batch_m128,128,512,8,16,False,28202,round,4,parent_over_candidate,0.9983388704318937
C73,batch_m128,128,512,8,16,False,28202,round,5,parent_over_candidate,0.9983552631578947
C73,batch_m128,128,512,8,16,False,28202,round,6,frontier_over_candidate,0.9967105263157895
C73,batch_m128,128,512,8,16,False,28202,round,6,frontier_over_parent,0.9885807504078301
C73,qwen_decode_m8,8,512,10,8,False,28203,median,,c7_over_c10,0.9984939759036144
C73,qwen_decode_m8,8,512,10,8,False,28203,median,,frontier_over_candidate,0.9983974358974358
C73,qwen_decode_m8,8,512,10,8,False,28203,median,,parent_over_candidate,0.9984081804764917
C73,qwen_decode_m8,8,512,10,8,False,28203,round,1,c7_over_c10,0.9969879518072289
C73,qwen_decode_m8,8,512,10,8,False,28203,round,2,parent_over_candidate,0.9872611464968153
C73,qwen_decode_m8,8,512,10,8,False,28203,round,4,c7_over_c10,0.9909638554216865
C73,qwen_decode_m8,8,512,10,8,False,28203,round,4,frontier_over_candidate,0.9903225806451613
C73,qwen_decode_m8,8,512,10,8,False,28203,round,4,frontier_over_parent,0.9967532467532467
C73,qwen_decode_m8,8,512,10,8,False,28203,round,4,parent_over_candidate,0.9935483870967742
C73,qwen_decode_m8,8,512,10,8,False,28203,round,5,c7_over_c10,0.9941002949852505
C73,qwen_decode_m8,8,512,10,8,False,28203,round,5,frontier_over_candidate,0.9935483870967742
C73,qwen_decode_m8,8,512,10,8,False,28203,round,5,frontier_over_parent,0.9871794871794871
C73,qwen_decode_m8,8,512,10,8,False,28203,round,6,frontier_over_candidate,0.9967948717948716
C73,qwen_decode_m8,8,512,10,8,False,28203,round,6,parent_over_candidate,0.9903846153846155
C73,qwen_batch_m128,128,512,10,8,False,28204,median,,frontier_over_candidate,0.9990548204158791
C73,qwen_batch_m128,128,512,10,8,False,28204,median,,frontier_over_parent,0.9990566037735849
C73,qwen_batch_m128,128,512,10,8,False,28204,median,,parent_over_candidate,0.9980988593155893
C73,qwen_batch_m128,128,512,10,8,False,28204,round,1,frontier_over_candidate,0.9981096408317582
C73,qwen_batch_m128,128,512,10,8,False,28204,round,1,parent_over_candidate,0.9924385633270323
C73,qwen_batch_m128,128,512,10,8,False,28204,round,2,frontier_over_candidate,0.9943074003795066
C73,qwen_batch_m128,128,512,10,8,False,28204,round,2,frontier_over_parent,0.9943074003795066
C73,qwen_batch_m128,128,512,10,8,False,28204,round,3,frontier_over_candidate,0.99609375
C73,qwen_batch_m128,128,512,10,8,False,28204,round,3,parent_over_candidate,0.99609375
C73,qwen_batch_m128,128,512,10,8,False,28204,round,4,frontier_over_parent,0.9981132075471696
C73,qwen_batch_m128,128,512,10,8,False,28204,round,5,parent_over_candidate,0.9961977186311787
C73,qwen_batch_m128,128,512,10,8,False,28204,round,6,c7_over_c10,0.9981378026070765
C73,qwen_batch_m128,128,512,10,8,False,28204,round,6,frontier_over_parent,0.9980506822612085
C73,qwen_m512,512,512,10,8,False,28205,median,,frontier_over_candidate,0.9971299871299871
C73,qwen_m512,512,512,10,8,False,28205,median,,frontier_over_parent,0.9971264157301725
C73,qwen_m512,512,512,10,8,False,28205,round,1,frontier_over_candidate,0.9980694980694981
C73,qwen_m512,512,512,10,8,False,28205,round,1,frontier_over_parent,0.996146435452794
C73,qwen_m512,512,512,10,8,False,28205,round,2,frontier_over_candidate,0.9961904761904762
C73,qwen_m512,512,512,10,8,False,28205,round,2,frontier_over_parent,0.9980916030534354
C73,qwen_m512,512,512,10,8,False,28205,round,2,parent_over_candidate,0.9980952380952379
C73,qwen_m512,512,512,10,8,False,28205,round,3,frontier_over_candidate,0.9904214559386973
C73,qwen_m512,512,512,10,8,False,28205,round,3,parent_over_candidate,0.9865900383141762
C73,qwen_m512,512,512,10,8,False,28205,round,4,frontier_over_candidate,0.9922928709055878
C73,qwen_m512,512,512,10,8,False,28205,round,4,frontier_over_parent,0.9942084942084942
C73,qwen_m512,512,512,10,8,False,28205,round,4,parent_over_candidate,0.9980732177263971
C73,qwen_m512,512,512,10,8,False,28205,round,6,frontier_over_parent,0.9961612284069096
C73,qwen_prefill_m16384,16384,512,10,8,False,28206,median,,frontier_over_candidate,0.9967371867313701
C73,qwen_prefill_m16384,16384,512,10,8,False,28206,median,,parent_over_candidate,0.9922944377728178
C73,qwen_prefill_m16384,16384,512,10,8,False,28206,round,1,frontier_over_candidate,0.9955102040816328
C73,qwen_prefill_m16384,16384,512,10,8,False,28206,round,1,parent_over_candidate,0.9938775510204081
C73,qwen_prefill_m16384,16384,512,10,8,False,28206,round,2,frontier_over_candidate,0.9979757085020245
C73,qwen_prefill_m16384,16384,512,10,8,False,28206,round,2,parent_over_candidate,0.9914979757085021
C73,qwen_prefill_m16384,16384,512,10,8,False,28206,round,3,frontier_over_candidate,0.9894736842105264
C73,qwen_prefill_m16384,16384,512,10,8,False,28206,round,3,parent_over_candidate,0.9813765182186236
C73,qwen_prefill_m16384,16384,512,10,8,False,28206,round,4,frontier_over_candidate,0.9979641693811075
C73,qwen_prefill_m16384,16384,512,10,8,False,28206,round,4,parent_over_candidate,0.9930908998371336
C73,qwen_prefill_m16384,16384,512,10,8,False,28206,round,6,frontier_over_candidate,0.9874392220421393
C73,qwen_prefill_m16384,16384,512,10,8,False,28206,round,6,frontier_over_parent,0.9991799917999179
C73,qwen_prefill_m16384,16384,512,10,8,False,28206,round,6,parent_over_candidate,0.9882495948136143
C74,tp_m32,32,512,8,16,False,28201,median,,frontier_over_parent,0.9967971497822243
C74,tp_m32,32,512,8,16,False,28201,round,1,frontier_over_candidate,0.9915254237288136
C74,tp_m32,32,512,8,16,False,28201,round,1,frontier_over_parent,0.9852631578947368
C74,tp_m32,32,512,8,16,False,28201,round,2,parent_over_candidate,0.9978494623655914
C74,tp_m32,32,512,8,16,False,28201,round,3,c7_over_c10,0.9958333333333333
C74,tp_m32,32,512,8,16,False,28201,round,3,frontier_over_parent,0.9978678038379529
C74,tp_m32,32,512,8,16,False,28201,round,4,frontier_over_parent,0.9915966386554621
C74,tp_m32,32,512,8,16,False,28201,round,5,frontier_over_candidate,0.9957264957264957
C74,tp_m32,32,512,8,16,False,28201,round,5,frontier_over_parent,0.9957264957264957
C74,batch_m128,128,512,8,16,False,28202,median,,frontier_over_candidate,0.9991789819376027
C74,batch_m128,128,512,8,16,False,28202,median,,frontier_over_parent,0.9991789819376027
C74,batch_m128,128,512,8,16,False,28202,round,1,frontier_over_candidate,0.9966666666666667
C74,batch_m128,128,512,8,16,False,28202,round,1,frontier_over_parent,0.9966666666666667
C74,batch_m128,128,512,8,16,False,28202,round,2,c7_over_c10,0.9984152139461173
C74,batch_m128,128,512,8,16,False,28202,round,2,frontier_over_candidate,0.9983579638752053
C74,batch_m128,128,512,8,16,False,28202,round,2,frontier_over_parent,0.9983579638752053
C74,batch_m128,128,512,8,16,False,28202,round,3,c7_over_c10,0.9984051036682615
C74,batch_m128,128,512,8,16,False,28202,round,3,parent_over_candidate,0.9983552631578947
C74,batch_m128,128,512,8,16,False,28202,round,4,frontier_over_candidate,0.9933774834437085
C74,batch_m128,128,512,8,16,False,28202,round,4,parent_over_candidate,0.9933774834437085
C74,batch_m128,128,512,8,16,False,28202,round,5,frontier_over_parent,0.9950900163666121
C74,qwen_decode_m8,8,512,10,8,False,28203,median,,c7_over_c10,0.9970282252366822
C74,qwen_decode_m8,8,512,10,8,False,28203,round,1,c7_over_c10,0.9939759036144579
C74,qwen_decode_m8,8,512,10,8,False,28203,round,1,frontier_over_candidate,0.9967532467532467
C74,qwen_decode_m8,8,512,10,8,False,28203,round,1,frontier_over_parent,0.9935275080906147
C74,qwen_decode_m8,8,512,10,8,False,28203,round,2,c7_over_c10,0.9970238095238096
C74,qwen_decode_m8,8,512,10,8,False,28203,round,2,frontier_over_parent,0.9935897435897436
C74,qwen_decode_m8,8,512,10,8,False,28203,round,3,c7_over_c10,0.991150442477876
C74,qwen_decode_m8,8,512,10,8,False,28203,round,3,frontier_over_candidate,0.9904458598726112
C74,qwen_decode_m8,8,512,10,8,False,28203,round,3,parent_over_candidate,0.9904458598726112
C74,qwen_decode_m8,8,512,10,8,False,28203,round,5,c7_over_c10,0.9970326409495549
C74,qwen_batch_m128,128,512,10,8,False,28204,median,,frontier_over_candidate,0.9990196078431373
C74,qwen_batch_m128,128,512,10,8,False,28204,round,1,c7_over_c10,0.996402877697842
C74,qwen_batch_m128,128,512,10,8,False,28204,round,1,parent_over_candidate,0.9962121212121212
C74,qwen_batch_m128,128,512,10,8,False,28204,round,3,frontier_over_candidate,0.9980392156862745
C74,qwen_batch_m128,128,512,10,8,False,28204,round,3,frontier_over_parent,0.994140625
C74,qwen_batch_m128,128,512,10,8,False,28204,round,4,frontier_over_candidate,0.9962121212121212
C74,qwen_batch_m128,128,512,10,8,False,28204,round,4,frontier_over_parent,0.9924528301886792
C74,qwen_batch_m128,128,512,10,8,False,28204,round,5,frontier_over_candidate,0.9962192816635163
C74,qwen_batch_m128,128,512,10,8,False,28204,round,5,parent_over_candidate,0.9943289224952743
C74,qwen_batch_m128,128,512,10,8,False,28204,round,6,c7_over_c10,0.9962686567164177
C74,qwen_m512,512,512,10,8,False,28205,round,3,parent_over_candidate,0.9980392156862745
C74,qwen_m512,512,512,10,8,False,28205,round,4,parent_over_candidate,0.9864864864864863
C74,qwen_m512,512,512,10,8,False,28205,round,6,parent_over_candidate,0.9941860465116279
C74,qwen_prefill_m16384,16384,512,10,8,False,28206,median,,frontier_over_candidate,0.9931276977624189
C74,qwen_prefill_m16384,16384,512,10,8,False,28206,median,,parent_over_candidate,0.9937763711378131
C74,qwen_prefill_m16384,16384,512,10,8,False,28206,round,1,frontier_over_candidate,0.9943525615167407
C74,qwen_prefill_m16384,16384,512,10,8,False,28206,round,1,parent_over_candidate,0.9923356192012908
C74,qwen_prefill_m16384,16384,512,10,8,False,28206,round,2,frontier_over_candidate,0.9959758551307845
C74,qwen_prefill_m16384,16384,512,10,8,False,28206,round,2,parent_over_candidate,0.9951710261569414
C74,qwen_prefill_m16384,16384,512,10,8,False,28206,round,3,frontier_over_candidate,0.9919028340080972
C74,qwen_prefill_m16384,16384,512,10,8,False,28206,round,3,parent_over_candidate,0.9910931174089069
C74,qwen_prefill_m16384,16384,512,10,8,False,28206,round,4,frontier_over_candidate,0.9883346741753821
C74,qwen_prefill_m16384,16384,512,10,8,False,28206,round,4,frontier_over_parent,0.9907258064516129
C74,qwen_prefill_m16384,16384,512,10,8,False,28206,round,4,parent_over_candidate,0.9975864843121481
C74,qwen_prefill_m16384,16384,512,10,8,False,28206,round,5,frontier_over_candidate,0.9899759422614275
C74,qwen_prefill_m16384,16384,512,10,8,False,28206,round,5,frontier_over_parent,0.9975757575757577
C74,qwen_prefill_m16384,16384,512,10,8,False,28206,round,5,parent_over_candidate,0.9923817161186848
C74,qwen_prefill_m16384,16384,512,10,8,False,28206,round,6,frontier_over_candidate,0.9951159951159952
C74,qwen_prefill_m16384,16384,512,10,8,False,28206,round,6,frontier_over_parent,0.9995911692559283
C74,qwen_prefill_m16384,16384,512,10,8,False,28206,round,6,parent_over_candidate,0.9955229955229955
C76,tp_m32,32,512,8,16,False,28201,median,,c7_over_c10,0.996881469979296
C76,tp_m32,32,512,8,16,False,28201,median,,frontier_over_parent,0.9989114103982799
C76,tp_m32,32,512,8,16,False,28201,round,2,c7_over_c10,0.9958333333333333
C76,tp_m32,32,512,8,16,False,28201,round,3,c7_over_c10,0.9937888198757764
C76,tp_m32,32,512,8,16,False,28201,round,3,frontier_over_candidate,0.9978586723768736
C76,tp_m32,32,512,8,16,False,28201,round,3,frontier_over_parent,0.9936034115138591
C76,tp_m32,32,512,8,16,False,28201,round,4,c7_over_c10,0.9979296066252586
C76,tp_m32,32,512,8,16,False,28201,round,4,frontier_over_candidate,0.9873949579831931
C76,tp_m32,32,512,8,16,False,28201,round,4,frontier_over_parent,0.9873949579831931
C76,tp_m32,32,512,8,16,False,28201,round,5,frontier_over_parent,0.9914893617021276
C76,tp_m32,32,512,8,16,False,28201,round,6,c7_over_c10,0.9917012448132781
C76,tp_m32,32,512,8,16,False,28201,round,6,parent_over_candidate,0.9914529914529916
C76,batch_m128,128,512,8,16,False,28202,median,,parent_over_candidate,0.9991803278688525
C76,batch_m128,128,512,8,16,False,28202,round,1,c7_over_c10,0.9983974358974361
C76,batch_m128,128,512,8,16,False,28202,round,3,frontier_over_candidate,0.9967105263157895
C76,batch_m128,128,512,8,16,False,28202,round,3,parent_over_candidate,0.9950657894736844
C76,batch_m128,128,512,8,16,False,28202,round,5,c7_over_c10,0.9968253968253968
C76,batch_m128,128,512,8,16,False,28202,round,5,frontier_over_candidate,0.9967213114754099
C76,batch_m128,128,512,8,16,False,28202,round,5,frontier_over_parent,0.9983579638752053
C76,batch_m128,128,512,8,16,False,28202,round,5,parent_over_candidate,0.9983606557377049
C76,batch_m128,128,512,8,16,False,28202,round,6,parent_over_candidate,0.9967051070840199
C76,qwen_decode_m8,8,512,10,8,False,28203,median,,parent_over_candidate,0.9951923076923077
C76,qwen_decode_m8,8,512,10,8,False,28203,round,1,parent_over_candidate,0.987012987012987
C76,qwen_decode_m8,8,512,10,8,False,28203,round,2,frontier_over_candidate,0.9871794871794871
C76,qwen_decode_m8,8,512,10,8,False,28203,round,2,frontier_over_parent,0.9967637540453073
C76,qwen_decode_m8,8,512,10,8,False,28203,round,2,parent_over_candidate,0.9903846153846155
C76,qwen_decode_m8,8,512,10,8,False,28203,round,3,c7_over_c10,0.9852941176470588
C76,qwen_decode_m8,8,512,10,8,False,28203,round,3,frontier_over_parent,0.9968051118210862
C76,qwen_decode_m8,8,512,10,8,False,28203,round,4,c7_over_c10,0.9880597014925373
C76,qwen_decode_m8,8,512,10,8,False,28203,round,6,frontier_over_candidate,0.9936507936507938
C76,qwen_decode_m8,8,512,10,8,False,28203,round,6,parent_over_candidate,0.9841269841269843
C76,qwen_batch_m128,128,512,10,8,False,28204,median,,c7_over_c10,0.9990671641791045
C76,qwen_batch_m128,128,512,10,8,False,28204,median,,frontier_over_parent,0.9990601503759399
C76,qwen_batch_m128,128,512,10,8,False,28204,round,1,frontier_over_parent,0.9962264150943396
C76,qwen_batch_m128,128,512,10,8,False,28204,round,3,frontier_over_parent,0.9980430528375736
C76,qwen_batch_m128,128,512,10,8,False,28204,round,4,c7_over_c10,0.9928571428571429
C76,qwen_batch_m128,128,512,10,8,False,28204,round,4,frontier_over_parent,0.9981203007518797
C76,qwen_batch_m128,128,512,10,8,False,28204,round,5,c7_over_c10,0.9963702359346642
C76,qwen_batch_m128,128,512,10,8,False,28204,round,5,parent_over_candidate,0.9962121212121212
C76,qwen_batch_m128,128,512,10,8,False,28204,round,6,c7_over_c10,0.9981343283582089
C76,qwen_m512,512,512,10,8,False,28205,round,3,frontier_over_candidate,0.9980694980694981
C76,qwen_m512,512,512,10,8,False,28205,round,3,parent_over_candidate,0.9787644787644789
C76,qwen_m512,512,512,10,8,False,28205,round,4,frontier_over_candidate,0.9806576402321086
C76,qwen_m512,512,512,10,8,False,28205,round,4,frontier_over_parent,0.9863813229571988
C76,qwen_m512,512,512,10,8,False,28205,round,4,parent_over_candidate,0.9941972920696323
C76,qwen_m512,512,512,10,8,False,28205,round,5,parent_over_candidate,0.9980842911877394
C76,qwen_prefill_m16384,16384,512,10,8,False,28206,median,,frontier_over_candidate,0.9549920532362253
C76,qwen_prefill_m16384,16384,512,10,8,False,28206,median,,frontier_over_parent,0.9969694476441225
C76,qwen_prefill_m16384,16384,512,10,8,False,28206,median,,parent_over_candidate,0.9561749021155554
C76,qwen_prefill_m16384,16384,512,10,8,False,28206,round,1,frontier_over_candidate,0.957768306857807
C76,qwen_prefill_m16384,16384,512,10,8,False,28206,round,1,parent_over_candidate,0.957380860131732
C76,qwen_prefill_m16384,16384,512,10,8,False,28206,round,2,frontier_over_candidate,0.9617486338797815
C76,qwen_prefill_m16384,16384,512,10,8,False,28206,round,2,frontier_over_parent,0.9967637540453073
C76,qwen_prefill_m16384,16384,512,10,8,False,28206,round,2,parent_over_candidate,0.9648711943793913
C76,qwen_prefill_m16384,16384,512,10,8,False,28206,round,3,frontier_over_candidate,0.9508133230054219
C76,qwen_prefill_m16384,16384,512,10,8,False,28206,round,3,frontier_over_parent,0.9959432048681539
C76,qwen_prefill_m16384,16384,512,10,8,False,28206,round,3,parent_over_candidate,0.9546862896979086
C76,qwen_prefill_m16384,16384,512,10,8,False,28206,round,4,frontier_over_candidate,0.9522157996146435
C76,qwen_prefill_m16384,16384,512,10,8,False,28206,round,4,frontier_over_parent,0.9971751412429378
C76,qwen_prefill_m16384,16384,512,10,8,False,28206,round,4,parent_over_candidate,0.9549132947976878
C76,qwen_prefill_m16384,16384,512,10,8,False,28206,round,5,frontier_over_candidate,0.960388349514563
C76,qwen_prefill_m16384,16384,512,10,8,False,28206,round,5,frontier_over_parent,0.9995957962813259
C76,qwen_prefill_m16384,16384,512,10,8,False,28206,round,5,parent_over_candidate,0.9607766990291261
C76,qwen_prefill_m16384,16384,512,10,8,False,28206,round,6,frontier_over_candidate,0.951086956521739
C76,qwen_prefill_m16384,16384,512,10,8,False,28206,round,6,frontier_over_parent,0.9959349593495932
C76,qwen_prefill_m16384,16384,512,10,8,False,28206,round,6,parent_over_candidate,0.954968944099379
C77,tp_m32,32,512,8,16,False,28201,round,1,frontier_over_parent,0.99581589958159
C77,tp_m32,32,512,8,16,False,28201,round,4,parent_over_candidate,0.9936974789915967
C77,tp_m32,32,512,8,16,False,28201,round,5,c7_over_c10,0.9958506224066391
C77,tp_m32,32,512,8,16,False,28201,round,5,frontier_over_candidate,0.9957264957264957
C77,tp_m32,32,512,8,16,False,28201,round,5,frontier_over_parent,0.9957264957264957
C77,tp_m32,32,512,8,16,False,28201,round,6,parent_over_candidate,0.9957173447537474
C77,batch_m128,128,512,8,16,False,28202,median,,frontier_over_parent,0.9975246983738416
C77,batch_m128,128,512,8,16,False,28202,round,1,frontier_over_candidate,0.9983388704318937
C77,batch_m128,128,512,8,16,False,28202,round,1,frontier_over_parent,0.9983388704318937
C77,batch_m128,128,512,8,16,False,28202,round,2,parent_over_candidate,0.9967213114754099
C77,batch_m128,128,512,8,16,False,28202,round,3,frontier_over_parent,0.9901960784313726
C77,batch_m128,128,512,8,16,False,28202,round,4,frontier_over_parent,0.9966777408637874
C77,batch_m128,128,512,8,16,False,28202,round,5,c7_over_c10,0.9968253968253968
C77,batch_m128,128,512,8,16,False,28202,round,6,c7_over_c10,0.9968253968253968
C77,batch_m128,128,512,8,16,False,28202,round,6,frontier_over_parent,0.9967105263157895
C77,qwen_decode_m8,8,512,10,8,False,28203,median,,frontier_over_candidate,0.996784565916399
C77,qwen_decode_m8,8,512,10,8,False,28203,median,,parent_over_candidate,0.9984025559105432
C77,qwen_decode_m8,8,512,10,8,False,28203,round,2,c7_over_c10,0.9940476190476191
C77,qwen_decode_m8,8,512,10,8,False,28203,round,2,frontier_over_candidate,0.9935691318327978
C77,qwen_decode_m8,8,512,10,8,False,28203,round,2,parent_over_candidate,0.9903536977491963
C77,qwen_decode_m8,8,512,10,8,False,28203,round,3,frontier_over_parent,0.9967741935483873
C77,qwen_decode_m8,8,512,10,8,False,28203,round,4,frontier_over_candidate,0.9935483870967742
C77,qwen_decode_m8,8,512,10,8,False,28203,round,4,parent_over_candidate,0.9838709677419356
C77,qwen_decode_m8,8,512,10,8,False,28203,round,5,c7_over_c10,0.9970238095238096
C77,qwen_decode_m8,8,512,10,8,False,28203,round,6,frontier_over_candidate,0.9872204472843452
C77,qwen_decode_m8,8,512,10,8,False,28203,round,6,frontier_over_parent,0.9903846153846155
C77,qwen_decode_m8,8,512,10,8,False,28203,round,6,parent_over_candidate,0.9968051118210862
C77,qwen_batch_m128,128,512,10,8,False,28204,median,,c7_over_c10,0.9963824599272494
C77,qwen_batch_m128,128,512,10,8,False,28204,median,,parent_over_candidate,0.9999999999999999
C77,qwen_batch_m128,128,512,10,8,False,28204,round,1,c7_over_c10,0.9946236559139783
C77,qwen_batch_m128,128,512,10,8,False,28204,round,1,parent_over_candidate,0.9962406015037594
C77,qwen_batch_m128,128,512,10,8,False,28204,round,2,c7_over_c10,0.9945454545454543
C77,qwen_batch_m128,128,512,10,8,False,28204,round,2,parent_over_candidate,0.9999999999999998
C77,qwen_batch_m128,128,512,10,8,False,28204,round,3,c7_over_c10,0.9907235621521334
C77,qwen_batch_m128,128,512,10,8,False,28204,round,3,frontier_over_parent,0.9980430528375736
C77,qwen_batch_m128,128,512,10,8,False,28204,round,5,frontier_over_candidate,0.9943181818181818
C77,qwen_batch_m128,128,512,10,8,False,28204,round,5,frontier_over_parent,0.9943181818181818
C77,qwen_batch_m128,128,512,10,8,False,28204,round,6,c7_over_c10,0.9981412639405205
C77,qwen_batch_m128,128,512,10,8,False,28204,round,6,frontier_over_candidate,0.9980430528375736
C77,qwen_batch_m128,128,512,10,8,False,28204,round,6,parent_over_candidate,0.996086105675147
C77,qwen_m512,512,512,10,8,False,28205,round,3,parent_over_candidate,0.9980506822612085
C77,qwen_m512,512,512,10,8,False,28205,round,4,parent_over_candidate,0.9884615384615386
C77,qwen_m512,512,512,10,8,False,28205,round,5,parent_over_candidate,0.9980916030534351
C77,qwen_prefill_m16384,16384,512,10,8,False,28206,median,,frontier_over_candidate,0.9872273401396412
C77,qwen_prefill_m16384,16384,512,10,8,False,28206,median,,frontier_over_parent,0.9504427848049661
C77,qwen_prefill_m16384,16384,512,10,8,False,28206,round,1,frontier_over_candidate,0.9899517684887462
C77,qwen_prefill_m16384,16384,512,10,8,False,28206,round,1,frontier_over_parent,0.9517001545595054
C77,qwen_prefill_m16384,16384,512,10,8,False,28206,round,2,frontier_over_candidate,0.9868052778888445
C77,qwen_prefill_m16384,16384,512,10,8,False,28206,round,2,frontier_over_parent,0.9633099141295863
C77,qwen_prefill_m16384,16384,512,10,8,False,28206,round,3,frontier_over_candidate,0.9914910858995138
C77,qwen_prefill_m16384,16384,512,10,8,False,28206,round,3,frontier_over_parent,0.9491854150504268
C77,qwen_prefill_m16384,16384,512,10,8,False,28206,round,4,frontier_over_candidate,0.9855130784708248
C77,qwen_prefill_m16384,16384,512,10,8,False,28206,round,4,frontier_over_parent,0.9441017733230532
C77,qwen_prefill_m16384,16384,512,10,8,False,28206,round,5,frontier_over_candidate,0.987649402390438
C77,qwen_prefill_m16384,16384,512,10,8,False,28206,round,5,frontier_over_parent,0.9634667703070344
C77,qwen_prefill_m16384,16384,512,10,8,False,28206,round,6,frontier_over_candidate,0.9827031375703943
C77,qwen_prefill_m16384,16384,512,10,8,False,28206,round,6,frontier_over_parent,0.9476338246702871
C78,tp_m32,32,512,8,16,False,28201,round,3,c7_over_c10,0.9855967078189302
C78,tp_m32,32,512,8,16,False,28201,round,4,parent_over_candidate,0.9915433403805497
C78,tp_m32,32,512,8,16,False,28201,round,5,frontier_over_candidate,0.997854077253219
C78,tp_m32,32,512,8,16,False,28201,round,5,frontier_over_parent,0.997854077253219
C78,tp_m32,32,512,8,16,False,28201,round,6,c7_over_c10,0.9979123173277662
C78,batch_m128,128,512,8,16,False,28202,median,,c7_over_c10,0.9992050874403815
C78,batch_m128,128,512,8,16,False,28202,round,1,c7_over_c10,0.9903381642512077
C78,batch_m128,128,512,8,16,False,28202,round,2,c7_over_c10,0.9984101748807631
C78,batch_m128,128,512,8,16,False,28202,round,3,parent_over_candidate,0.9967213114754099
C78,batch_m128,128,512,8,16,False,28202,round,4,c7_over_c10,0.9951768488745981
C78,batch_m128,128,512,8,16,False,28202,round,5,frontier_over_candidate,0.9967213114754099
C78,batch_m128,128,512,8,16,False,28202,round,5,parent_over_candidate,0.9950819672131147
C78,batch_m128,128,512,8,16,False,28202,round,6,frontier_over_parent,0.9983471074380166
C78,qwen_decode_m8,8,512,10,8,False,28203,round,1,c7_over_c10,0.991044776119403
C78,qwen_decode_m8,8,512,10,8,False,28203,round,2,frontier_over_candidate,0.9967741935483873
C78,qwen_decode_m8,8,512,10,8,False,28203,round,2,parent_over_candidate,0.9935483870967742
C78,qwen_decode_m8,8,512,10,8,False,28203,round,5,c7_over_c10,0.9940298507462685
C78,qwen_decode_m8,8,512,10,8,False,28203,round,5,frontier_over_parent,0.9935483870967742
C78,qwen_batch_m128,128,512,10,8,False,28204,median,,frontier_over_candidate,0.9960879942288802
C78,qwen_batch_m128,128,512,10,8,False,28204,median,,frontier_over_parent,0.9971680279630489
C78,qwen_batch_m128,128,512,10,8,False,28204,median,,parent_over_candidate,0.9990530303030303
C78,qwen_batch_m128,128,512,10,8,False,28204,round,1,frontier_over_candidate,0.9924812030075187
C78,qwen_batch_m128,128,512,10,8,False,28204,round,1,frontier_over_parent,0.9962264150943396
C78,qwen_batch_m128,128,512,10,8,False,28204,round,1,parent_over_candidate,0.9962406015037594
C78,qwen_batch_m128,128,512,10,8,False,28204,round,3,frontier_over_candidate,0.9980353634577603
C78,qwen_batch_m128,128,512,10,8,False,28204,round,3,frontier_over_parent,0.9883268482490273
C78,qwen_batch_m128,128,512,10,8,False,28204,round,4,frontier_over_candidate,0.9924812030075187
C78,qwen_batch_m128,128,512,10,8,False,28204,round,4,frontier_over_parent,0.9981096408317582
C78,qwen_batch_m128,128,512,10,8,False,28204,round,4,parent_over_candidate,0.9943609022556389
C78,qwen_batch_m128,128,512,10,8,False,28204,round,5,c7_over_c10,0.9927536231884058
C78,qwen_batch_m128,128,512,10,8,False,28204,round,5,parent_over_candidate,0.9981060606060606
C78,qwen_batch_m128,128,512,10,8,False,28204,round,6,c7_over_c10,0.9925650557620818
C78,qwen_batch_m128,128,512,10,8,False,28204,round,6,frontier_over_candidate,0.994140625
C78,qwen_batch_m128,128,512,10,8,False,28204,round,6,frontier_over_parent,0.994140625
C78,qwen_m512,512,512,10,8,False,28205,round,3,frontier_over_parent,0.9942307692307693
C78,qwen_m512,512,512,10,8,False,28205,round,4,frontier_over_candidate,0.9922480620155039
C78,qwen_m512,512,512,10,8,False,28205,round,4,frontier_over_parent,0.9941747572815534
C78,qwen_m512,512,512,10,8,False,28205,round,4,parent_over_candidate,0.998062015503876
C78,qwen_m512,512,512,10,8,False,28205,round,5,frontier_over_parent,0.9980879541108987
C78,qwen_prefill_m16384,16384,512,10,8,False,28206,median,,frontier_over_candidate,0.999394428744449
C78,qwen_prefill_m16384,16384,512,10,8,False,28206,median,,frontier_over_parent,0.9891185375584703
C78,qwen_prefill_m16384,16384,512,10,8,False,28206,round,1,frontier_over_parent,0.9899558055443953
C78,qwen_prefill_m16384,16384,512,10,8,False,28206,round,2,frontier_over_candidate,0.998788857488898
C78,qwen_prefill_m16384,16384,512,10,8,False,28206,round,2,frontier_over_parent,0.9923786602486965
C78,qwen_prefill_m16384,16384,512,10,8,False,28206,round,3,frontier_over_candidate,0.9999999999999998
C78,qwen_prefill_m16384,16384,512,10,8,False,28206,round,3,frontier_over_parent,0.9886914378029077
C78,qwen_prefill_m16384,16384,512,10,8,False,28206,round,4,frontier_over_candidate,0.9987824675324677
C78,qwen_prefill_m16384,16384,512,10,8,False,28206,round,4,frontier_over_parent,0.989545637314033
C78,qwen_prefill_m16384,16384,512,10,8,False,28206,round,5,frontier_over_candidate,0.9955555555555556
C78,qwen_prefill_m16384,16384,512,10,8,False,28206,round,5,frontier_over_parent,0.9832402234636872
C78,qwen_prefill_m16384,16384,512,10,8,False,28206,round,6,frontier_over_parent,0.9883252818035425
C79,tp_m32,32,512,8,16,False,28201,round,1,frontier_over_parent,0.9957716701902747
C79,tp_m32,32,512,8,16,False,28201,round,2,c7_over_c10,0.9979166666666667
C79,tp_m32,32,512,8,16,False,28201,round,3,parent_over_candidate,0.993576017130621
C79,tp_m32,32,512,8,16,False,28201,round,4,c7_over_c10,0.9979296066252586
C79,tp_m32,32,512,8,16,False,28201,round,4,parent_over_candidate,0.9978858350951373
C79,tp_m32,32,512,8,16,False,28201,round,5,frontier_over_candidate,0.9957264957264957
C79,tp_m32,32,512,8,16,False,28201,round,5,parent_over_candidate,0.9957264957264957
C79,tp_m32,32,512,8,16,False,28201,round,6,frontier_over_parent,0.9915254237288136
C79,batch_m128,128,512,8,16,False,28202,median,,c7_over_c10,0.9992025518341308
C79,batch_m128,128,512,8,16,False,28202,median,,frontier_over_parent,0.9967239769471007
C79,batch_m128,128,512,8,16,False,28202,round,2,frontier_over_parent,0.9967320261437909
C79,batch_m128,128,512,8,16,False,28202,round,3,c7_over_c10,0.9984051036682615
C79,batch_m128,128,512,8,16,False,28202,round,3,frontier_over_candidate,0.9917898193760264
C79,batch_m128,128,512,8,16,False,28202,round,3,frontier_over_parent,0.9901639344262296
C79,batch_m128,128,512,8,16,False,28202,round,4,parent_over_candidate,0.9966777408637874
C79,batch_m128,128,512,8,16,False,28202,round,5,c7_over_c10,0.9968354430379747
C79,batch_m128,128,512,8,16,False,28202,round,5,frontier_over_parent,0.9967159277504105
C79,batch_m128,128,512,8,16,False,28202,round,6,c7_over_c10,0.9952153110047847
C79,batch_m128,128,512,8,16,False,28202,round,6,frontier_over_candidate,0.9950738916256158
C79,batch_m128,128,512,8,16,False,28202,round,6,frontier_over_parent,0.9950738916256158
C79,qwen_decode_m8,8,512,10,8,False,28203,median,,frontier_over_parent,0.9968050792095378
C79,qwen_decode_m8,8,512,10,8,False,28203,round,2,frontier_over_parent,0.9968152866242038
C79,qwen_decode_m8,8,512,10,8,False,28203,round,3,c7_over_c10,0.9940476190476191
C79,qwen_decode_m8,8,512,10,8,False,28203,round,3,frontier_over_parent,0.9967948717948716
C79,qwen_decode_m8,8,512,10,8,False,28203,round,4,frontier_over_parent,0.9967532467532467
C79,qwen_decode_m8,8,512,10,8,False,28203,round,5,c7_over_c10,0.9970149253731342
C79,qwen_decode_m8,8,512,10,8,False,28203,round,5,frontier_over_candidate,0.9968051118210862
C79,qwen_decode_m8,8,512,10,8,False,28203,round,5,parent_over_candidate,0.9968051118210862
C79,qwen_decode_m8,8,512,10,8,False,28203,round,6,c7_over_c10,0.9970414201183432
C79,qwen_decode_m8,8,512,10,8,False,28203,round,6,frontier_over_candidate,0.9684542586750788
C79,qwen_decode_m8,8,512,10,8,False,28203,round,6,frontier_over_parent,0.9839743589743589
C79,qwen_decode_m8,8,512,10,8,False,28203,round,6,parent_over_candidate,0.9842271293375394
C79,qwen_batch_m128,128,512,10,8,False,28204,median,,c7_over_c10,0.9990636704119851
C79,qwen_batch_m128,128,512,10,8,False,28204,median,,parent_over_candidate,0.9961947490860751
C79,qwen_batch_m128,128,512,10,8,False,28204,round,1,frontier_over_candidate,0.9981167608286252
C79,qwen_batch_m128,128,512,10,8,False,28204,round,1,parent_over_candidate,0.9943502824858756
C79,qwen_batch_m128,128,512,10,8,False,28204,round,2,frontier_over_parent,0.9981132075471696
C79,qwen_batch_m128,128,512,10,8,False,28204,round,3,c7_over_c10,0.9981273408239703
C79,qwen_batch_m128,128,512,10,8,False,28204,round,3,frontier_over_candidate,0.9961089494163424
C79,qwen_batch_m128,128,512,10,8,False,28204,round,3,parent_over_candidate,0.9922178988326849
C79,qwen_batch_m128,128,512,10,8,False,28204,round,4,c7_over_c10,0.996402877697842
C79,qwen_batch_m128,128,512,10,8,False,28204,round,4,parent_over_candidate,0.9943396226415094
C79,qwen_batch_m128,128,512,10,8,False,28204,round,5,frontier_over_candidate,0.9981024667931688
C79,qwen_batch_m128,128,512,10,8,False,28204,round,5,frontier_over_parent,0.9981024667931688
C79,qwen_batch_m128,128,512,10,8,False,28204,round,6,c7_over_c10,0.9925925925925926
C79,qwen_batch_m128,128,512,10,8,False,28204,round,6,parent_over_candidate,0.9980392156862745
C79,qwen_m512,512,512,10,8,False,28205,median,,parent_over_candidate,0.9990458015267176
C79,qwen_m512,512,512,10,8,False,28205,round,3,frontier_over_candidate,0.9980694980694981
C79,qwen_m512,512,512,10,8,False,28205,round,3,parent_over_candidate,0.9806949806949807
C79,qwen_m512,512,512,10,8,False,28205,round,4,parent_over_candidate,0.9922480620155039
C79,qwen_m512,512,512,10,8,False,28205,round,5,parent_over_candidate,0.9980916030534351
C79,qwen_prefill_m16384,16384,512,10,8,False,28206,round,3,frontier_over_parent,0.9963503649635037
C79,qwen_prefill_m16384,16384,512,10,8,False,28206,round,5,frontier_over_parent,0.9979846835953246
C80,tp_m32,32,512,8,16,False,28201,median,,parent_over_candidate,0.9978294727949042
C80,tp_m32,32,512,8,16,False,28201,round,1,parent_over_candidate,0.9912663755458514
C80,tp_m32,32,512,8,16,False,28201,round,2,frontier_over_candidate,0.9978021978021977
C80,tp_m32,32,512,8,16,False,28201,round,2,parent_over_candidate,0.9978021978021977
C80,tp_m32,32,512,8,16,False,28201,round,3,c7_over_c10,0.9873949579831931
C80,tp_m32,32,512,8,16,False,28201,round,3,parent_over_candidate,0.9977924944812362
C80,tp_m32,32,512,8,16,False,28201,round,4,c7_over_c10,0.9957805907172996
C80,tp_m32,32,512,8,16,False,28201,round,5,frontier_over_candidate,0.9956140350877192
C80,tp_m32,32,512,8,16,False,28201,round,5,frontier_over_parent,0.9956140350877192
C80,tp_m32,32,512,8,16,False,28201,round,6,parent_over_candidate,0.9978567477876107
C80,batch_m128,128,512,8,16,False,28202,median,,c7_over_c10,0.9967373485767814
C80,batch_m128,128,512,8,16,False,28202,median,,frontier_over_candidate,0.9974561883111277
C80,batch_m128,128,512,8,16,False,28202,median,,frontier_over_parent,0.996672203765227
C80,batch_m128,128,512,8,16,False,28202,median,,parent_over_candidate,0.9974885302958394
C80,batch_m128,128,512,8,16,False,28202,round,1,frontier_over_candidate,0.9933554817275747
C80,batch_m128,128,512,8,16,False,28202,round,1,frontier_over_parent,0.9966666666666667
C80,batch_m128,128,512,8,16,False,28202,round,1,parent_over_candidate,0.9966777408637874
C80,batch_m128,128,512,8,16,False,28202,round,2,c7_over_c10,0.9967320261437909
C80,batch_m128,128,512,8,16,False,28202,round,2,frontier_over_candidate,0.9948979591836735
C80,batch_m128,128,512,8,16,False,28202,round,2,frontier_over_parent,0.9965928449744461
C80,batch_m128,128,512,8,16,False,28202,round,2,parent_over_candidate,0.9982993197278913
C80,batch_m128,128,512,8,16,False,28202,round,3,c7_over_c10,0.996742671009772
C80,batch_m128,128,512,8,16,False,28202,round,3,frontier_over_candidate,0.9966101694915253
C80,batch_m128,128,512,8,16,False,28202,round,3,frontier_over_parent,0.9966101694915253
C80,batch_m128,128,512,8,16,False,28202,round,4,c7_over_c10,0.9983948635634027
C80,batch_m128,128,512,8,16,False,28202,round,4,frontier_over_parent,0.9966777408637874
C80,batch_m128,128,512,8,16,False,28202,round,5,c7_over_c10,0.99185667752443
C80,batch_m128,128,512,8,16,False,28202,round,5,frontier_over_candidate,0.99830220713073
C80,batch_m128,128,512,8,16,False,28202,round,5,parent_over_candidate,0.9932088285229203
C80,batch_m128,128,512,8,16,False,28202,round,6,c7_over_c10,0.993485342019544
C80,batch_m128,128,512,8,16,False,28202,round,6,frontier_over_candidate,0.9983050847457625
C80,batch_m128,128,512,8,16,False,28202,round,6,parent_over_candidate,0.9966101694915253
C80,qwen_decode_m8,8,512,10,8,False,28203,median,,c7_over_c10,0.9985549132947977
C80,qwen_decode_m8,8,512,10,8,False,28203,median,,parent_over_candidate,0.9969133156134785
C80,qwen_decode_m8,8,512,10,8,False,28203,round,1,c7_over_c10,0.9942857142857143
C80,qwen_decode_m8,8,512,10,8,False,28203,round,1,frontier_over_candidate,0.9969325153374233
C80,qwen_decode_m8,8,512,10,8,False,28203,round,1,parent_over_candidate,0.9938650306748467
C80,qwen_decode_m8,8,512,10,8,False,28203,round,2,c7_over_c10,0.9884393063583815
C80,qwen_decode_m8,8,512,10,8,False,28203,round,2,frontier_over_parent,0.9968944099378882
C80,qwen_decode_m8,8,512,10,8,False,28203,round,3,parent_over_candidate,0.9968847352024922
C80,qwen_decode_m8,8,512,10,8,False,28203,round,4,frontier_over_candidate,0.9877675840978595
C80,qwen_decode_m8,8,512,10,8,False,28203,round,4,frontier_over_parent,0.9907975460122701
C80,qwen_decode_m8,8,512,10,8,False,28203,round,4,parent_over_candidate,0.9969418960244648
C80,qwen_decode_m8,8,512,10,8,False,28203,round,6,c7_over_c10,0.9971098265895953
C80,qwen_decode_m8,8,512,10,8,False,28203,round,6,parent_over_candidate,0.9968750000000002
C80,qwen_batch_m128,128,512,10,8,False,28204,median,,c7_over_c10,0.99720622396943
C80,qwen_batch_m128,128,512,10,8,False,28204,median,,parent_over_candidate,0.9990038714950715
C80,qwen_batch_m128,128,512,10,8,False,28204,round,1,c7_over_c10,0.994392523364486
C80,qwen_batch_m128,128,512,10,8,False,28204,round,1,parent_over_candidate,0.996031746031746
C80,qwen_batch_m128,128,512,10,8,False,28204,round,2,parent_over_candidate,0.9999382449206449
C80,qwen_batch_m128,128,512,10,8,False,28204,round,3,c7_over_c10,0.9981718464351007
C80,qwen_batch_m128,128,512,10,8,False,28204,round,3,frontier_over_candidate,0.9904397705544933
C80,qwen_batch_m128,128,512,10,8,False,28204,round,3,frontier_over_parent,0.9942418426103646
C80,qwen_batch_m128,128,512,10,8,False,28204,round,3,parent_over_candidate,0.9961759082217974
C80,qwen_batch_m128,128,512,10,8,False,28204,round,4,c7_over_c10,0.9962406015037594
C80,qwen_batch_m128,128,512,10,8,False,28204,round,5,frontier_over_candidate,0.9940711462450593
C80,qwen_batch_m128,128,512,10,8,False,28204,round,5,frontier_over_parent,0.9901574803149606
C80,qwen_batch_m128,128,512,10,8,False,28204,round,6,c7_over_c10,0.9927272727272727
C80,qwen_batch_m128,128,512,10,8,False,28204,round,6,frontier_over_candidate,0.9980694980694981
C80,qwen_batch_m128,128,512,10,8,False,28204,round,6,parent_over_candidate,0.9980694980694981
C80,qwen_m512,512,512,10,8,False,28205,round,2,frontier_over_candidate,0.9907063197026025
C80,qwen_m512,512,512,10,8,False,28205,round,2,frontier_over_parent,0.9944029850746269
C80,qwen_m512,512,512,10,8,False,28205,round,2,parent_over_candidate,0.9962825278810411
C80,qwen_m512,512,512,10,8,False,28205,round,3,frontier_over_candidate,0.998062015503876
C80,qwen_m512,512,512,10,8,False,28205,round,3,frontier_over_parent,0.9903846153846156
C80,qwen_m512,512,512,10,8,False,28205,round,6,v53_over_c7,0.9974683544303796
C80,qwen_m512,512,512,10,8,False,28205,round,6,parent_over_candidate,0.9767441860465116
C80,qwen_prefill_m16384,16384,512,10,8,False,28206,median,,frontier_over_candidate,0.9978095204456128
C80,qwen_prefill_m16384,16384,512,10,8,False,28206,round,2,frontier_over_candidate,0.9976057462090983
C80,qwen_prefill_m16384,16384,512,10,8,False,28206,round,2,parent_over_candidate,0.9948124501197128
C80,qwen_prefill_m16384,16384,512,10,8,False,28206,round,4,frontier_over_candidate,0.9972009703302855
C80,qwen_prefill_m16384,16384,512,10,8,False,28206,round,4,frontier_over_parent,0.9893364928909953
C80,qwen_prefill_m16384,16384,512,10,8,False,28206,round,5,frontier_over_candidate,0.9972316440542698
C80,qwen_prefill_m16384,16384,512,10,8,False,28206,round,5,frontier_over_parent,0.9964364035087719
C80,qwen_prefill_m16384,16384,512,10,8,False,28206,round,6,frontier_over_candidate,0.9980132946821273
C80,qwen_prefill_m16384,16384,512,10,8,False,28206,round,6,parent_over_candidate,0.9920031987205118
C81,tp_m32,32,512,8,16,False,28201,median,,frontier_over_parent,0.9989035087719298
C81,tp_m32,32,512,8,16,False,28201,round,3,c7_over_c10,0.9894514767932491
C81,tp_m32,32,512,8,16,False,28201,round,3,frontier_over_parent,0.9978070175438597
C81,tp_m32,32,512,8,16,False,28201,round,4,frontier_over_parent,0.9956616052060736
C81,tp_m32,32,512,8,16,False,28201,round,5,parent_over_candidate,0.997816593886463
C81,tp_m32,32,512,8,16,False,28201,round,6,frontier_over_candidate,0.997723666965579
C81,tp_m32,32,512,8,16,False,28201,round,6,frontier_over_parent,0.9977924944812362
C81,tp_m32,32,512,8,16,False,28201,round,6,parent_over_candidate,0.999931020211078
C81,batch_m128,128,512,8,16,False,28202,median,,c7_over_c10,0.9950926818814958
C81,batch_m128,128,512,8,16,False,28202,median,,frontier_over_candidate,0.9999972222145062
C81,batch_m128,128,512,8,16,False,28202,median,,parent_over_candidate,0.9983047780077471
C81,batch_m128,128,512,8,16,False,28202,round,1,frontier_over_candidate,0.998330550918197
C81,batch_m128,128,512,8,16,False,28202,round,1,frontier_over_parent,0.9982784704470762
C81,batch_m128,128,512,8,16,False,28202,round,2,c7_over_c10,0.9934640522875817
C81,batch_m128,128,512,8,16,False,28202,round,2,frontier_over_candidate,0.9966273187183811
C81,batch_m128,128,512,8,16,False,28202,round,2,parent_over_candidate,0.9898819561551435
C81,batch_m128,128,512,8,16,False,28202,round,3,c7_over_c10,0.9934640522875817
C81,batch_m128,128,512,8,16,False,28202,round,3,frontier_over_candidate,0.9965573857316878
C81,batch_m128,128,512,8,16,False,28202,round,3,parent_over_candidate,0.9965573857316878
C81,batch_m128,128,512,8,16,False,28202,round,4,c7_over_c10,0.9919871794871795
C81,batch_m128,128,512,8,16,False,28202,round,5,c7_over_c10,0.9967213114754099
C81,batch_m128,128,512,8,16,False,28202,round,5,parent_over_candidate,0.9932203389830508
C81,qwen_decode_m8,8,512,10,8,False,28203,round,2,c7_over_c10,0.9942196531791907
C81,qwen_decode_m8,8,512,10,8,False,28203,round,2,frontier_over_candidate,0.9968944099378882
C81,qwen_decode_m8,8,512,10,8,False,28203,round,2,parent_over_candidate,0.9937888198757764
C81,qwen_decode_m8,8,512,10,8,False,28203,round,3,frontier_over_candidate,0.9968847352024922
C81,qwen_decode_m8,8,512,10,8,False,28203,round,3,frontier_over_parent,0.9937888198757764
C81,qwen_decode_m8,8,512,10,8,False,28203,round,4,frontier_over_parent,0.9879587155963302
C81,qwen_decode_m8,8,512,10,8,False,28203,round,6,c7_over_c10,0.9971098265895953
C81,qwen_batch_m128,128,512,10,8,False,28204,median,,parent_over_candidate,0.9990384615384615
C81,qwen_batch_m128,128,512,10,8,False,28204,round,2,c7_over_c10,0.9943925233644858
C81,qwen_batch_m128,128,512,10,8,False,28204,round,2,frontier_over_candidate,0.9921568627450981
C81,qwen_batch_m128,128,512,10,8,False,28204,round,2,frontier_over_parent,0.9941060903732809
C81,qwen_batch_m128,128,512,10,8,False,28204,round,2,parent_over_candidate,0.9980392156862745
C81,qwen_batch_m128,128,512,10,8,False,28204,round,4,c7_over_c10,0.9962546816479403
C81,qwen_batch_m128,128,512,10,8,False,28204,round,4,frontier_over_candidate,0.9959859198419071
C81,qwen_batch_m128,128,512,10,8,False,28204,round,4,parent_over_candidate,0.9959859198419071
C81,qwen_batch_m128,128,512,10,8,False,28204,round,6,c7_over_c10,0.9926739926739925
C81,qwen_batch_m128,128,512,10,8,False,28204,round,6,parent_over_candidate,0.9980769230769231
C81,qwen_m512,512,512,10,8,False,28205,median,,parent_over_candidate,0.9963184108165521
C81,qwen_m512,512,512,10,8,False,28205,round,1,frontier_over_candidate,0.9792843691148774
C81,qwen_m512,512,512,10,8,False,28205,round,1,parent_over_candidate,0.9717514124293785
C81,qwen_m512,512,512,10,8,False,28205,round,2,frontier_over_parent,0.9925788497217068
C81,qwen_m512,512,512,10,8,False,28205,round,3,frontier_over_candidate,0.9961389961389961
C81,qwen_m512,512,512,10,8,False,28205,round,3,frontier_over_parent,0.9942196531791909
C81,qwen_m512,512,512,10,8,False,28205,round,5,frontier_over_candidate,0.9981412639405205
C81,qwen_m512,512,512,10,8,False,28205,round,5,parent_over_candidate,0.9907063197026025
C81,qwen_m512,512,512,10,8,False,28205,round,6,parent_over_candidate,0.9884169884169884
C81,qwen_prefill_m16384,16384,512,10,8,False,28206,round,2,parent_over_candidate,0.9959448499594484
C81,qwen_prefill_m16384,16384,512,10,8,False,28206,round,4,frontier_over_candidate,0.999614662705565
C81,qwen_prefill_m16384,16384,512,10,8,False,28206,round,4,parent_over_candidate,0.9956245571728675
C82,tp_m32,32,512,8,16,False,28201,median,,c7_over_c10,0.9968309733247516
C82,tp_m32,32,512,8,16,False,28201,median,,parent_over_candidate,0.9967201026583927
C82,tp_m32,32,512,8,16,False,28201,round,2,frontier_over_candidate,0.9956140350877192
C82,tp_m32,32,512,8,16,False,28201,round,2,frontier_over_parent,0.9978021978021977
C82,tp_m32,32,512,8,16,False,28201,round,2,parent_over_candidate,0.9978070175438597
C82,tp_m32,32,512,8,16,False,28201,round,3,c7_over_c10,0.9978813559322034
C82,tp_m32,32,512,8,16,False,28201,round,3,frontier_over_candidate,0.9955458096347563
C82,tp_m32,32,512,8,16,False,28201,round,3,parent_over_candidate,0.9889673130953197
C82,tp_m32,32,512,8,16,False,28201,round,4,c7_over_c10,0.9957805907172996
C82,tp_m32,32,512,8,16,False,28201,round,4,parent_over_candidate,0.9956331877729258
C82,tp_m32,32,512,8,16,False,28201,round,5,c7_over_c10,0.991578947368421
C82,tp_m32,32,512,8,16,False,28201,round,5,parent_over_candidate,0.9934065934065933
C82,tp_m32,32,512,8,16,False,28201,round,6,c7_over_c10,0.9956967891426679
C82,batch_m128,128,512,8,16,False,28202,median,,parent_over_candidate,0.9991496598639457
C82,batch_m128,128,512,8,16,False,28202,round,1,parent_over_candidate,0.9966666666666667
C82,batch_m128,128,512,8,16,False,28202,round,2,c7_over_c10,0.99510603588907
C82,batch_m128,128,512,8,16,False,28202,round,2,frontier_over_parent,0.9983580508474575
C82,batch_m128,128,512,8,16,False,28202,round,3,frontier_over_candidate,0.9932432432432432
C82,batch_m128,128,512,8,16,False,28202,round,3,frontier_over_parent,0.9932432432432432
C82,batch_m128,128,512,8,16,False,28202,round,5,parent_over_candidate,0.9965870307167235
C82,batch_m128,128,512,8,16,False,28202,round,6,parent_over_candidate,0.9982993197278913
C82,qwen_decode_m8,8,512,10,8,False,28203,median,,c7_over_c10,0.9985590778097984
C82,qwen_decode_m8,8,512,10,8,False,28203,round,1,c7_over_c10,0.9971181556195967
C82,qwen_decode_m8,8,512,10,8,False,28203,round,1,frontier_over_candidate,0.9999029597282872
C82,qwen_decode_m8,8,512,10,8,False,28203,round,1,frontier_over_parent,0.9907692307692307
C82,qwen_decode_m8,8,512,10,8,False,28203,round,2,c7_over_c10,0.9942196531791907
C82,qwen_decode_m8,8,512,10,8,False,28203,round,2,parent_over_candidate,0.9937888198757764
C82,qwen_decode_m8,8,512,10,8,False,28203,round,4,c7_over_c10,0.9885714285714288
C82,qwen_decode_m8,8,512,10,8,False,28203,round,4,frontier_over_candidate,0.9847094801223242
C82,qwen_decode_m8,8,512,10,8,False,28203,round,4,parent_over_candidate,0.9847094801223242
C82,qwen_batch_m128,128,512,10,8,False,28204,median,,c7_over_c10,0.9990875912408759
C82,qwen_batch_m128,128,512,10,8,False,28204,median,,frontier_over_candidate,0.997025774005972
C82,qwen_batch_m128,128,512,10,8,False,28204,median,,frontier_over_parent,0.9942074042847893
C82,qwen_batch_m128,128,512,10,8,False,28204,round,1,frontier_over_candidate,0.996031746031746
C82,qwen_batch_m128,128,512,10,8,False,28204,round,1,parent_over_candidate,0.996031746031746
C82,qwen_batch_m128,128,512,10,8,False,28204,round,2,c7_over_c10,0.9962686567164177
C82,qwen_batch_m128,128,512,10,8,False,28204,round,2,frontier_over_parent,0.9960629921259843
C82,qwen_batch_m128,128,512,10,8,False,28204,round,3,c7_over_c10,0.9981751824817519
C82,qwen_batch_m128,128,512,10,8,False,28204,round,3,frontier_over_candidate,0.9942528735632181
C82,qwen_batch_m128,128,512,10,8,False,28204,round,3,frontier_over_parent,0.9923518164435944
C82,qwen_batch_m128,128,512,10,8,False,28204,round,4,c7_over_c10,0.9962546816479403
C82,qwen_batch_m128,128,512,10,8,False,28204,round,4,frontier_over_candidate,0.9901380670611437
C82,qwen_batch_m128,128,512,10,8,False,28204,round,4,frontier_over_parent,0.9920948616600791
C82,qwen_batch_m128,128,512,10,8,False,28204,round,4,parent_over_candidate,0.9980276134122286
C82,qwen_batch_m128,128,512,10,8,False,28204,round,5,frontier_over_candidate,0.998019801980198
C82,qwen_batch_m128,128,512,10,8,False,28204,round,5,frontier_over_parent,0.9843749999999998
C82,qwen_m512,512,512,10,8,False,28205,round,1,frontier_over_candidate,0.9883945841392647
C82,qwen_m512,512,512,10,8,False,28205,round,1,parent_over_candidate,0.9825918762088974
C82,qwen_m512,512,512,10,8,False,28205,round,2,parent_over_candidate,0.9904942965779467
C82,qwen_m512,512,512,10,8,False,28205,round,6,frontier_over_candidate,0.9883268482490273
C82,qwen_m512,512,512,10,8,False,28205,round,6,v53_over_c7,0.9936948297604036
C82,qwen_m512,512,512,10,8,False,28205,round,6,frontier_over_parent,0.9806949806949807
C82,qwen_prefill_m16384,16384,512,10,8,False,28206,median,,frontier_over_candidate,0.9995884956067373
C82,qwen_prefill_m16384,16384,512,10,8,False,28206,median,,frontier_over_parent,0.987569523322618
C82,qwen_prefill_m16384,16384,512,10,8,False,28206,round,1,frontier_over_candidate,0.9948227797690163
C82,qwen_prefill_m16384,16384,512,10,8,False,28206,round,1,frontier_over_parent,0.99324055666004
C82,qwen_prefill_m16384,16384,512,10,8,False,28206,round,2,frontier_over_parent,0.989178356713427
C82,qwen_prefill_m16384,16384,512,10,8,False,28206,round,3,frontier_over_parent,0.9859606899318092
C82,qwen_prefill_m16384,16384,512,10,8,False,28206,round,4,frontier_over_candidate,0.9964086193136473
C82,qwen_prefill_m16384,16384,512,10,8,False,28206,round,4,frontier_over_parent,0.9940286624203819
C82,qwen_prefill_m16384,16384,512,10,8,False,28206,round,5,frontier_over_candidate,0.9983672746142845
C82,qwen_prefill_m16384,16384,512,10,8,False,28206,round,5,frontier_over_parent,0.9856057576969214
C82,qwen_prefill_m16384,16384,512,10,8,False,28206,round,6,frontier_over_parent,0.9852530888800319
C83,tp_m32,32,512,8,16,False,28201,median,,parent_over_candidate,0.9967201026583927
C83,tp_m32,32,512,8,16,False,28201,round,1,c7_over_c10,0.9915611814345991
C83,tp_m32,32,512,8,16,False,28201,round,1,frontier_over_candidate,0.9956521739130435
C83,tp_m32,32,512,8,16,False,28201,round,1,parent_over_candidate,0.9913043478260869
C83,tp_m32,32,512,8,16,False,28201,round,2,parent_over_candidate,0.9978070175438597
C83,tp_m32,32,512,8,16,False,28201,round,3,c7_over_c10,0.9957716701902747
C83,tp_m32,32,512,8,16,False,28201,round,3,frontier_over_parent,0.9977973568281938
C83,tp_m32,32,512,8,16,False,28201,round,4,parent_over_candidate,0.9956331877729258
C83,tp_m32,32,512,8,16,False,28201,round,5,frontier_over_parent,0.9977435897435898
C83,tp_m32,32,512,8,16,False,28201,round,6,parent_over_candidate,0.9955947136563876
C83,batch_m128,128,512,8,16,False,28202,median,,c7_over_c10,0.9983660087092803
C83,batch_m128,128,512,8,16,False,28202,median,,frontier_over_candidate,0.9966381901597849
C83,batch_m128,128,512,8,16,False,28202,median,,frontier_over_parent,0.9983050847457626
C83,batch_m128,128,512,8,16,False,28202,median,,parent_over_candidate,0.9999859701894587
C83,batch_m128,128,512,8,16,False,28202,round,1,frontier_over_candidate,0.9933554817275747
C83,batch_m128,128,512,8,16,False,28202,round,1,parent_over_candidate,0.9933554817275747
C83,batch_m128,128,512,8,16,False,28202,round,2,frontier_over_candidate,0.9965986394557825
C83,batch_m128,128,512,8,16,False,28202,round,2,parent_over_candidate,0.9948979591836735
C83,batch_m128,128,512,8,16,False,28202,round,3,c7_over_c10,0.9983686786296899
C83,batch_m128,128,512,8,16,False,28202,round,4,c7_over_c10,0.9967845659163987
C83,batch_m128,128,512,8,16,False,28202,round,4,frontier_over_candidate,0.9966777408637874
C83,batch_m128,128,512,8,16,False,28202,round,4,frontier_over_parent,0.9950248756218906
C83,batch_m128,128,512,8,16,False,28202,round,5,c7_over_c10,0.9983633387888707
C83,batch_m128,128,512,8,16,False,28202,round,5,frontier_over_candidate,0.9881756756756757
C83,batch_m128,128,512,8,16,False,28202,round,5,frontier_over_parent,0.9898477157360406
C83,batch_m128,128,512,8,16,False,28202,round,5,parent_over_candidate,0.9983108108108109
C83,batch_m128,128,512,8,16,False,28202,round,6,c7_over_c10,0.9967320261437909
C83,batch_m128,128,512,8,16,False,28202,round,6,frontier_over_candidate,0.99830220713073
C83,batch_m128,128,512,8,16,False,28202,round,6,frontier_over_parent,0.9966101694915253
C83,qwen_decode_m8,8,512,10,8,False,28203,round,1,frontier_over_candidate,0.9969040247678017
C83,qwen_decode_m8,8,512,10,8,False,28203,round,1,parent_over_candidate,0.9969040247678017
C83,qwen_decode_m8,8,512,10,8,False,28203,round,2,c7_over_c10,0.9942196531791907
C83,qwen_decode_m8,8,512,10,8,False,28203,round,3,parent_over_candidate,0.9937694704049844
C83,qwen_decode_m8,8,512,10,8,False,28203,round,4,frontier_over_candidate,0.9937888198757764
C83,qwen_decode_m8,8,512,10,8,False,28203,round,4,frontier_over_parent,0.9907120743034054
C83,qwen_decode_m8,8,512,10,8,False,28203,round,6,c7_over_c10,0.9942196531791907
C83,qwen_decode_m8,8,512,10,8,False,28203,round,6,parent_over_candidate,0.996875
C83,qwen_batch_m128,128,512,10,8,False,28204,median,,frontier_over_candidate,0.9970868240670221
C83,qwen_batch_m128,128,512,10,8,False,28204,median,,frontier_over_parent,0.9970491777918723
C83,qwen_batch_m128,128,512,10,8,False,28204,round,1,frontier_over_candidate,0.998019801980198
C83,qwen_batch_m128,128,512,10,8,False,28204,round,1,parent_over_candidate,0.994059405940594
C83,qwen_batch_m128,128,512,10,8,False,28204,round,2,frontier_over_candidate,0.9921568627450981
C83,qwen_batch_m128,128,512,10,8,False,28204,round,2,frontier_over_parent,0.9960629921259843
C83,qwen_batch_m128,128,512,10,8,False,28204,round,2,parent_over_candidate,0.996078431372549
C83,qwen_batch_m128,128,512,10,8,False,28204,round,3,frontier_over_candidate,0.9961538461538462
C83,qwen_batch_m128,128,512,10,8,False,28204,round,3,frontier_over_parent,0.9904397705544933
C83,qwen_batch_m128,128,512,10,8,False,28204,round,5,c7_over_c10,0.9943714821763602
C83,qwen_batch_m128,128,512,10,8,False,28204,round,5,frontier_over_parent,0.9980353634577603
C83,qwen_batch_m128,128,512,10,8,False,28204,round,6,frontier_over_candidate,0.9885057471264368
C83,qwen_batch_m128,128,512,10,8,False,28204,round,6,frontier_over_parent,0.9904030710172744
C83,qwen_batch_m128,128,512,10,8,False,28204,round,6,parent_over_candidate,0.9980842911877394
C83,qwen_m512,512,512,10,8,False,28205,round,3,frontier_over_parent,0.998062015503876
C84,tp_m32,32,512,8,16,False,28201,median,,parent_over_candidate,0.9989178419905975
C84,tp_m32,32,512,8,16,False,28201,round,2,c7_over_c10,0.9957627118644068
C84,tp_m32,32,512,8,16,False,28201,round,2,frontier_over_candidate,0.9934640522875818
C84,tp_m32,32,512,8,16,False,28201,round,2,frontier_over_parent,0.9978118161925601
C84,tp_m32,32,512,8,16,False,28201,round,2,parent_over_candidate,0.9956427015250547
C84,tp_m32,32,512,8,16,False,28201,round,3,parent_over_candidate,0.9934354485776803
C84,tp_m32,32,512,8,16,False,28201,round,5,c7_over_c10,0.9957805907172996
C84,tp_m32,32,512,8,16,False,28201,round,5,parent_over_candidate,0.9956140350877192
C84,tp_m32,32,512,8,16,False,28201,round,6,frontier_over_parent,0.9956331877729258
C84,batch_m128,128,512,8,16,False,28202,median,,frontier_over_candidate,0.9975165562913906
C84,batch_m128,128,512,8,16,False,28202,median,,frontier_over_parent,0.997457627118644
C84,batch_m128,128,512,8,16,False,28202,round,1,c7_over_c10,0.9967948717948718
C84,batch_m128,128,512,8,16,False,28202,round,1,frontier_over_candidate,0.9933774834437085
C84,batch_m128,128,512,8,16,False,28202,round,1,frontier_over_parent,0.9933774834437085
C84,batch_m128,128,512,8,16,False,28202,round,3,frontier_over_candidate,0.9949152542372881
C84,batch_m128,128,512,8,16,False,28202,round,3,frontier_over_parent,0.9949152542372881
C84,batch_m128,128,512,8,16,False,28202,round,4,c7_over_c10,0.9936102236421726
C84,batch_m128,128,512,8,16,False,28202,round,4,frontier_over_candidate,0.9950331125827813
C84,batch_m128,128,512,8,16,False,28202,round,4,frontier_over_parent,0.993388429752066
C84,batch_m128,128,512,8,16,False,28202,round,5,parent_over_candidate,0.9948892674616693
C84,qwen_decode_m8,8,512,10,8,False,28203,round,2,c7_over_c10,0.9971098265895953
C84,qwen_decode_m8,8,512,10,8,False,28203,round,2,frontier_over_parent,0.9968944099378882
C84,qwen_decode_m8,8,512,10,8,False,28203,round,4,frontier_over_parent,0.9878048780487805
C84,qwen_decode_m8,8,512,10,8,False,28203,round,6,c7_over_c10,0.9913793103448277
C84,qwen_batch_m128,128,512,10,8,False,28204,median,,parent_over_candidate,0.999036974009901
C84,qwen_batch_m128,128,512,10,8,False,28204,round,1,c7_over_c10,0.9925512104283056
C84,qwen_batch_m128,128,512,10,8,False,28204,round,1,frontier_over_candidate,0.9920792079207919
C84,qwen_batch_m128,128,512,10,8,False,28204,round,1,frontier_over_parent,0.9901185770750985
C84,qwen_batch_m128,128,512,10,8,False,28204,round,2,c7_over_c10,0.9981447124304265
C84,qwen_batch_m128,128,512,10,8,False,28204,round,2,frontier_over_candidate,0.99609375
C84,qwen_batch_m128,128,512,10,8,False,28204,round,2,parent_over_candidate,0.99609375
C84,qwen_batch_m128,128,512,10,8,False,28204,round,3,parent_over_candidate,0.9942748091603053
C84,qwen_batch_m128,128,512,10,8,False,28204,round,5,c7_over_c10,0.994413407821229
C84,qwen_batch_m128,128,512,10,8,False,28204,round,5,parent_over_candidate,0.996078431372549
C84,qwen_batch_m128,128,512,10,8,False,28204,round,6,frontier_over_parent,0.9942638623326958
C84,qwen_m512,512,512,10,8,False,28205,median,,frontier_over_parent,0.9951342536407767
C84,qwen_m512,512,512,10,8,False,28205,round,1,frontier_over_parent,0.99609375
C84,qwen_m512,512,512,10,8,False,28205,round,2,frontier_over_candidate,0.9980879541108987
C84,qwen_m512,512,512,10,8,False,28205,round,2,frontier_over_parent,0.981203007518797
C84,qwen_m512,512,512,10,8,False,28205,round,3,frontier_over_parent,0.9941747572815534
C84,qwen_m512,512,512,10,8,False,28205,round,4,frontier_over_parent,0.9883268482490274
C84,qwen_m512,512,512,10,8,False,28205,round,5,frontier_over_candidate,0.9943181818181818
C84,qwen_m512,512,512,10,8,False,28205,round,5,parent_over_candidate,0.9867424242424242
C84,qwen_prefill_m16384,16384,512,10,8,False,28206,median,,frontier_over_candidate,0.9988012233185662
C84,qwen_prefill_m16384,16384,512,10,8,False,28206,median,,frontier_over_parent,0.9991951698531679
C84,qwen_prefill_m16384,16384,512,10,8,False,28206,round,2,frontier_over_parent,0.9991961414790996
C84,qwen_prefill_m16384,16384,512,10,8,False,28206,round,3,frontier_over_candidate,0.9963942307692308
C84,qwen_prefill_m16384,16384,512,10,8,False,28206,round,3,frontier_over_parent,0.9967935871743488
C84,qwen_prefill_m16384,16384,512,10,8,False,28206,round,3,parent_over_candidate,0.9995993589743588
C84,qwen_prefill_m16384,16384,512,10,8,False,28206,round,4,frontier_over_candidate,0.9897759568892331
C84,qwen_prefill_m16384,16384,512,10,8,False,28206,round,4,parent_over_candidate,0.9889885456267917
C84,qwen_prefill_m16384,16384,512,10,8,False,28206,round,5,frontier_over_parent,0.9991941982272362
C84,qwen_prefill_m16384,16384,512,10,8,False,28206,round,6,frontier_over_candidate,0.988390712570056
C84,qwen_prefill_m16384,16384,512,10,8,False,28206,round,6,frontier_over_parent,0.9872174532368707
C85,tp_m32,32,512,8,16,False,28201,median,,frontier_over_candidate,0.9989270386266095
C85,tp_m32,32,512,8,16,False,28201,median,,frontier_over_parent,0.9935551309741375
C85,tp_m32,32,512,8,16,False,28201,round,1,parent_over_candidate,0.9978494623655914
C85,tp_m32,32,512,8,16,False,28201,round,2,c7_over_c10,0.9979209979209981
C85,tp_m32,32,512,8,16,False,28201,round,2,frontier_over_parent,0.9913978494623655
C85,tp_m32,32,512,8,16,False,28201,round,3,c7_over_c10,0.9937759336099586
C85,tp_m32,32,512,8,16,False,28201,round,3,frontier_over_candidate,0.9914529914529916
C85,tp_m32,32,512,8,16,False,28201,round,3,frontier_over_parent,0.9914529914529916
C85,tp_m32,32,512,8,16,False,28201,round,4,frontier_over_parent,0.9957264957264957
C85,tp_m32,32,512,8,16,False,28201,round,5,frontier_over_candidate,0.9956709956709957
C85,tp_m32,32,512,8,16,False,28201,round,5,frontier_over_parent,0.9935205183585314
C85,tp_m32,32,512,8,16,False,28201,round,6,frontier_over_candidate,0.997854077253219
C85,tp_m32,32,512,8,16,False,28201,round,6,frontier_over_parent,0.9935897435897437
C85,batch_m128,128,512,8,16,False,28202,median,,frontier_over_parent,0.9967159188955996
C85,batch_m128,128,512,8,16,False,28202,round,1,frontier_over_candidate,0.9966555183946488
C85,batch_m128,128,512,8,16,False,28202,round,1,frontier_over_parent,0.9966555183946488
C85,batch_m128,128,512,8,16,False,28202,round,2,frontier_over_candidate,0.9983579638752053
C85,batch_m128,128,512,8,16,False,28202,round,2,frontier_over_parent,0.9967213114754099
C85,batch_m128,128,512,8,16,False,28202,round,3,c7_over_c10,0.9904
C85,batch_m128,128,512,8,16,False,28202,round,4,frontier_over_candidate,0.995
C85,batch_m128,128,512,8,16,False,28202,round,4,frontier_over_parent,0.995
C85,batch_m128,128,512,8,16,False,28202,round,6,frontier_over_parent,0.9967105263157895
C85,qwen_decode_m8,8,512,10,8,False,28203,median,,frontier_over_candidate,0.9934957801890982
C85,qwen_decode_m8,8,512,10,8,False,28203,median,,frontier_over_parent,0.9983606557377048
C85,qwen_decode_m8,8,512,10,8,False,28203,median,,parent_over_candidate,0.9951402066202826
C85,qwen_decode_m8,8,512,10,8,False,28203,round,1,c7_over_c10,0.9969879518072289
C85,qwen_decode_m8,8,512,10,8,False,28203,round,1,frontier_over_candidate,0.9934640522875817
C85,qwen_decode_m8,8,512,10,8,False,28203,round,1,frontier_over_parent,0.9967213114754097
C85,qwen_decode_m8,8,512,10,8,False,28203,round,1,parent_over_candidate,0.9967320261437911
C85,qwen_decode_m8,8,512,10,8,False,28203,round,2,frontier_over_candidate,0.9935275080906147
C85,qwen_decode_m8,8,512,10,8,False,28203,round,2,parent_over_candidate,0.9935275080906147
C85,qwen_decode_m8,8,512,10,8,False,28203,round,3,frontier_over_candidate,0.9870967741935484
C85,qwen_decode_m8,8,512,10,8,False,28203,round,3,frontier_over_parent,0.9935064935064934
C85,qwen_decode_m8,8,512,10,8,False,28203,round,3,parent_over_candidate,0.9935483870967742
C85,qwen_decode_m8,8,512,10,8,False,28203,round,4,c7_over_c10,0.9969604863221886
C85,qwen_decode_m8,8,512,10,8,False,28203,round,4,frontier_over_candidate,0.9934640522875817
C85,qwen_decode_m8,8,512,10,8,False,28203,round,4,frontier_over_parent,0.9934640522875817
C85,qwen_decode_m8,8,512,10,8,False,28203,round,6,parent_over_candidate,0.9934853420195442
C85,qwen_batch_m128,128,512,10,8,False,28204,median,,c7_over_c10,0.9963915178716625
C85,qwen_batch_m128,128,512,10,8,False,28204,median,,frontier_over_candidate,0.9971626643796454
C85,qwen_batch_m128,128,512,10,8,False,28204,median,,frontier_over_parent,0.9943537153903006
C85,qwen_batch_m128,128,512,10,8,False,28204,round,1,c7_over_c10,0.9982046678635548
C85,qwen_batch_m128,128,512,10,8,False,28204,round,1,frontier_over_candidate,0.9924812030075187
C85,qwen_batch_m128,128,512,10,8,False,28204,round,1,frontier_over_parent,0.9887640449438204
C85,qwen_batch_m128,128,512,10,8,False,28204,round,2,c7_over_c10,0.9909255898366606
C85,qwen_batch_m128,128,512,10,8,False,28204,round,2,frontier_over_parent,0.992467043314501
C85,qwen_batch_m128,128,512,10,8,False,28204,round,3,c7_over_c10,0.9944237918215615
C85,qwen_batch_m128,128,512,10,8,False,28204,round,4,c7_over_c10,0.9981981981981984
C85,qwen_batch_m128,128,512,10,8,False,28204,round,4,frontier_over_candidate,0.9981132075471696
C85,qwen_batch_m128,128,512,10,8,False,28204,round,4,frontier_over_parent,0.9924953095684801
C85,qwen_batch_m128,128,512,10,8,False,28204,round,5,c7_over_c10,0.9945848375451264
C85,qwen_batch_m128,128,512,10,8,False,28204,round,5,frontier_over_candidate,0.9962121212121212
C85,qwen_batch_m128,128,512,10,8,False,28204,round,5,frontier_over_parent,0.9962121212121212
C85,qwen_batch_m128,128,512,10,8,False,28204,round,6,frontier_over_candidate,0.996039603960396
C85,qwen_batch_m128,128,512,10,8,False,28204,round,6,frontier_over_parent,0.998015873015873
C85,qwen_batch_m128,128,512,10,8,False,28204,round,6,parent_over_candidate,0.998019801980198
C85,qwen_m512,512,512,10,8,False,28205,round,1,parent_over_candidate,0.9884615384615386
C85,qwen_prefill_m16384,16384,512,10,8,False,28206,median,,frontier_over_parent,0.9747768723321691
C85,qwen_prefill_m16384,16384,512,10,8,False,28206,round,1,frontier_over_parent,0.9690761499806726
C85,qwen_prefill_m16384,16384,512,10,8,False,28206,round,2,frontier_over_parent,0.9775193798449613
C85,qwen_prefill_m16384,16384,512,10,8,False,28206,round,3,frontier_over_candidate,0.9992050874403816
C85,qwen_prefill_m16384,16384,512,10,8,False,28206,round,3,frontier_over_parent,0.9755529685681024
C85,qwen_prefill_m16384,16384,512,10,8,False,28206,round,4,frontier_over_parent,0.9732661759008137
C85,qwen_prefill_m16384,16384,512,10,8,False,28206,round,5,frontier_over_parent,0.9787808641975312
C85,qwen_prefill_m16384,16384,512,10,8,False,28206,round,6,frontier_over_candidate,0.9920948616600791
C85,qwen_prefill_m16384,16384,512,10,8,False,28206,round,6,frontier_over_parent,0.9740007760962359
C86,tp_m32,32,512,8,16,False,28201,median,,frontier_over_candidate,0.9967809967809969
C86,tp_m32,32,512,8,16,False,28201,median,,frontier_over_parent,0.9978609601200608
C86,tp_m32,32,512,8,16,False,28201,median,,parent_over_candidate,0.9967948717948718
C86,tp_m32,32,512,8,16,False,28201,round,1,frontier_over_candidate,0.9893842887473461
C86,tp_m32,32,512,8,16,False,28201,round,1,frontier_over_parent,0.9978586723768736
C86,tp_m32,32,512,8,16,False,28201,round,1,parent_over_candidate,0.9915074309978769
C86,tp_m32,32,512,8,16,False,28201,round,2,c7_over_c10,0.9979123173277662
C86,tp_m32,32,512,8,16,False,28201,round,2,frontier_over_parent,0.9914163090128757
C86,tp_m32,32,512,8,16,False,28201,round,3,frontier_over_candidate,0.9851694915254239
C86,tp_m32,32,512,8,16,False,28201,round,3,parent_over_candidate,0.9809322033898304
C86,tp_m32,32,512,8,16,False,28201,round,4,frontier_over_candidate,0.9957264957264957
C86,tp_m32,32,512,8,16,False,28201,round,4,parent_over_candidate,0.9935897435897437
C86,tp_m32,32,512,8,16,False,28201,round,5,frontier_over_candidate,0.9978354978354979
C86,tp_m32,32,512,8,16,False,28201,round,5,frontier_over_parent,0.9978354978354979
C86,tp_m32,32,512,8,16,False,28201,round,6,c7_over_c10,0.9916839916839917
C86,tp_m32,32,512,8,16,False,28201,round,6,frontier_over_parent,0.9978632478632479
C86,batch_m128,128,512,8,16,False,28202,median,,frontier_over_candidate,0.9991638795986622
C86,batch_m128,128,512,8,16,False,28202,round,1,frontier_over_candidate,0.9983277591973244
C86,batch_m128,128,512,8,16,False,28202,round,1,frontier_over_parent,0.9916943521594684
C86,batch_m128,128,512,8,16,False,28202,round,2,frontier_over_candidate,0.9967213114754099
C86,batch_m128,128,512,8,16,False,28202,round,2,parent_over_candidate,0.9967213114754099
C86,batch_m128,128,512,8,16,False,28202,round,3,c7_over_c10,0.9920508744038156
C86,batch_m128,128,512,8,16,False,28202,round,4,c7_over_c10,0.9951845906902085
C86,batch_m128,128,512,8,16,False,28202,round,4,frontier_over_parent,0.998330550918197
C86,batch_m128,128,512,8,16,False,28202,round,5,frontier_over_candidate,0.9967159277504105
C86,batch_m128,128,512,8,16,False,28202,round,5,parent_over_candidate,0.9950738916256158
C86,batch_m128,128,512,8,16,False,28202,round,6,parent_over_candidate,0.9983525535420099
C86,qwen_decode_m8,8,512,10,8,False,28203,median,,c7_over_c10,0.9970057464566506
C86,qwen_decode_m8,8,512,10,8,False,28203,median,,frontier_over_candidate,0.9920176700226013
C86,qwen_decode_m8,8,512,10,8,False,28203,median,,frontier_over_parent,0.9967213114754097
C86,qwen_decode_m8,8,512,10,8,False,28203,median,,parent_over_candidate,0.9920382165605096
C86,qwen_decode_m8,8,512,10,8,False,28203,round,1,frontier_over_parent,0.9967213114754097
C86,qwen_decode_m8,8,512,10,8,False,28203,round,2,frontier_over_candidate,0.9872611464968153
C86,qwen_decode_m8,8,512,10,8,False,28203,round,2,parent_over_candidate,0.9840764331210192
C86,qwen_decode_m8,8,512,10,8,False,28203,round,3,c7_over_c10,0.982456140350877
C86,qwen_decode_m8,8,512,10,8,False,28203,round,3,frontier_over_candidate,0.9870967741935484
C86,qwen_decode_m8,8,512,10,8,False,28203,round,3,frontier_over_parent,0.9870967741935484
C86,qwen_decode_m8,8,512,10,8,False,28203,round,4,c7_over_c10,0.9969788519637462
C86,qwen_decode_m8,8,512,10,8,False,28203,round,4,frontier_over_parent,0.9967213114754097
C86,qwen_decode_m8,8,512,10,8,False,28203,round,5,c7_over_c10,0.9940828402366864
C86,qwen_decode_m8,8,512,10,8,False,28203,round,5,frontier_over_candidate,0.9967741935483873
C86,qwen_decode_m8,8,512,10,8,False,28203,round,5,parent_over_candidate,0.9806451612903225
C86,qwen_decode_m8,8,512,10,8,False,28203,round,6,c7_over_c10,0.9970326409495549
C86,qwen_decode_m8,8,512,10,8,False,28203,round,6,frontier_over_candidate,0.9776357827476038
C86,qwen_decode_m8,8,512,10,8,False,28203,round,6,frontier_over_parent,0.9935064935064934
C86,qwen_decode_m8,8,512,10,8,False,28203,round,6,parent_over_candidate,0.9840255591054313
C86,qwen_batch_m128,128,512,10,8,False,28204,median,,c7_over_c10,0.9981614602872043
C86,qwen_batch_m128,128,512,10,8,False,28204,median,,frontier_over_candidate,0.9981811102458562
C86,qwen_batch_m128,128,512,10,8,False,28204,median,,frontier_over_parent,0.9971910112359552
C86,qwen_batch_m128,128,512,10,8,False,28204,median,,parent_over_candidate,0.9990583804143126
C86,qwen_batch_m128,128,512,10,8,False,28204,round,1,c7_over_c10,0.9981949458483754
C86,qwen_batch_m128,128,512,10,8,False,28204,round,1,parent_over_candidate,0.9962335216572502
C86,qwen_batch_m128,128,512,10,8,False,28204,round,2,c7_over_c10,0.9945652173913045
C86,qwen_batch_m128,128,512,10,8,False,28204,round,2,frontier_over_candidate,0.992467043314501
C86,qwen_batch_m128,128,512,10,8,False,28204,round,2,frontier_over_parent,0.9943396226415094
C86,qwen_batch_m128,128,512,10,8,False,28204,round,2,parent_over_candidate,0.9981167608286252
C86,qwen_batch_m128,128,512,10,8,False,28204,round,4,c7_over_c10,0.9945945945945945
C86,qwen_batch_m128,128,512,10,8,False,28204,round,4,frontier_over_candidate,0.9943820224719103
C86,qwen_batch_m128,128,512,10,8,False,28204,round,4,frontier_over_parent,0.9943820224719103
C86,qwen_batch_m128,128,512,10,8,False,28204,round,5,c7_over_c10,0.9981851179673321
C86,qwen_batch_m128,128,512,10,8,False,28204,round,5,frontier_over_candidate,0.9905838041431262
C86,qwen_batch_m128,128,512,10,8,False,28204,round,5,frontier_over_parent,0.9924528301886792
C86,qwen_batch_m128,128,512,10,8,False,28204,round,5,parent_over_candidate,0.9981167608286252
C86,qwen_batch_m128,128,512,10,8,False,28204,round,6,c7_over_c10,0.9981378026070765
C86,qwen_m512,512,512,10,8,False,28205,round,1,parent_over_candidate,0.9941860465116279
C86,qwen_m512,512,512,10,8,False,28205,round,4,frontier_over_candidate,0.9961315280464217
C86,qwen_m512,512,512,10,8,False,28205,round,4,frontier_over_parent,0.9961315280464217
C86,qwen_m512,512,512,10,8,False,28205,round,5,frontier_over_parent,0.9923076923076926
C86,qwen_prefill_m16384,16384,512,10,8,False,28206,median,,frontier_over_candidate,0.9990222917481423
C86,qwen_prefill_m16384,16384,512,10,8,False,28206,median,,frontier_over_parent,0.9718325783261319
C86,qwen_prefill_m16384,16384,512,10,8,False,28206,round,1,frontier_over_parent,0.9736536226268888
C86,qwen_prefill_m16384,16384,512,10,8,False,28206,round,2,frontier_over_parent,0.9801147227533461
C86,qwen_prefill_m16384,16384,512,10,8,False,28206,round,3,frontier_over_candidate,0.9964454976303317
C86,qwen_prefill_m16384,16384,512,10,8,False,28206,round,3,frontier_over_parent,0.9700115340253749
C86,qwen_prefill_m16384,16384,512,10,8,False,28206,round,4,frontier_over_parent,0.9762461059190032
C86,qwen_prefill_m16384,16384,512,10,8,False,28206,round,5,frontier_over_candidate,0.9980445834962846
C86,qwen_prefill_m16384,16384,512,10,8,False,28206,round,5,frontier_over_parent,0.9692366122293962
C86,qwen_prefill_m16384,16384,512,10,8,False,28206,round,6,frontier_over_candidate,0.9972244250594765
C86,qwen_prefill_m16384,16384,512,10,8,False,28206,round,6,frontier_over_parent,0.9673076923076922
C87,tp_m32,32,512,8,16,False,28201,median,,frontier_over_candidate,0.9989316239316239
C87,tp_m32,32,512,8,16,False,28201,median,,parent_over_candidate,0.9978771228771228
C87,tp_m32,32,512,8,16,False,28201,round,1,frontier_over_candidate,0.9872340425531916
C87,tp_m32,32,512,8,16,False,28201,round,1,parent_over_candidate,0.9872340425531916
C87,tp_m32,32,512,8,16,False,28201,round,3,c7_over_c10,0.9937369519832984
C87,tp_m32,32,512,8,16,False,28201,round,4,frontier_over_candidate,0.9978632478632479
C87,tp_m32,32,512,8,16,False,28201,round,4,parent_over_candidate,0.9935897435897437
C87,tp_m32,32,512,8,16,False,28201,round,5,frontier_over_parent,0.9935483870967742
C87,tp_m32,32,512,8,16,False,28201,round,6,c7_over_c10,0.9979079497907949
C87,tp_m32,32,512,8,16,False,28201,round,6,frontier_over_candidate,0.9957446808510638
C87,tp_m32,32,512,8,16,False,28201,round,6,parent_over_candidate,0.9872340425531916
C87,batch_m128,128,512,8,16,False,28202,median,,frontier_over_candidate,0.9991776315789473
C87,batch_m128,128,512,8,16,False,28202,median,,parent_over_candidate,0.9966885964912281
C87,batch_m128,128,512,8,16,False,28202,round,1,parent_over_candidate,0.994991652754591
C87,batch_m128,128,512,8,16,False,28202,round,2,parent_over_candidate,0.9967105263157895
C87,batch_m128,128,512,8,16,False,28202,round,3,c7_over_c10,0.9967948717948718
C87,batch_m128,128,512,8,16,False,28202,round,3,frontier_over_candidate,0.9950819672131147
C87,batch_m128,128,512,8,16,False,28202,round,3,parent_over_candidate,0.9901639344262296
C87,batch_m128,128,512,8,16,False,28202,round,4,frontier_over_candidate,0.9966666666666667
C87,batch_m128,128,512,8,16,False,28202,round,4,parent_over_candidate,0.9966666666666667
C87,batch_m128,128,512,8,16,False,28202,round,5,frontier_over_parent,0.9967213114754099
C87,batch_m128,128,512,8,16,False,28202,round,6,frontier_over_candidate,0.9983552631578947
C87,batch_m128,128,512,8,16,False,28202,round,6,frontier_over_parent,0.9918300653594772
C87,qwen_decode_m8,8,512,10,8,False,28203,round,1,frontier_over_candidate,0.9967213114754097
C87,qwen_decode_m8,8,512,10,8,False,28203,round,1,parent_over_candidate,0.9901639344262295
C87,qwen_decode_m8,8,512,10,8,False,28203,round,2,frontier_over_parent,0.9870967741935484
C87,qwen_decode_m8,8,512,10,8,False,28203,round,3,frontier_over_parent,0.9870967741935484
C87,qwen_decode_m8,8,512,10,8,False,28203,round,4,c7_over_c10,0.9848942598187311
C87,qwen_decode_m8,8,512,10,8,False,28203,round,5,c7_over_c10,0.9970059880239521
C87,qwen_decode_m8,8,512,10,8,False,28203,round,6,frontier_over_candidate,0.9935064935064934
C87,qwen_decode_m8,8,512,10,8,False,28203,round,6,parent_over_candidate,0.987012987012987
C87,qwen_batch_m128,128,512,10,8,False,28204,median,,c7_over_c10,0.9945945770459446
C87,qwen_batch_m128,128,512,10,8,False,28204,median,,frontier_over_candidate,0.9981060606060606
C87,qwen_batch_m128,128,512,10,8,False,28204,median,,frontier_over_parent,0.9999928530588909
C87,qwen_batch_m128,128,512,10,8,False,28204,median,,parent_over_candidate,0.9981203007518797
C87,qwen_batch_m128,128,512,10,8,False,28204,round,1,c7_over_c10,0.9946332737030409
C87,qwen_batch_m128,128,512,10,8,False,28204,round,1,parent_over_candidate,0.9943289224952743
C87,qwen_batch_m128,128,512,10,8,False,28204,round,2,c7_over_c10,0.9945848375451264
C87,qwen_batch_m128,128,512,10,8,False,28204,round,2,frontier_over_candidate,0.9962121212121212
C87,qwen_batch_m128,128,512,10,8,False,28204,round,2,frontier_over_parent,0.9962121212121212
C87,qwen_batch_m128,128,512,10,8,False,28204,round,3,c7_over_c10,0.9925373134328358
C87,qwen_batch_m128,128,512,10,8,False,28204,round,3,frontier_over_candidate,0.9921104536489149
C87,qwen_batch_m128,128,512,10,8,False,28204,round,3,frontier_over_parent,0.9901574803149606
C87,qwen_batch_m128,128,512,10,8,False,28204,round,4,c7_over_c10,0.9946043165467627
C87,qwen_batch_m128,128,512,10,8,False,28204,round,4,parent_over_candidate,0.9962406015037594
C87,qwen_batch_m128,128,512,10,8,False,28204,round,5,frontier_over_candidate,0.9905123339658444
C87,qwen_batch_m128,128,512,10,8,False,28204,round,5,frontier_over_parent,0.9886363636363636
C87,qwen_batch_m128,128,512,10,8,False,28204,round,6,c7_over_c10,0.9944237918215615
C87,qwen_batch_m128,128,512,10,8,False,28204,round,6,parent_over_candidate,0.996031746031746
C87,qwen_m512,512,512,10,8,False,28205,round,1,frontier_over_candidate,0.9980769230769231
C87,qwen_m512,512,512,10,8,False,28205,round,1,parent_over_candidate,0.9884615384615385
C87,qwen_m512,512,512,10,8,False,28205,round,2,frontier_over_candidate,0.9961389961389961
C87,qwen_m512,512,512,10,8,False,28205,round,2,frontier_over_parent,0.9942196531791909
C87,qwen_m512,512,512,10,8,False,28205,round,6,frontier_over_candidate,0.9925093632958806
C87,qwen_m512,512,512,10,8,False,28205,round,6,frontier_over_parent,0.9906542056074769
C87,qwen_prefill_m16384,16384,512,10,8,False,28206,median,,frontier_over_candidate,0.9994054095794342
C87,qwen_prefill_m16384,16384,512,10,8,False,28206,median,,frontier_over_parent,0.9730738002750614
C87,qwen_prefill_m16384,16384,512,10,8,False,28206,round,1,frontier_over_candidate,0.9992015968063871
C87,qwen_prefill_m16384,16384,512,10,8,False,28206,round,1,frontier_over_parent,0.9754481683554169
C87,qwen_prefill_m16384,16384,512,10,8,False,28206,round,2,frontier_over_candidate,0.9996092223524815
C87,qwen_prefill_m16384,16384,512,10,8,False,28206,round,2,frontier_over_parent,0.9733637747336378
C87,qwen_prefill_m16384,16384,512,10,8,False,28206,round,3,frontier_over_candidate,0.998021369212505
C87,qwen_prefill_m16384,16384,512,10,8,False,28206,round,3,frontier_over_parent,0.9722436391673092
C87,qwen_prefill_m16384,16384,512,10,8,False,28206,round,4,frontier_over_candidate,0.9956227616394747
C87,qwen_prefill_m16384,16384,512,10,8,False,28206,round,4,frontier_over_parent,0.9727838258164851
C87,qwen_prefill_m16384,16384,512,10,8,False,28206,round,5,frontier_over_parent,0.9824226213221244
C87,qwen_prefill_m16384,16384,512,10,8,False,28206,round,6,frontier_over_parent,0.9711093990755008
C88,tp_m32,32,512,8,16,False,28201,round,1,c7_over_c10,0.9958333333333333
C88,tp_m32,32,512,8,16,False,28201,round,1,frontier_over_candidate,0.9978632478632479
C88,tp_m32,32,512,8,16,False,28201,round,1,frontier_over_parent,0.9978632478632479
C88,tp_m32,32,512,8,16,False,28201,round,2,frontier_over_parent,0.9956896551724138
C88,tp_m32,32,512,8,16,False,28201,round,3,c7_over_c10,0.99581589958159
C88,tp_m32,32,512,8,16,False,28201,round,3,frontier_over_candidate,0.9978678038379529
C88,tp_m32,32,512,8,16,False,28201,round,3,parent_over_candidate,0.9914712153518124
C88,tp_m32,32,512,8,16,False,28201,round,4,parent_over_candidate,0.9978723404255321
C88,batch_m128,128,512,8,16,False,28202,median,,frontier_over_candidate,0.9958976015505128
C88,batch_m128,128,512,8,16,False,28202,median,,parent_over_candidate,0.9975246305418719
C88,batch_m128,128,512,8,16,False,28202,round,1,parent_over_candidate,0.9983333333333333
C88,batch_m128,128,512,8,16,False,28202,round,2,c7_over_c10,0.9984076433121019
C88,batch_m128,128,512,8,16,False,28202,round,2,frontier_over_candidate,0.9950738916256158
C88,batch_m128,128,512,8,16,False,28202,round,2,frontier_over_parent,0.9983525535420099
C88,batch_m128,128,512,8,16,False,28202,round,2,parent_over_candidate,0.9967159277504105
C88,batch_m128,128,512,8,16,False,28202,round,3,frontier_over_candidate,0.9918166939443536
C88,batch_m128,128,512,8,16,False,28202,round,3,parent_over_candidate,0.9918166939443536
C88,batch_m128,128,512,8,16,False,28202,round,4,frontier_over_candidate,0.9917081260364843
C88,batch_m128,128,512,8,16,False,28202,round,4,parent_over_candidate,0.9917081260364843
C88,batch_m128,128,512,8,16,False,28202,round,5,frontier_over_candidate,0.9967213114754099
C88,batch_m128,128,512,8,16,False,28202,round,5,frontier_over_parent,0.9983579638752053
C88,batch_m128,128,512,8,16,False,28202,round,5,parent_over_candidate,0.9983606557377049
C88,batch_m128,128,512,8,16,False,28202,round,6,c7_over_c10,0.9984025559105432
C88,qwen_decode_m8,8,512,10,8,False,28203,median,,c7_over_c10,0.9985119047619049
C88,qwen_decode_m8,8,512,10,8,False,28203,median,,frontier_over_candidate,0.998371335504886
C88,qwen_decode_m8,8,512,10,8,False,28203,median,,parent_over_candidate,0.998371335504886
C88,qwen_decode_m8,8,512,10,8,False,28203,round,1,frontier_over_candidate,0.996742671009772
C88,qwen_decode_m8,8,512,10,8,False,28203,round,1,parent_over_candidate,0.996742671009772
C88,qwen_decode_m8,8,512,10,8,False,28203,round,2,c7_over_c10,0.9851632047477746
C88,qwen_decode_m8,8,512,10,8,False,28203,round,2,frontier_over_candidate,0.9934853420195442
C88,qwen_decode_m8,8,512,10,8,False,28203,round,2,frontier_over_parent,0.9838709677419356
C88,qwen_decode_m8,8,512,10,8,False,28203,round,3,c7_over_c10,0.9822485207100593
C88,qwen_decode_m8,8,512,10,8,False,28203,round,3,frontier_over_parent,0.9840255591054313
C88,qwen_decode_m8,8,512,10,8,False,28203,round,5,c7_over_c10,0.9970238095238096
C88,qwen_decode_m8,8,512,10,8,False,28203,round,5,parent_over_candidate,0.9935064935064934
C88,qwen_decode_m8,8,512,10,8,False,28203,round,6,frontier_over_candidate,0.9903846153846155
C88,qwen_decode_m8,8,512,10,8,False,28203,round,6,parent_over_candidate,0.9839743589743589
C88,qwen_batch_m128,128,512,10,8,False,28204,median,,c7_over_c10,0.9999765153472204
C88,qwen_batch_m128,128,512,10,8,False,28204,median,,frontier_over_candidate,0.99718397776806
C88,qwen_batch_m128,128,512,10,8,False,28204,median,,parent_over_candidate,0.9953060418400598
C88,qwen_batch_m128,128,512,10,8,False,28204,round,1,frontier_over_candidate,0.9962476547842402
C88,qwen_batch_m128,128,512,10,8,False,28204,round,1,parent_over_candidate,0.9943714821763602
C88,qwen_batch_m128,128,512,10,8,False,28204,round,2,c7_over_c10,0.9945750452079566
C88,qwen_batch_m128,128,512,10,8,False,28204,round,3,frontier_over_candidate,0.9960474308300395
C88,qwen_batch_m128,128,512,10,8,False,28204,round,3,frontier_over_parent,0.9960474308300395
C88,qwen_batch_m128,128,512,10,8,False,28204,round,4,frontier_over_candidate,0.9981203007518797
C88,qwen_batch_m128,128,512,10,8,False,28204,round,4,parent_over_candidate,0.9962406015037594
C88,qwen_batch_m128,128,512,10,8,False,28204,round,5,c7_over_c10,0.9945750452079566
C88,qwen_batch_m128,128,512,10,8,False,28204,round,5,frontier_over_candidate,0.9849624060150376
C88,qwen_batch_m128,128,512,10,8,False,28204,round,5,frontier_over_parent,0.9924242424242424
C88,qwen_batch_m128,128,512,10,8,False,28204,round,5,parent_over_candidate,0.9924812030075187
C88,qwen_batch_m128,128,512,10,8,False,28204,round,6,c7_over_c10,0.9981447124304265
C88,qwen_batch_m128,128,512,10,8,False,28204,round,6,parent_over_candidate,0.9920948616600791
C88,qwen_m512,512,512,10,8,False,28205,round,1,frontier_over_parent,0.9961389961389961
C88,qwen_m512,512,512,10,8,False,28205,round,3,frontier_over_parent,0.9906191369606003
C88,qwen_prefill_m16384,16384,512,10,8,False,28206,median,,frontier_over_candidate,0.999007307624582
C88,qwen_prefill_m16384,16384,512,10,8,False,28206,median,,frontier_over_parent,0.9729252508075027
C88,qwen_prefill_m16384,16384,512,10,8,False,28206,round,1,frontier_over_parent,0.971749226006192
C88,qwen_prefill_m16384,16384,512,10,8,False,28206,round,2,frontier_over_parent,0.9775888717156106
C88,qwen_prefill_m16384,16384,512,10,8,False,28206,round,3,frontier_over_candidate,0.99644128113879
C88,qwen_prefill_m16384,16384,512,10,8,False,28206,round,3,frontier_over_parent,0.9741012756088134
C88,qwen_prefill_m16384,16384,512,10,8,False,28206,round,4,frontier_over_candidate,0.9948310139165011
C88,qwen_prefill_m16384,16384,512,10,8,False,28206,round,4,frontier_over_parent,0.9712732919254657
C88,qwen_prefill_m16384,16384,512,10,8,False,28206,round,5,frontier_over_candidate,0.9972222222222223
C88,qwen_prefill_m16384,16384,512,10,8,False,28206,round,5,frontier_over_parent,0.9672825250192456
C88,qwen_prefill_m16384,16384,512,10,8,False,28206,round,6,frontier_over_parent,0.9783113865220759
C89,tp_m32,32,512,8,16,False,28201,median,,frontier_over_candidate,0.9967900893432808
C89,tp_m32,32,512,8,16,False,28201,median,,frontier_over_parent,0.9989293361884368
C89,tp_m32,32,512,8,16,False,28201,median,,parent_over_candidate,0.9967925350207487
C89,tp_m32,32,512,8,16,False,28201,round,1,frontier_over_candidate,0.9936034115138591
C89,tp_m32,32,512,8,16,False,28201,round,1,parent_over_candidate,0.9936034115138591
C89,tp_m32,32,512,8,16,False,28201,round,2,c7_over_c10,0.9937759336099586
C89,tp_m32,32,512,8,16,False,28201,round,2,frontier_over_candidate,0.9978354978354979
C89,tp_m32,32,512,8,16,False,28201,round,2,frontier_over_parent,0.9978354978354979
C89,tp_m32,32,512,8,16,False,28201,round,3,frontier_over_candidate,0.9957446808510638
C89,tp_m32,32,512,8,16,False,28201,round,3,parent_over_candidate,0.9914893617021276
C89,tp_m32,32,512,8,16,False,28201,round,4,c7_over_c10,0.9979079497907949
C89,tp_m32,32,512,8,16,False,28201,round,4,frontier_over_candidate,0.9936034115138591
C89,tp_m32,32,512,8,16,False,28201,round,4,frontier_over_parent,0.9978586723768736
C89,tp_m32,32,512,8,16,False,28201,round,4,parent_over_candidate,0.9957356076759061
C89,tp_m32,32,512,8,16,False,28201,round,5,frontier_over_candidate,0.9978354978354979
C89,tp_m32,32,512,8,16,False,28201,round,5,frontier_over_parent,0.9956803455723543
C89,tp_m32,32,512,8,16,False,28201,round,6,parent_over_candidate,0.9978494623655914
C89,batch_m128,128,512,8,16,False,28202,median,,c7_over_c10,0.9991935483870968
C89,batch_m128,128,512,8,16,False,28202,median,,frontier_over_candidate,0.9967213114754099
C89,batch_m128,128,512,8,16,False,28202,median,,frontier_over_parent,0.9975218434738675
C89,batch_m128,128,512,8,16,False,28202,round,1,c7_over_c10,0.9967741935483871
C89,batch_m128,128,512,8,16,False,28202,round,1,frontier_over_candidate,0.9950083194675541
C89,batch_m128,128,512,8,16,False,28202,round,1,frontier_over_parent,0.9933554817275747
C89,batch_m128,128,512,8,16,False,28202,round,2,frontier_over_candidate,0.9950819672131147
C89,batch_m128,128,512,8,16,False,28202,round,2,frontier_over_parent,0.9967159277504105
C89,batch_m128,128,512,8,16,False,28202,round,2,parent_over_candidate,0.9983606557377049
C89,batch_m128,128,512,8,16,False,28202,round,3,c7_over_c10,0.9936305732484076
C89,batch_m128,128,512,8,16,False,28202,round,3,frontier_over_candidate,0.9983606557377049
C89,batch_m128,128,512,8,16,False,28202,round,3,parent_over_candidate,0.9950819672131147
C89,batch_m128,128,512,8,16,False,28202,round,4,c7_over_c10,0.9983870967741936
C89,batch_m128,128,512,8,16,False,28202,round,4,frontier_over_parent,0.9983277591973244
C89,batch_m128,128,512,8,16,False,28202,round,6,frontier_over_candidate,0.9821138211382116
C89,batch_m128,128,512,8,16,False,28202,round,6,frontier_over_parent,0.9869281045751636
C89,batch_m128,128,512,8,16,False,28202,round,6,parent_over_candidate,0.9951219512195122
C89,qwen_decode_m8,8,512,10,8,False,28203,median,,frontier_over_candidate,0.9984288587229764
C89,qwen_decode_m8,8,512,10,8,False,28203,median,,frontier_over_parent,0.9967372791143282
C89,qwen_decode_m8,8,512,10,8,False,28203,round,1,frontier_over_candidate,0.9901960784313726
C89,qwen_decode_m8,8,512,10,8,False,28203,round,1,frontier_over_parent,0.9934426229508195
C89,qwen_decode_m8,8,512,10,8,False,28203,round,1,parent_over_candidate,0.9967320261437911
C89,qwen_decode_m8,8,512,10,8,False,28203,round,2,frontier_over_parent,0.9903225806451613
C89,qwen_decode_m8,8,512,10,8,False,28203,round,3,frontier_over_candidate,0.9904153354632588
C89,qwen_decode_m8,8,512,10,8,False,28203,round,3,parent_over_candidate,0.9840255591054313
C89,qwen_decode_m8,8,512,10,8,False,28203,round,4,c7_over_c10,0.9969696969696968
C89,qwen_decode_m8,8,512,10,8,False,28203,round,4,frontier_over_parent,0.9967213114754097
C89,qwen_decode_m8,8,512,10,8,False,28203,round,5,c7_over_c10,0.9882005899705014
C89,qwen_decode_m8,8,512,10,8,False,28203,round,5,frontier_over_parent,0.9967532467532467
C89,qwen_decode_m8,8,512,10,8,False,28203,round,6,frontier_over_candidate,0.9935897435897436
C89,qwen_decode_m8,8,512,10,8,False,28203,round,6,parent_over_candidate,0.9839743589743589
C89,qwen_batch_m128,128,512,10,8,False,28204,median,,frontier_over_candidate,0.998019801980198
C89,qwen_batch_m128,128,512,10,8,False,28204,median,,frontier_over_parent,0.9990530303030303
C89,qwen_batch_m128,128,512,10,8,False,28204,round,1,c7_over_c10,0.9928057553956835
C89,qwen_batch_m128,128,512,10,8,False,28204,round,1,frontier_over_candidate,0.9924812030075187
C89,qwen_batch_m128,128,512,10,8,False,28204,round,1,frontier_over_parent,0.9906191369606003
C89,qwen_batch_m128,128,512,10,8,False,28204,round,3,frontier_over_candidate,0.998019801980198
C89,qwen_batch_m128,128,512,10,8,False,28204,round,3,frontier_over_parent,0.9921259842519685
C89,qwen_batch_m128,128,512,10,8,False,28204,round,4,frontier_over_candidate,0.9943820224719103
C89,qwen_batch_m128,128,512,10,8,False,28204,round,4,parent_over_candidate,0.9943820224719103
C89,qwen_batch_m128,128,512,10,8,False,28204,round,5,frontier_over_candidate,0.9981060606060606
C89,qwen_batch_m128,128,512,10,8,False,28204,round,5,frontier_over_parent,0.9981060606060606
C89,qwen_batch_m128,128,512,10,8,False,28204,round,6,c7_over_c10,0.9962686567164177
C89,qwen_batch_m128,128,512,10,8,False,28204,round,6,frontier_over_candidate,0.998019801980198
C89,qwen_batch_m128,128,512,10,8,False,28204,round,6,parent_over_candidate,0.998019801980198
C89,qwen_m512,512,512,10,8,False,28205,median,,frontier_over_candidate,0.9980732393523091
C89,qwen_m512,512,512,10,8,False,28205,median,,frontier_over_parent,0.9951811701811704
C89,qwen_m512,512,512,10,8,False,28205,round,1,frontier_over_candidate,0.9942084942084942
C89,qwen_m512,512,512,10,8,False,28205,round,1,frontier_over_parent,0.9942084942084942
C89,qwen_m512,512,512,10,8,False,28205,round,2,frontier_over_candidate,0.9884615384615386
C89,qwen_m512,512,512,10,8,False,28205,round,2,frontier_over_parent,0.9922779922779923
C89,qwen_m512,512,512,10,8,False,28205,round,2,parent_over_candidate,0.9961538461538464
C89,qwen_m512,512,512,10,8,False,28205,round,4,frontier_over_parent,0.9961538461538464
C89,qwen_m512,512,512,10,8,False,28205,round,5,parent_over_candidate,0.998062015503876
C89,qwen_m512,512,512,10,8,False,28205,round,6,frontier_over_candidate,0.9850187265917605
C89,qwen_m512,512,512,10,8,False,28205,round,6,frontier_over_parent,0.9850187265917605
C89,qwen_prefill_m16384,16384,512,10,8,False,28206,median,,frontier_over_parent,0.972106752523902
C89,qwen_prefill_m16384,16384,512,10,8,False,28206,round,1,frontier_over_parent,0.9712509712509713
C89,qwen_prefill_m16384,16384,512,10,8,False,28206,round,2,frontier_over_parent,0.978593272171254
C89,qwen_prefill_m16384,16384,512,10,8,False,28206,round,3,frontier_over_parent,0.9729625337968328
C89,qwen_prefill_m16384,16384,512,10,8,False,28206,round,4,frontier_over_parent,0.9670797831138651
C89,qwen_prefill_m16384,16384,512,10,8,False,28206,round,5,frontier_over_parent,0.9730140630938806
C89,qwen_prefill_m16384,16384,512,10,8,False,28206,round,6,frontier_over_parent,0.9688461538461539
C90,tp_m32,32,512,8,16,False,28201,median,,parent_over_candidate,0.99891549139777
C90,tp_m32,32,512,8,16,False,28201,round,1,frontier_over_candidate,0.9978632478632479
C90,tp_m32,32,512,8,16,False,28201,round,1,parent_over_candidate,0.9935897435897437
C90,tp_m32,32,512,8,16,False,28201,round,2,c7_over_c10,0.9896049896049897
C90,tp_m32,32,512,8,16,False,28201,round,4,frontier_over_candidate,0.9978632478632479
C90,tp_m32,32,512,8,16,False,28201,round,4,parent_over_candidate,0.9914529914529916
C90,tp_m32,32,512,8,16,False,28201,round,6,parent_over_candidate,0.9956896551724138
C90,batch_m128,128,512,8,16,False,28202,median,,c7_over_c10,0.9999935690656624
C90,batch_m128,128,512,8,16,False,28202,median,,frontier_over_candidate,0.9991816693944353
C90,batch_m128,128,512,8,16,False,28202,median,,parent_over_candidate,0.9999853036914806
C90,batch_m128,128,512,8,16,False,28202,round,2,parent_over_candidate,0.9983011583011583
C90,batch_m128,128,512,8,16,False,28202,round,3,c7_over_c10,0.9920255183413078
C90,batch_m128,128,512,8,16,False,28202,round,3,frontier_over_candidate,0.9983633387888707
C90,batch_m128,128,512,8,16,False,28202,round,3,parent_over_candidate,0.9885433715220951
C90,batch_m128,128,512,8,16,False,28202,round,4,c7_over_c10,0.998389694041868
C90,batch_m128,128,512,8,16,False,28202,round,4,frontier_over_candidate,0.996661101836394
C90,batch_m128,128,512,8,16,False,28202,round,4,parent_over_candidate,0.996661101836394
C90,batch_m128,128,512,8,16,False,28202,round,5,c7_over_c10,0.9952456418383518
C90,batch_m128,128,512,8,16,False,28202,round,5,frontier_over_parent,0.9967213114754099
C90,batch_m128,128,512,8,16,False,28202,round,6,frontier_over_candidate,0.9967105263157895
C90,batch_m128,128,512,8,16,False,28202,round,6,frontier_over_parent,0.9885807504078301
C90,qwen_decode_m8,8,512,10,8,False,28203,median,,parent_over_candidate,0.9935483870967742
C90,qwen_decode_m8,8,512,10,8,False,28203,round,1,parent_over_candidate,0.9901960784313726
C90,qwen_decode_m8,8,512,10,8,False,28203,round,2,frontier_over_candidate,0.9967741935483873
C90,qwen_decode_m8,8,512,10,8,False,28203,round,2,parent_over_candidate,0.9903225806451613
C90,qwen_decode_m8,8,512,10,8,False,28203,round,3,frontier_over_candidate,0.9838709677419356
C90,qwen_decode_m8,8,512,10,8,False,28203,round,3,frontier_over_parent,0.9902597402597404
C90,qwen_decode_m8,8,512,10,8,False,28203,round,3,parent_over_candidate,0.9935483870967742
C90,qwen_decode_m8,8,512,10,8,False,28203,round,4,c7_over_c10,0.9909909909909912
C90,qwen_decode_m8,8,512,10,8,False,28203,round,6,parent_over_candidate,0.9935483870967742
C90,qwen_batch_m128,128,512,10,8,False,28204,median,,frontier_over_candidate,0.996139700407993
C90,qwen_batch_m128,128,512,10,8,False,28204,median,,frontier_over_parent,0.9971191717618815
C90,qwen_batch_m128,128,512,10,8,False,28204,median,,parent_over_candidate,0.9990079365079365
C90,qwen_batch_m128,128,512,10,8,False,28204,round,1,frontier_over_candidate,0.9962476547842402
C90,qwen_batch_m128,128,512,10,8,False,28204,round,1,parent_over_candidate,0.9943714821763602
C90,qwen_batch_m128,128,512,10,8,False,28204,round,2,frontier_over_parent,0.9943714821763602
C90,qwen_batch_m128,128,512,10,8,False,28204,round,3,frontier_over_candidate,0.9901574803149606
C90,qwen_batch_m128,128,512,10,8,False,28204,round,3,parent_over_candidate,0.9901574803149606
C90,qwen_batch_m128,128,512,10,8,False,28204,round,4,c7_over_c10,0.9982014388489209
C90,qwen_batch_m128,128,512,10,8,False,28204,round,4,frontier_over_candidate,0.9943820224719103
C90,qwen_batch_m128,128,512,10,8,False,28204,round,4,frontier_over_parent,0.9943820224719103
C90,qwen_batch_m128,128,512,10,8,False,28204,round,5,frontier_over_parent,0.9962264150943396
C90,qwen_batch_m128,128,512,10,8,False,28204,round,6,c7_over_c10,0.987012987012987
C90,qwen_batch_m128,128,512,10,8,False,28204,round,6,frontier_over_candidate,0.996031746031746
C90,qwen_batch_m128,128,512,10,8,False,28204,round,6,frontier_over_parent,0.9980119284294234
C90,qwen_batch_m128,128,512,10,8,False,28204,round,6,parent_over_candidate,0.998015873015873
C90,qwen_m512,512,512,10,8,False,28205,median,,frontier_over_parent,0.9739139526373568
C90,qwen_m512,512,512,10,8,False,28205,round,1,frontier_over_candidate,0.9960474308300395
C90,qwen_m512,512,512,10,8,False,28205,round,1,frontier_over_parent,0.9748549323017408
C90,qwen_m512,512,512,10,8,False,28205,round,2,frontier_over_parent,0.9729729729729729
C90,qwen_m512,512,512,10,8,False,28205,round,3,frontier_over_parent,0.8951310861423223
C90,qwen_m512,512,512,10,8,False,28205,round,4,frontier_over_parent,0.9825581395348839
C90,qwen_m512,512,512,10,8,False,28205,round,5,frontier_over_parent,0.984375
C90,qwen_m512,512,512,10,8,False,28205,round,6,frontier_over_parent,0.908745247148289
C90,qwen_prefill_m16384,16384,512,10,8,False,28206,median,,frontier_over_parent,0.9733214647132771
C90,qwen_prefill_m16384,16384,512,10,8,False,28206,round,1,frontier_over_parent,0.9724592707525213
C90,qwen_prefill_m16384,16384,512,10,8,False,28206,round,2,frontier_over_parent,0.9737957610789979
C90,qwen_prefill_m16384,16384,512,10,8,False,28206,round,3,frontier_over_parent,0.9775280898876405
C90,qwen_prefill_m16384,16384,512,10,8,False,28206,round,4,frontier_over_candidate,0.9996014348345955
C90,qwen_prefill_m16384,16384,512,10,8,False,28206,round,4,frontier_over_parent,0.9728471683475564
C90,qwen_prefill_m16384,16384,512,10,8,False,28206,round,5,frontier_over_candidate,0.9976171564733917
C90,qwen_prefill_m16384,16384,512,10,8,False,28206,round,5,frontier_over_parent,0.9698841698841699
C90,qwen_prefill_m16384,16384,512,10,8,False,28206,round,6,frontier_over_parent,0.9752417794970987
C91,tp_m32,32,512,8,16,False,28201,median,,frontier_over_candidate,0.997833089174367
C91,tp_m32,32,512,8,16,False,28201,median,,parent_over_candidate,0.995675670621675
C91,tp_m32,32,512,8,16,False,28201,round,1,parent_over_candidate,0.9956803455723543
C91,tp_m32,32,512,8,16,False,28201,round,2,c7_over_c10,0.9978902953586499
C91,tp_m32,32,512,8,16,False,28201,round,2,frontier_over_candidate,0.9978213507625273
C91,tp_m32,32,512,8,16,False,28201,round,2,frontier_over_parent,0.9934924078091106
C91,tp_m32,32,512,8,16,False,28201,round,3,c7_over_c10,0.9895833333333333
C91,tp_m32,32,512,8,16,False,28201,round,3,frontier_over_candidate,0.9935897435897437
C91,tp_m32,32,512,8,16,False,28201,round,3,parent_over_candidate,0.9893162393162394
C91,tp_m32,32,512,8,16,False,28201,round,4,parent_over_candidate,0.9956709956709957
C91,tp_m32,32,512,8,16,False,28201,round,5,frontier_over_candidate,0.9956896551724138
C91,tp_m32,32,512,8,16,False,28201,round,5,parent_over_candidate,0.9935344827586207
C91,tp_m32,32,512,8,16,False,28201,round,6,frontier_over_candidate,0.9978448275862067
C91,tp_m32,32,512,8,16,False,28201,round,6,parent_over_candidate,0.9956896551724138
C91,batch_m128,128,512,8,16,False,28202,median,,c7_over_c10,0.9992050874403815
C91,batch_m128,128,512,8,16,False,28202,median,,parent_over_candidate,0.9983415841584159
C91,batch_m128,128,512,8,16,False,28202,round,1,c7_over_c10,0.9951612903225805
C91,batch_m128,128,512,8,16,False,28202,round,1,frontier_over_parent,0.9950166112956811
C91,batch_m128,128,512,8,16,False,28202,round,2,c7_over_c10,0.9984101748807631
C91,batch_m128,128,512,8,16,False,28202,round,3,c7_over_c10,0.9968051118210862
C91,batch_m128,128,512,8,16,False,28202,round,3,parent_over_candidate,0.9983498349834985
C91,batch_m128,128,512,8,16,False,28202,round,4,frontier_over_candidate,0.9966666666666667
C91,batch_m128,128,512,8,16,False,28202,round,4,frontier_over_parent,0.998330550918197
C91,batch_m128,128,512,8,16,False,28202,round,4,parent_over_candidate,0.9983333333333333
C91,batch_m128,128,512,8,16,False,28202,round,5,frontier_over_candidate,0.9983579638752053
C91,batch_m128,128,512,8,16,False,28202,round,5,parent_over_candidate,0.9967159277504105
C91,batch_m128,128,512,8,16,False,28202,round,6,parent_over_candidate,0.9966996699669969
C91,qwen_decode_m8,8,512,10,8,False,28203,median,,frontier_over_parent,0.9967948717948718
C91,qwen_decode_m8,8,512,10,8,False,28203,round,1,c7_over_c10,0.9881656804733727
C91,qwen_decode_m8,8,512,10,8,False,28203,round,2,c7_over_c10,0.9940828402366864
C91,qwen_decode_m8,8,512,10,8,False,28203,round,2,frontier_over_parent,0.9904761904761906
C91,qwen_decode_m8,8,512,10,8,False,28203,round,3,frontier_over_candidate,0.9808917197452229
C91,qwen_decode_m8,8,512,10,8,False,28203,round,3,frontier_over_parent,0.9746835443037974
C91,qwen_decode_m8,8,512,10,8,False,28203,round,4,parent_over_candidate,0.9967532467532467
C91,qwen_decode_m8,8,512,10,8,False,28203,round,6,frontier_over_parent,0.9935897435897436
C91,qwen_batch_m128,128,512,10,8,False,28204,median,,parent_over_candidate,0.9980392156862745
C91,qwen_batch_m128,128,512,10,8,False,28204,round,1,c7_over_c10,0.992831541218638
C91,qwen_batch_m128,128,512,10,8,False,28204,round,2,parent_over_candidate,0.9923954372623575
C91,qwen_batch_m128,128,512,10,8,False,28204,round,3,c7_over_c10,0.9962686567164177
C91,qwen_batch_m128,128,512,10,8,False,28204,round,3,parent_over_candidate,0.996078431372549
C91,qwen_batch_m128,128,512,10,8,False,28204,round,4,frontier_over_candidate,0.9981167608286252
C91,qwen_batch_m128,128,512,10,8,False,28204,round,4,frontier_over_parent,0.9962406015037594
C91,qwen_batch_m128,128,512,10,8,False,28204,round,5,frontier_over_candidate,0.9866920152091253
C91,qwen_batch_m128,128,512,10,8,False,28204,round,5,parent_over_candidate,0.9866920152091253
C91,qwen_m512,512,512,10,8,False,28205,median,,frontier_over_candidate,0.9990059642147118
C91,qwen_m512,512,512,10,8,False,28205,round,3,frontier_over_candidate,0.998
C91,qwen_m512,512,512,10,8,False,28205,round,3,parent_over_candidate,0.988
C91,qwen_m512,512,512,10,8,False,28205,round,4,frontier_over_candidate,0.9980119284294237
C91,qwen_m512,512,512,10,8,False,28205,round,4,frontier_over_parent,0.9940594059405943
C91,qwen_m512,512,512,10,8,False,28205,round,6,frontier_over_candidate,0.9960238568588466
C91,qwen_m512,512,512,10,8,False,28205,round,6,parent_over_candidate,0.9960238568588466
C91,qwen_prefill_m16384,16384,512,10,8,False,28206,median,,frontier_over_candidate,0.984118632718924
C91,qwen_prefill_m16384,16384,512,10,8,False,28206,median,,frontier_over_parent,0.8721205711278641
C91,qwen_prefill_m16384,16384,512,10,8,False,28206,round,1,frontier_over_candidate,0.9848206071757128
C91,qwen_prefill_m16384,16384,512,10,8,False,28206,round,1,frontier_over_parent,0.8767403767403766
C91,qwen_prefill_m16384,16384,512,10,8,False,28206,round,2,frontier_over_candidate,0.985825331504344
C91,qwen_prefill_m16384,16384,512,10,8,False,28206,round,2,frontier_over_parent,0.8704077513120712
C91,qwen_prefill_m16384,16384,512,10,8,False,28206,round,3,frontier_over_candidate,0.983416658262135
C91,qwen_prefill_m16384,16384,512,10,8,False,28206,round,3,frontier_over_parent,0.8677786818551667
C91,qwen_prefill_m16384,16384,512,10,8,False,28206,round,4,frontier_over_candidate,0.9880294659300183
C91,qwen_prefill_m16384,16384,512,10,8,False,28206,round,4,frontier_over_parent,0.8809523809523809
C91,qwen_prefill_m16384,16384,512,10,8,False,28206,round,5,frontier_over_candidate,0.9817434961204929
C91,qwen_prefill_m16384,16384,512,10,8,False,28206,round,5,frontier_over_parent,0.8652453740949319
C91,qwen_prefill_m16384,16384,512,10,8,False,28206,round,6,frontier_over_candidate,0.9820441988950278
C91,qwen_prefill_m16384,16384,512,10,8,False,28206,round,6,frontier_over_parent,0.8738333909436572
C92,tp_m32,32,512,8,16,False,28201,median,,frontier_over_parent,0.9999879502973866
C92,tp_m32,32,512,8,16,False,28201,round,2,parent_over_candidate,0.9956140350877192
C92,tp_m32,32,512,8,16,False,28201,round,3,frontier_over_candidate,0.9912280701754385
C92,tp_m32,32,512,8,16,False,28201,round,3,frontier_over_parent,0.9912280701754385
C92,tp_m32,32,512,8,16,False,28201,round,5,frontier_over_candidate,0.9978021978021977
C92,tp_m32,32,512,8,16,False,28201,round,5,frontier_over_parent,0.9934354485776803
C92,tp_m32,32,512,8,16,False,28201,round,6,c7_over_c10,0.9957716701902747
C92,tp_m32,32,512,8,16,False,28201,round,6,frontier_over_parent,0.9977924944812362
C92,batch_m128,128,512,8,16,False,28202,median,,frontier_over_candidate,0.9991708126036485
C92,batch_m128,128,512,8,16,False,28202,median,,parent_over_candidate,0.9991877668665288
C92,batch_m128,128,512,8,16,False,28202,round,1,parent_over_candidate,0.9966777408637874
C92,batch_m128,128,512,8,16,False,28202,round,2,frontier_over_candidate,0.9965986394557825
C92,batch_m128,128,512,8,16,False,28202,round,2,frontier_over_parent,0.9949066213921903
C92,batch_m128,128,512,8,16,False,28202,round,3,frontier_over_parent,0.9949409780775719
C92,batch_m128,128,512,8,16,False,28202,round,4,frontier_over_candidate,0.9983416252072969
C92,batch_m128,128,512,8,16,False,28202,round,4,parent_over_candidate,0.9950248756218906
C92,batch_m128,128,512,8,16,False,28202,round,6,frontier_over_candidate,0.9983136593591906
C92,batch_m128,128,512,8,16,False,28202,round,6,parent_over_candidate,0.9949409780775719
C92,qwen_decode_m8,8,512,10,8,False,28203,median,,c7_over_c10,0.995681350076407
C92,qwen_decode_m8,8,512,10,8,False,28203,round,1,c7_over_c10,0.9858356940509914
C92,qwen_decode_m8,8,512,10,8,False,28203,round,2,c7_over_c10,0.9971181556195967
C92,qwen_decode_m8,8,512,10,8,False,28203,round,3,c7_over_c10,0.9942528735632186
C92,qwen_decode_m8,8,512,10,8,False,28203,round,3,parent_over_candidate,0.9999999999999998
C92,qwen_decode_m8,8,512,10,8,False,28203,round,4,c7_over_c10,0.9914285714285714
C92,qwen_decode_m8,8,512,10,8,False,28203,round,4,frontier_over_candidate,0.9969135802469138
C92,qwen_decode_m8,8,512,10,8,False,28203,round,4,frontier_over_parent,0.9907975460122701
C92,qwen_decode_m8,8,512,10,8,False,28203,round,6,c7_over_c10,0.9971098265895953
C92,qwen_batch_m128,128,512,10,8,False,28204,round,1,frontier_over_parent,0.998019801980198
C92,qwen_batch_m128,128,512,10,8,False,28204,round,3,frontier_over_candidate,0.9923224568138196
C92,qwen_batch_m128,128,512,10,8,False,28204,round,3,frontier_over_parent,0.996146435452794
C92,qwen_batch_m128,128,512,10,8,False,28204,round,3,parent_over_candidate,0.9961612284069096
C92,qwen_batch_m128,128,512,10,8,False,28204,round,4,c7_over_c10,0.9888689199373877
C92,qwen_m512,512,512,10,8,False,28205,median,,frontier_over_parent,0.9921259842519685
C92,qwen_m512,512,512,10,8,False,28205,round,1,frontier_over_parent,0.9901574803149606
C92,qwen_m512,512,512,10,8,False,28205,round,3,frontier_over_parent,0.996062992125984
C92,qwen_m512,512,512,10,8,False,28205,round,4,frontier_over_parent,0.9695817490494296
C92,qwen_m512,512,512,10,8,False,28205,round,5,frontier_over_candidate,0.9866666666666667
C92,qwen_m512,512,512,10,8,False,28205,round,5,frontier_over_parent,0.9810606060606061
C92,qwen_m512,512,512,10,8,False,28205,round,6,frontier_over_candidate,0.9901960784313726
C92,qwen_m512,512,512,10,8,False,28205,round,6,frontier_over_parent,0.9940944881889764
C92,qwen_m512,512,512,10,8,False,28205,round,6,parent_over_candidate,0.996078431372549
C92,qwen_prefill_m16384,16384,512,10,8,False,28206,median,,frontier_over_candidate,0.9661971372750388
C92,qwen_prefill_m16384,16384,512,10,8,False,28206,median,,frontier_over_parent,0.8685582047540359
C92,qwen_prefill_m16384,16384,512,10,8,False,28206,round,1,frontier_over_candidate,0.9624664879356568
C92,qwen_prefill_m16384,16384,512,10,8,False,28206,round,1,frontier_over_parent,0.8678485092667204
C92,qwen_prefill_m16384,16384,512,10,8,False,28206,round,2,frontier_over_candidate,0.9710144927536234
C92,qwen_prefill_m16384,16384,512,10,8,False,28206,round,2,frontier_over_parent,0.8491089108910891
C92,qwen_prefill_m16384,16384,512,10,8,False,28206,round,3,frontier_over_candidate,0.9664444537615471
C92,qwen_prefill_m16384,16384,512,10,8,False,28206,round,3,frontier_over_parent,0.8692679002413515
C92,qwen_prefill_m16384,16384,512,10,8,False,28206,round,4,frontier_over_candidate,0.9659498207885304
C92,qwen_prefill_m16384,16384,512,10,8,False,28206,round,4,frontier_over_parent,0.8732280275415149
C92,qwen_prefill_m16384,16384,512,10,8,False,28206,round,5,frontier_over_candidate,0.9670569977426637
C92,qwen_prefill_m16384,16384,512,10,8,False,28206,round,5,frontier_over_parent,0.8517022862823063
C92,qwen_prefill_m16384,16384,512,10,8,False,28206,round,6,frontier_over_candidate,0.9643295403837572
C92,qwen_prefill_m16384,16384,512,10,8,False,28206,round,6,frontier_over_parent,0.8756331037277147
C93,tp_m32,32,512,8,16,False,28201,median,,c7_over_c10,0.9989429175475686
C93,tp_m32,32,512,8,16,False,28201,median,,frontier_over_candidate,0.9978142050395116
C93,tp_m32,32,512,8,16,False,28201,median,,parent_over_candidate,0.9978094168682099
C93,tp_m32,32,512,8,16,False,28201,round,1,c7_over_c10,0.9957627118644068
C93,tp_m32,32,512,8,16,False,28201,round,2,frontier_over_candidate,0.9978118161925601
C93,tp_m32,32,512,8,16,False,28201,round,2,parent_over_candidate,0.9956236323851202
C93,tp_m32,32,512,8,16,False,28201,round,3,frontier_over_candidate,0.9999311721384816
C93,tp_m32,32,512,8,16,False,28201,round,3,frontier_over_parent,0.9934354485776803
C93,tp_m32,32,512,8,16,False,28201,round,4,c7_over_c10,0.9936575052854122
C93,tp_m32,32,512,8,16,False,28201,round,4,frontier_over_candidate,0.9978118161925601
C93,tp_m32,32,512,8,16,False,28201,round,4,parent_over_candidate,0.9978118161925601
C93,tp_m32,32,512,8,16,False,28201,round,5,c7_over_c10,0.9978858350951373
C93,tp_m32,32,512,8,16,False,28201,round,5,frontier_over_candidate,0.997816593886463
C93,tp_m32,32,512,8,16,False,28201,round,5,parent_over_candidate,0.9934497816593887
C93,tp_m32,32,512,8,16,False,28201,round,6,frontier_over_candidate,0.9912280701754385
C93,tp_m32,32,512,8,16,False,28201,round,6,frontier_over_parent,0.9934065934065933
C93,tp_m32,32,512,8,16,False,28201,round,6,parent_over_candidate,0.9978070175438597
C93,batch_m128,128,512,8,16,False,28202,median,,c7_over_c10,0.9992081271147258
C93,batch_m128,128,512,8,16,False,28202,median,,parent_over_candidate,0.9983450502293942
C93,batch_m128,128,512,8,16,False,28202,round,1,parent_over_candidate,0.998390780730897
C93,batch_m128,128,512,8,16,False,28202,round,2,c7_over_c10,0.9983606557377049
C93,batch_m128,128,512,8,16,False,28202,round,2,frontier_over_candidate,0.9932546374367622
C93,batch_m128,128,512,8,16,False,28202,round,2,frontier_over_parent,0.9983050847457625
C93,batch_m128,128,512,8,16,False,28202,round,2,parent_over_candidate,0.9949409780775719
C93,batch_m128,128,512,8,16,False,28202,round,3,c7_over_c10,0.9918195213657842
C93,batch_m128,128,512,8,16,False,28202,round,3,parent_over_candidate,0.9982993197278913
C93,batch_m128,128,512,8,16,False,28202,round,5,parent_over_candidate,0.9965870307167234
C93,batch_m128,128,512,8,16,False,28202,round,6,c7_over_c10,0.9983660130718954
C93,qwen_decode_m8,8,512,10,8,False,28203,round,1,frontier_over_parent,0.9938271604938271
C93,qwen_decode_m8,8,512,10,8,False,28203,round,2,c7_over_c10,0.9942363112391932
C93,qwen_decode_m8,8,512,10,8,False,28203,round,4,frontier_over_parent,0.993846153846154
C93,qwen_batch_m128,128,512,10,8,False,28204,median,,frontier_over_parent,0.9990138067061144
C93,qwen_batch_m128,128,512,10,8,False,28204,round,1,c7_over_c10,0.9981273408239703
C93,qwen_batch_m128,128,512,10,8,False,28204,round,2,frontier_over_parent,0.9980276134122286
C93,qwen_batch_m128,128,512,10,8,False,28204,round,3,c7_over_c10,0.9927797833935018
C93,qwen_batch_m128,128,512,10,8,False,28204,round,3,frontier_over_candidate,0.9904761904761905
C93,qwen_batch_m128,128,512,10,8,False,28204,round,3,parent_over_candidate,0.9904761904761903
C93,qwen_batch_m128,128,512,10,8,False,28204,round,4,c7_over_c10,0.9981273408239703
C93,qwen_batch_m128,128,512,10,8,False,28204,round,5,frontier_over_parent,0.9960629921259843
C93,qwen_batch_m128,128,512,10,8,False,28204,round,6,frontier_over_candidate,0.9942528735632181
C93,qwen_batch_m128,128,512,10,8,False,28204,round,6,frontier_over_parent,0.9942528735632181
C93,qwen_m512,512,512,10,8,False,28205,round,3,parent_over_candidate,0.9979253112033195
C93,qwen_m512,512,512,10,8,False,28205,round,4,parent_over_candidate,0.9999373786711754
C93,qwen_m512,512,512,10,8,False,28205,round,6,parent_over_candidate,0.9979166666666667
C93,qwen_prefill_m16384,16384,512,10,8,False,28206,median,,frontier_over_parent,0.8788145385225079
C93,qwen_prefill_m16384,16384,512,10,8,False,28206,round,1,frontier_over_parent,0.8713592233009708
C93,qwen_prefill_m16384,16384,512,10,8,False,28206,round,2,frontier_over_candidate,0.9999854178514662
C93,qwen_prefill_m16384,16384,512,10,8,False,28206,round,2,frontier_over_parent,0.8797208538587848
C93,qwen_prefill_m16384,16384,512,10,8,False,28206,round,3,frontier_over_candidate,0.9972093023255815
C93,qwen_prefill_m16384,16384,512,10,8,False,28206,round,3,frontier_over_parent,0.8793980799056617
C93,qwen_prefill_m16384,16384,512,10,8,False,28206,round,4,frontier_over_parent,0.8713592233009707
C93,qwen_prefill_m16384,16384,512,10,8,False,28206,round,5,frontier_over_candidate,0.9962790697674418
C93,qwen_prefill_m16384,16384,512,10,8,False,28206,round,5,frontier_over_parent,0.8803832667582875
C93,qwen_prefill_m16384,16384,512,10,8,False,28206,round,6,frontier_over_parent,0.8782309971393542
C94,tp_m32,32,512,8,16,False,28201,round,1,parent_over_candidate,0.9934782608695654
C94,tp_m32,32,512,8,16,False,28201,round,2,frontier_over_parent,0.997816593886463
C94,tp_m32,32,512,8,16,False,28201,round,3,frontier_over_parent,0.9956521739130435
C94,tp_m32,32,512,8,16,False,28201,round,4,c7_over_c10,0.99581589958159
C94,tp_m32,32,512,8,16,False,28201,round,5,c7_over_c10,0.9936974789915967
C94,tp_m32,32,512,8,16,False,28201,round,6,frontier_over_candidate,0.9934354485776803
C94,tp_m32,32,512,8,16,False,28201,round,6,frontier_over_parent,0.9912663755458514
C94,batch_m128,128,512,8,16,False,28202,median,,c7_over_c10,0.9999934434828219
C94,batch_m128,128,512,8,16,False,28202,median,,frontier_over_candidate,0.9999860637277855
C94,batch_m128,128,512,8,16,False,28202,median,,frontier_over_parent,0.9991624790619765
C94,batch_m128,128,512,8,16,False,28202,round,1,parent_over_candidate,0.998344370860927
C94,batch_m128,128,512,8,16,False,28202,round,2,frontier_over_candidate,0.9983164983164983
C94,batch_m128,128,512,8,16,False,28202,round,2,parent_over_candidate,0.9932659932659934
C94,batch_m128,128,512,8,16,False,28202,round,3,c7_over_c10,0.9983739837398374
C94,batch_m128,128,512,8,16,False,28202,round,3,frontier_over_parent,0.998324958123953
C94,batch_m128,128,512,8,16,False,28202,round,4,c7_over_c10,0.9935794542536114
C94,batch_m128,128,512,8,16,False,28202,round,4,frontier_over_parent,0.9966996699669969
C94,batch_m128,128,512,8,16,False,28202,round,5,frontier_over_candidate,0.9966386554621847
C94,batch_m128,128,512,8,16,False,28202,round,5,parent_over_candidate,0.9966386554621847
C94,batch_m128,128,512,8,16,False,28202,round,6,c7_over_c10,0.996747967479675
C94,batch_m128,128,512,8,16,False,28202,round,6,frontier_over_candidate,0.9966329966329966
C94,batch_m128,128,512,8,16,False,28202,round,6,frontier_over_parent,0.9932885906040269
C94,qwen_decode_m8,8,512,10,8,False,28203,median,,c7_over_c10,0.99571019238641
C94,qwen_decode_m8,8,512,10,8,False,28203,median,,frontier_over_parent,0.996923076923077
C94,qwen_decode_m8,8,512,10,8,False,28203,round,1,c7_over_c10,0.9942857142857143
C94,qwen_decode_m8,8,512,10,8,False,28203,round,2,c7_over_c10,0.9913793103448277
C94,qwen_decode_m8,8,512,10,8,False,28203,round,3,parent_over_candidate,0.9968944099378882
C94,qwen_decode_m8,8,512,10,8,False,28203,round,4,c7_over_c10,0.9831460674157303
C94,qwen_decode_m8,8,512,10,8,False,28203,round,4,frontier_over_candidate,0.9969135802469138
C94,qwen_decode_m8,8,512,10,8,False,28203,round,4,frontier_over_parent,0.993846153846154
C94,qwen_decode_m8,8,512,10,8,False,28203,round,5,frontier_over_candidate,0.9969040247678017
C94,qwen_decode_m8,8,512,10,8,False,28203,round,5,frontier_over_parent,0.9938271604938271
C94,qwen_decode_m8,8,512,10,8,False,28203,round,6,c7_over_c10,0.9971346704871058
C94,qwen_decode_m8,8,512,10,8,False,28203,round,6,frontier_over_parent,0.9938271604938271
C94,qwen_batch_m128,128,512,10,8,False,28204,median,,c7_over_c10,0.9981949458483754
C94,qwen_batch_m128,128,512,10,8,False,28204,round,1,c7_over_c10,0.9962686567164177
C94,qwen_batch_m128,128,512,10,8,False,28204,round,2,frontier_over_parent,0.9922178988326851
C94,qwen_batch_m128,128,512,10,8,False,28204,round,3,frontier_over_candidate,0.9943289224952743
C94,qwen_batch_m128,128,512,10,8,False,28204,round,3,parent_over_candidate,0.9905482041587902
C94,qwen_batch_m128,128,512,10,8,False,28204,round,5,c7_over_c10,0.9906716417910447
C94,qwen_batch_m128,128,512,10,8,False,28204,round,5,frontier_over_parent,0.996078431372549
C94,qwen_batch_m128,128,512,10,8,False,28204,round,6,c7_over_c10,0.9963898916967507
C94,qwen_m512,512,512,10,8,False,28205,median,,frontier_over_candidate,0.9960784313725489
C94,qwen_m512,512,512,10,8,False,28205,median,,frontier_over_parent,0.9989944608495936
C94,qwen_m512,512,512,10,8,False,28205,median,,parent_over_candidate,0.9990157480314962
C94,qwen_m512,512,512,10,8,False,28205,round,1,parent_over_candidate,0.9980314960629924
C94,qwen_m512,512,512,10,8,False,28205,round,2,parent_over_candidate,0.9713740458015269
C94,qwen_m512,512,512,10,8,False,28205,round,3,frontier_over_candidate,0.9921568627450978
C94,qwen_m512,512,512,10,8,False,28205,round,3,frontier_over_parent,0.9921568627450978
C94,qwen_m512,512,512,10,8,False,28205,round,4,frontier_over_candidate,0.9882121807465619
C94,qwen_m512,512,512,10,8,False,28205,round,4,frontier_over_parent,0.996039603960396
C94,qwen_m512,512,512,10,8,False,28205,round,4,parent_over_candidate,0.9921414538310412
C94,qwen_m512,512,512,10,8,False,28205,round,6,frontier_over_candidate,0.9902152641878671
C94,qwen_m512,512,512,10,8,False,28205,round,6,frontier_over_parent,0.9844357976653696
C94,qwen_prefill_m16384,16384,512,10,8,False,28206,median,,frontier_over_parent,0.8729836877249753
C94,qwen_prefill_m16384,16384,512,10,8,False,28206,round,1,frontier_over_parent,0.8768174474959614
C94,qwen_prefill_m16384,16384,512,10,8,False,28206,round,2,frontier_over_parent,0.8564574170331867
C94,qwen_prefill_m16384,16384,512,10,8,False,28206,round,3,frontier_over_parent,0.8725292456635739
C94,qwen_prefill_m16384,16384,512,10,8,False,28206,round,4,frontier_over_parent,0.8734381297863765
C94,qwen_prefill_m16384,16384,512,10,8,False,28206,round,5,frontier_over_parent,0.8552000000000002
C94,qwen_prefill_m16384,16384,512,10,8,False,28206,round,6,frontier_over_parent,0.8738884397736459
C95,tp_m32,32,512,8,16,False,28201,median,,c7_over_c10,0.9989495798319328
C95,tp_m32,32,512,8,16,False,28201,median,,frontier_over_candidate,0.9934876818888558
C95,tp_m32,32,512,8,16,False,28201,median,,parent_over_candidate,0.9956592473828161
C95,tp_m32,32,512,8,16,False,28201,round,1,c7_over_c10,0.9978991596638654
C95,tp_m32,32,512,8,16,False,28201,round,1,c10_over_candidate,0.9916666666666667
C95,tp_m32,32,512,8,16,False,28201,round,1,frontier_over_candidate,0.9583333333333333
C95,tp_m32,32,512,8,16,False,28201,round,1,c7_over_candidate,0.9895833333333333
C95,tp_m32,32,512,8,16,False,28201,round,1,parent_over_candidate,0.9520833333333334
C95,tp_m32,32,512,8,16,False,28201,round,2,c7_over_c10,0.9978991596638654
C95,tp_m32,32,512,8,16,False,28201,round,2,frontier_over_candidate,0.980728051391863
C95,tp_m32,32,512,8,16,False,28201,round,2,frontier_over_parent,0.9978213507625273
C95,tp_m32,32,512,8,16,False,28201,round,2,parent_over_candidate,0.9828693790149893
C95,tp_m32,32,512,8,16,False,28201,round,4,c7_over_c10,0.9916317991631798
C95,tp_m32,32,512,8,16,False,28201,round,4,parent_over_candidate,0.9978260869565216
C95,tp_m32,32,512,8,16,False,28201,round,5,frontier_over_candidate,0.9891540130151844
C95,tp_m32,32,512,8,16,False,28201,round,5,frontier_over_parent,0.9956331877729258
C95,tp_m32,32,512,8,16,False,28201,round,5,parent_over_candidate,0.9934924078091106
C95,tp_m32,32,512,8,16,False,28201,round,6,frontier_over_candidate,0.9978213507625273
C95,tp_m32,32,512,8,16,False,28201,round,6,frontier_over_parent,0.9913419913419913
C95,batch_m128,128,512,8,16,False,28202,median,,frontier_over_parent,0.9958607437925002
C95,batch_m128,128,512,8,16,False,28202,round,1,c7_over_c10,0.998389694041868
C95,batch_m128,128,512,8,16,False,28202,round,1,frontier_over_candidate,0.9950331125827813
C95,batch_m128,128,512,8,16,False,28202,round,1,frontier_over_parent,0.9983388704318937
C95,batch_m128,128,512,8,16,False,28202,round,1,parent_over_candidate,0.9966887417218541
C95,batch_m128,128,512,8,16,False,28202,round,2,frontier_over_parent,0.9866220735785954
C95,batch_m128,128,512,8,16,False,28202,round,3,c7_over_c10,0.9951219512195122
C95,batch_m128,128,512,8,16,False,28202,round,3,parent_over_candidate,0.9915966386554622
C95,batch_m128,128,512,8,16,False,28202,round,4,frontier_over_parent,0.9933993399339934
C95,batch_m128,128,512,8,16,False,28202,round,5,frontier_over_candidate,0.9966216216216218
C95,batch_m128,128,512,8,16,False,28202,round,5,frontier_over_parent,0.9932659932659934
C95,batch_m128,128,512,8,16,False,28202,round,6,frontier_over_parent,0.9983221476510069
C95,qwen_decode_m8,8,512,10,8,False,28203,median,,c7_over_c10,0.9985632183908046
C95,qwen_decode_m8,8,512,10,8,False,28203,median,,frontier_over_parent,0.9984520123839009
C95,qwen_decode_m8,8,512,10,8,False,28203,round,1,c7_over_c10,0.9914772727272729
C95,qwen_decode_m8,8,512,10,8,False,28203,round,1,parent_over_candidate,0.993846153846154
C95,qwen_decode_m8,8,512,10,8,False,28203,round,2,c7_over_c10,0.9885057471264369
C95,qwen_decode_m8,8,512,10,8,False,28203,round,3,c7_over_c10,0.9971264367816092
C95,qwen_decode_m8,8,512,10,8,False,28203,round,3,frontier_over_parent,0.9969040247678017
C95,qwen_decode_m8,8,512,10,8,False,28203,round,5,frontier_over_candidate,0.9968944099378882
C95,qwen_decode_m8,8,512,10,8,False,28203,round,5,frontier_over_parent,0.9938080495356035
C95,qwen_decode_m8,8,512,10,8,False,28203,round,6,frontier_over_parent,0.9969040247678017
C95,qwen_batch_m128,128,512,10,8,False,28204,round,1,c7_over_c10,0.9925373134328358
C95,qwen_batch_m128,128,512,10,8,False,28204,round,1,parent_over_candidate,0.9921259842519685
C95,qwen_batch_m128,128,512,10,8,False,28204,round,2,frontier_over_parent,0.9961013645224169
C95,qwen_batch_m128,128,512,10,8,False,28204,round,3,c7_over_c10,0.9927797833935018
C95,qwen_batch_m128,128,512,10,8,False,28204,round,5,frontier_over_candidate,0.996078431372549
C95,qwen_batch_m128,128,512,10,8,False,28204,round,5,parent_over_candidate,0.9882352941176471
C95,qwen_batch_m128,128,512,10,8,False,28204,round,6,c7_over_c10,0.9964093357271095
C95,qwen_m512,512,512,10,8,False,28205,round,1,parent_over_candidate,0.9083665338645419
C95,qwen_m512,512,512,10,8,False,28205,round,6,parent_over_candidate,0.9917355371900828
C95,qwen_prefill_m16384,16384,512,10,8,False,28206,median,,frontier_over_parent,0.9072406049380128
C95,qwen_prefill_m16384,16384,512,10,8,False,28206,round,1,frontier_over_parent,0.9083757519666824
C95,qwen_prefill_m16384,16384,512,10,8,False,28206,round,2,frontier_over_parent,0.903151065801668
C95,qwen_prefill_m16384,16384,512,10,8,False,28206,round,3,frontier_over_parent,0.9091330551692165
C95,qwen_prefill_m16384,16384,512,10,8,False,28206,round,4,frontier_over_candidate,0.9994900560938296
C95,qwen_prefill_m16384,16384,512,10,8,False,28206,round,4,frontier_over_parent,0.9107806691449816
C95,qwen_prefill_m16384,16384,512,10,8,False,28206,round,5,frontier_over_candidate,0.9974306269270299
C95,qwen_prefill_m16384,16384,512,10,8,False,28206,round,5,frontier_over_parent,0.901532745006967
C95,qwen_prefill_m16384,16384,512,10,8,False,28206,round,6,frontier_over_candidate,0.9989801121876593
C95,qwen_prefill_m16384,16384,512,10,8,False,28206,round,6,frontier_over_parent,0.9061054579093432
C96,tp_m32,32,512,8,16,False,28201,median,,c7_over_c10,0.9957983193277311
C96,tp_m32,32,512,8,16,False,28201,median,,frontier_over_candidate,0.9989106753812637
C96,tp_m32,32,512,8,16,False,28201,median,,parent_over_candidate,0.9989130434782608
C96,tp_m32,32,512,8,16,False,28201,round,1,c7_over_c10,0.9937106918238994
C96,tp_m32,32,512,8,16,False,28201,round,1,parent_over_candidate,0.9978260869565216
C96,tp_m32,32,512,8,16,False,28201,round,2,c7_over_c10,0.9957983193277311
C96,tp_m32,32,512,8,16,False,28201,round,2,frontier_over_candidate,0.9978213507625273
C96,tp_m32,32,512,8,16,False,28201,round,2,parent_over_candidate,0.9956427015250547
C96,tp_m32,32,512,8,16,False,28201,round,4,c7_over_c10,0.995798319327731
C96,tp_m32,32,512,8,16,False,28201,round,5,c7_over_c10,0.9936708860759493
C96,tp_m32,32,512,8,16,False,28201,round,5,frontier_over_candidate,0.9891304347826086
C96,tp_m32,32,512,8,16,False,28201,round,5,frontier_over_parent,0.9956236323851202
C96,tp_m32,32,512,8,16,False,28201,round,5,parent_over_candidate,0.9934782608695654
C96,tp_m32,32,512,8,16,False,28201,round,6,frontier_over_candidate,0.9934640522875818
C96,tp_m32,32,512,8,16,False,28201,round,6,frontier_over_parent,0.9934640522875818
C96,batch_m128,128,512,8,16,False,28202,round,1,c7_over_c10,0.9952
C96,batch_m128,128,512,8,16,False,28202,round,4,c7_over_c10,0.9967948717948718
C96,batch_m128,128,512,8,16,False,28202,round,5,frontier_over_candidate,0.9966101694915253
C96,batch_m128,128,512,8,16,False,28202,round,5,frontier_over_parent,0.9949238578680203
C96,batch_m128,128,512,8,16,False,28202,round,6,frontier_over_parent,0.9966442953020134
C96,qwen_decode_m8,8,512,10,8,False,28203,median,,c7_over_c10,0.995697865353038
C96,qwen_decode_m8,8,512,10,8,False,28203,median,,frontier_over_parent,0.9953703703703705
C96,qwen_decode_m8,8,512,10,8,False,28203,round,1,c7_over_c10,0.9971428571428573
C96,qwen_decode_m8,8,512,10,8,False,28203,round,1,frontier_over_candidate,0.9907407407407407
C96,qwen_decode_m8,8,512,10,8,False,28203,round,1,frontier_over_parent,0.9938080495356035
C96,qwen_decode_m8,8,512,10,8,False,28203,round,1,parent_over_candidate,0.9969135802469138
C96,qwen_decode_m8,8,512,10,8,False,28203,round,2,frontier_over_parent,0.9938271604938271
C96,qwen_decode_m8,8,512,10,8,False,28203,round,3,c7_over_c10,0.9914285714285714
C96,qwen_decode_m8,8,512,10,8,False,28203,round,3,frontier_over_candidate,0.9938271604938271
C96,qwen_decode_m8,8,512,10,8,False,28203,round,3,parent_over_candidate,0.9876543209876542
C96,qwen_decode_m8,8,512,10,8,False,28203,round,4,parent_over_candidate,0.9969135802469138
C96,qwen_decode_m8,8,512,10,8,False,28203,round,5,c7_over_c10,0.9942528735632186
C96,qwen_decode_m8,8,512,10,8,False,28203,round,5,frontier_over_parent,0.9969135802469138
C96,qwen_decode_m8,8,512,10,8,False,28203,round,6,c7_over_c10,0.9942363112391932
C96,qwen_decode_m8,8,512,10,8,False,28203,round,6,frontier_over_parent,0.9938271604938271
C96,qwen_batch_m128,128,512,10,8,False,28204,median,,c7_over_c10,0.9972014925373134
C96,qwen_batch_m128,128,512,10,8,False,28204,median,,frontier_over_candidate,0.998046875
C96,qwen_batch_m128,128,512,10,8,False,28204,median,,parent_over_candidate,0.9980236845394327
C96,qwen_batch_m128,128,512,10,8,False,28204,round,1,c7_over_c10,0.9962686567164177
C96,qwen_batch_m128,128,512,10,8,False,28204,round,1,parent_over_candidate,0.998015873015873
C96,qwen_batch_m128,128,512,10,8,False,28204,round,2,frontier_over_candidate,0.99609375
C96,qwen_batch_m128,128,512,10,8,False,28204,round,2,frontier_over_parent,0.9941520467836257
C96,qwen_batch_m128,128,512,10,8,False,28204,round,4,c7_over_c10,0.9925650557620818
C96,qwen_batch_m128,128,512,10,8,False,28204,round,4,parent_over_candidate,0.9960629921259843
C96,qwen_batch_m128,128,512,10,8,False,28204,round,5,c7_over_c10,0.9981343283582089
C96,qwen_batch_m128,128,512,10,8,False,28204,round,5,frontier_over_candidate,0.9960629921259843
C96,qwen_batch_m128,128,512,10,8,False,28204,round,5,frontier_over_parent,0.9980276134122286
C96,qwen_batch_m128,128,512,10,8,False,28204,round,5,parent_over_candidate,0.9980314960629924
C96,qwen_batch_m128,128,512,10,8,False,28204,round,6,c7_over_c10,0.9856373429084383
C96,qwen_batch_m128,128,512,10,8,False,28204,round,6,frontier_over_candidate,0.9942965779467681
C96,qwen_batch_m128,128,512,10,8,False,28204,round,6,frontier_over_parent,0.9980916030534351
C96,qwen_batch_m128,128,512,10,8,False,28204,round,6,parent_over_candidate,0.9961977186311787
C96,qwen_m512,512,512,10,8,False,28205,median,,frontier_over_candidate,0.9960120474071175
C96,qwen_m512,512,512,10,8,False,28205,median,,parent_over_candidate,0.9920240948142351
C96,qwen_m512,512,512,10,8,False,28205,round,1,parent_over_candidate,0.9725158562367865
C96,qwen_m512,512,512,10,8,False,28205,round,2,frontier_over_candidate,0.984251968503937
C96,qwen_m512,512,512,10,8,False,28205,round,2,frontier_over_parent,0.9881422924901185
C96,qwen_m512,512,512,10,8,False,28205,round,2,parent_over_candidate,0.9960629921259843
C96,qwen_m512,512,512,10,8,False,28205,round,3,frontier_over_candidate,0.9979296066252586
C96,qwen_m512,512,512,10,8,False,28205,round,3,parent_over_candidate,0.9958592132505175
C96,qwen_m512,512,512,10,8,False,28205,round,4,frontier_over_candidate,0.9565217391304347
C96,qwen_m512,512,512,10,8,False,28205,round,4,frontier_over_parent,0.980891719745223
C96,qwen_m512,512,512,10,8,False,28205,round,4,parent_over_candidate,0.9751552795031054
C96,qwen_m512,512,512,10,8,False,28205,round,5,frontier_over_candidate,0.9940944881889764
C96,qwen_m512,512,512,10,8,False,28205,round,5,parent_over_candidate,0.9881889763779528
C96,qwen_prefill_m16384,16384,512,10,8,False,28206,median,,frontier_over_candidate,0.9724701540604666
C96,qwen_prefill_m16384,16384,512,10,8,False,28206,median,,frontier_over_parent,0.9041534275946643
C96,qwen_prefill_m16384,16384,512,10,8,False,28206,round,1,frontier_over_candidate,0.9746898263027295
C96,qwen_prefill_m16384,16384,512,10,8,False,28206,round,1,frontier_over_parent,0.9042357274401475
C96,qwen_prefill_m16384,16384,512,10,8,False,28206,round,2,frontier_over_candidate,0.9718309859154928
C96,qwen_prefill_m16384,16384,512,10,8,False,28206,round,2,frontier_over_parent,0.9040711277491811
C96,qwen_prefill_m16384,16384,512,10,8,False,28206,round,3,frontier_over_candidate,0.9717402082300447
C96,qwen_prefill_m16384,16384,512,10,8,False,28206,round,3,frontier_over_parent,0.9032258064516129
C96,qwen_prefill_m16384,16384,512,10,8,False,28206,round,4,frontier_over_candidate,0.9713438735177867
C96,qwen_prefill_m16384,16384,512,10,8,False,28206,round,4,frontier_over_parent,0.9051565377532228
C96,qwen_prefill_m16384,16384,512,10,8,False,28206,round,5,frontier_over_candidate,0.9758186397984886
C96,qwen_prefill_m16384,16384,512,10,8,False,28206,round,5,frontier_over_parent,0.9072599531615924
C96,qwen_prefill_m16384,16384,512,10,8,False,28206,round,6,frontier_over_candidate,0.9731093222054403
C96,qwen_prefill_m16384,16384,512,10,8,False,28206,round,6,frontier_over_parent,0.8991712707182321
C98,tp_m32,32,512,8,16,False,28201,median,,c7_over_c10,0.9989539748953975
C98,tp_m32,32,512,8,16,False,28201,median,,parent_over_candidate,0.9989082969432315
C98,tp_m32,32,512,8,16,False,28201,round,1,c7_over_c10,0.9979079497907949
C98,tp_m32,32,512,8,16,False,28201,round,1,parent_over_candidate,0.9956521739130435
C98,tp_m32,32,512,8,16,False,28201,round,2,frontier_over_candidate,0.9956331877729258
C98,tp_m32,32,512,8,16,False,28201,round,2,frontier_over_parent,0.9913043478260869
C98,tp_m32,32,512,8,16,False,28201,round,3,parent_over_candidate,0.9978118161925601
C98,tp_m32,32,512,8,16,False,28201,round,4,c7_over_c10,0.9936974789915967
C98,tp_m32,32,512,8,16,False,28201,round,5,c7_over_c10,0.9895615866388308
C98,tp_m32,32,512,8,16,False,28201,round,5,parent_over_candidate,0.997816593886463
C98,tp_m32,32,512,8,16,False,28201,round,6,frontier_over_candidate,0.991285403050109
C98,tp_m32,32,512,8,16,False,28201,round,6,frontier_over_parent,0.991285403050109
C98,batch_m128,128,512,8,16,False,28202,median,,c7_over_c10,0.9983818770226538
C98,batch_m128,128,512,8,16,False,28202,round,1,c7_over_c10,0.9904
C98,batch_m128,128,512,8,16,False,28202,round,1,parent_over_candidate,0.9983416252072969
C98,batch_m128,128,512,8,16,False,28202,round,3,c7_over_c10,0.996747967479675
C98,batch_m128,128,512,8,16,False,28202,round,5,c7_over_c10,0.9967637540453075
C98,batch_m128,128,512,8,16,False,28202,round,5,frontier_over_parent,0.9949664429530202
C98,batch_m128,128,512,8,16,False,28202,round,6,frontier_over_candidate,0.9966386554621847
C98,batch_m128,128,512,8,16,False,28202,round,6,frontier_over_parent,0.9983164983164983
C98,batch_m128,128,512,8,16,False,28202,round,6,parent_over_candidate,0.9983193277310922
C98,qwen_decode_m8,8,512,10,8,False,28203,median,,parent_over_candidate,0.9984520123839009
C98,qwen_decode_m8,8,512,10,8,False,28203,round,1,frontier_over_parent,0.9938650306748467
C98,qwen_decode_m8,8,512,10,8,False,28203,round,2,c7_over_c10,0.9913544668587898
C98,qwen_decode_m8,8,512,10,8,False,28203,round,2,parent_over_candidate,0.9969040247678017
C98,qwen_decode_m8,8,512,10,8,False,28203,round,3,c7_over_c10,0.9971264367816092
C98,qwen_decode_m8,8,512,10,8,False,28203,round,3,parent_over_candidate,0.9876160990712073
C98,qwen_decode_m8,8,512,10,8,False,28203,round,4,frontier_over_candidate,0.9969230769230769
C98,qwen_decode_m8,8,512,10,8,False,28203,round,4,frontier_over_parent,0.9969230769230769
C98,qwen_decode_m8,8,512,10,8,False,28203,round,6,c7_over_c10,0.9827586206896554
C98,qwen_decode_m8,8,512,10,8,False,28203,round,6,parent_over_candidate,0.9968944099378882
C98,qwen_batch_m128,128,512,10,8,False,28204,median,,frontier_over_candidate,0.9912013820939334
C98,qwen_batch_m128,128,512,10,8,False,28204,median,,frontier_over_parent,0.9990814313891236
C98,qwen_batch_m128,128,512,10,8,False,28204,median,,parent_over_candidate,0.992210210755814
C98,qwen_batch_m128,128,512,10,8,False,28204,round,1,frontier_over_candidate,0.9921874999999998
C98,qwen_batch_m128,128,512,10,8,False,28204,round,1,parent_over_candidate,0.990234375
C98,qwen_batch_m128,128,512,10,8,False,28204,round,2,c7_over_c10,0.9962546816479403
C98,qwen_batch_m128,128,512,10,8,False,28204,round,2,frontier_over_candidate,0.9901960784313726
C98,qwen_batch_m128,128,512,10,8,False,28204,round,2,frontier_over_parent,0.9901960784313726
C98,qwen_batch_m128,128,512,10,8,False,28204,round,3,c7_over_c10,0.996402877697842
C98,qwen_batch_m128,128,512,10,8,False,28204,round,3,frontier_over_candidate,0.9924528301886792
C98,qwen_batch_m128,128,512,10,8,False,28204,round,3,parent_over_candidate,0.9830188679245283
C98,qwen_batch_m128,128,512,10,8,False,28204,round,4,frontier_over_candidate,0.9902152641878671
C98,qwen_batch_m128,128,512,10,8,False,28204,round,4,parent_over_candidate,0.9882583170254405
C98,qwen_batch_m128,128,512,10,8,False,28204,round,5,frontier_over_candidate,0.9883720930232558
C98,qwen_batch_m128,128,512,10,8,False,28204,round,5,frontier_over_parent,0.9941520467836257
C98,qwen_batch_m128,128,512,10,8,False,28204,round,5,parent_over_candidate,0.9941860465116279
C98,qwen_batch_m128,128,512,10,8,False,28204,round,6,frontier_over_candidate,0.9980916030534351
C98,qwen_batch_m128,128,512,10,8,False,28204,round,6,frontier_over_parent,0.9961904761904762
C98,qwen_m512,512,512,10,8,False,28205,median,,frontier_over_candidate,0.9787718651427635
C98,qwen_m512,512,512,10,8,False,28205,median,,parent_over_candidate,0.9732086002908692
C98,qwen_m512,512,512,10,8,False,28205,round,1,frontier_over_candidate,0.9770354906054278
C98,qwen_m512,512,512,10,8,False,28205,round,1,parent_over_candidate,0.964509394572025
C98,qwen_m512,512,512,10,8,False,28205,round,2,frontier_over_candidate,0.9786407766990292
C98,qwen_m512,512,512,10,8,False,28205,round,2,parent_over_candidate,0.9747572815533982
C98,qwen_m512,512,512,10,8,False,28205,round,3,frontier_over_candidate,0.9716599190283401
C98,qwen_m512,512,512,10,8,False,28205,round,3,parent_over_candidate,0.9716599190283401
C98,qwen_m512,512,512,10,8,False,28205,round,4,frontier_over_candidate,0.9789029535864979
C98,qwen_m512,512,512,10,8,False,28205,round,4,parent_over_candidate,0.9683544303797467
C98,qwen_m512,512,512,10,8,False,28205,round,5,frontier_over_candidate,0.9825242718446602
C98,qwen_m512,512,512,10,8,False,28205,round,5,parent_over_candidate,0.9805825242718447
C98,qwen_m512,512,512,10,8,False,28205,round,6,frontier_over_candidate,0.9856850715746422
C98,qwen_m512,512,512,10,8,False,28205,round,6,frontier_over_parent,0.9877049180327869
C98,qwen_m512,512,512,10,8,False,28205,round,6,parent_over_candidate,0.997955010224949
C98,qwen_prefill_m16384,16384,512,10,8,False,28206,median,,frontier_over_candidate,0.9974515800203873
C98,qwen_prefill_m16384,16384,512,10,8,False,28206,median,,frontier_over_parent,0.9062721332168462
C98,qwen_prefill_m16384,16384,512,10,8,False,28206,round,1,frontier_over_candidate,0.9979612640163097
C98,qwen_prefill_m16384,16384,512,10,8,False,28206,round,1,frontier_over_parent,0.9069013432144509
C98,qwen_prefill_m16384,16384,512,10,8,False,28206,round,2,frontier_over_candidate,0.9938712972420837
C98,qwen_prefill_m16384,16384,512,10,8,False,28206,round,2,frontier_over_parent,0.9072261072261072
C98,qwen_prefill_m16384,16384,512,10,8,False,28206,round,3,frontier_over_parent,0.908248378127896
C98,qwen_prefill_m16384,16384,512,10,8,False,28206,round,4,frontier_over_parent,0.9056429232192413
C98,qwen_prefill_m16384,16384,512,10,8,False,28206,round,5,frontier_over_candidate,0.9958995386981034
C98,qwen_prefill_m16384,16384,512,10,8,False,28206,round,5,frontier_over_parent,0.9037209302325581
C98,qwen_prefill_m16384,16384,512,10,8,False,28206,round,6,frontier_over_candidate,0.9969418960244648
C98,qwen_prefill_m16384,16384,512,10,8,False,28206,round,6,frontier_over_parent,0.9051365108745951
C99,tp_m32,32,512,8,16,False,28201,median,,parent_over_candidate,0.9989106753812637
C99,tp_m32,32,512,8,16,False,28201,round,1,frontier_over_candidate,0.9934782608695654
C99,tp_m32,32,512,8,16,False,28201,round,1,frontier_over_parent,0.9934782608695654
C99,tp_m32,32,512,8,16,False,28201,round,2,frontier_over_candidate,0.9978213507625273
C99,tp_m32,32,512,8,16,False,28201,round,2,parent_over_candidate,0.9978213507625273
C99,tp_m32,32,512,8,16,False,28201,round,4,c7_over_c10,0.9957805907172996
C99,tp_m32,32,512,8,16,False,28201,round,4,parent_over_candidate,0.9934640522875818
C99,tp_m32,32,512,8,16,False,28201,round,5,c7_over_c10,0.9957805907172996
C99,tp_m32,32,512,8,16,False,28201,round,5,parent_over_candidate,0.997816593886463
C99,tp_m32,32,512,8,16,False,28201,round,6,frontier_over_candidate,0.9956236323851202
C99,tp_m32,32,512,8,16,False,28201,round,6,frontier_over_parent,0.9956236323851202
C99,batch_m128,128,512,8,16,False,28202,median,,c7_over_c10,0.9975818554333216
C99,batch_m128,128,512,8,16,False,28202,median,,frontier_over_parent,0.9991582491582491
C99,batch_m128,128,512,8,16,False,28202,round,2,c7_over_c10,0.9951298701298703
C99,batch_m128,128,512,8,16,False,28202,round,3,c7_over_c10,0.9983739837398374
C99,batch_m128,128,512,8,16,False,28202,round,3,parent_over_candidate,0.9983221476510069
C99,batch_m128,128,512,8,16,False,28202,round,4,c7_over_c10,0.9967897271268056
C99,batch_m128,128,512,8,16,False,28202,round,4,frontier_over_candidate,0.9983361064891847
C99,batch_m128,128,512,8,16,False,28202,round,4,frontier_over_parent,0.9900990099009901
C99,batch_m128,128,512,8,16,False,28202,round,5,c7_over_c10,0.996747967479675
C99,batch_m128,128,512,8,16,False,28202,round,5,frontier_over_parent,0.9983164983164983
C99,batch_m128,128,512,8,16,False,28202,round,6,frontier_over_candidate,0.9932885906040269
C99,batch_m128,128,512,8,16,False,28202,round,6,frontier_over_parent,0.9949579831932771
C99,batch_m128,128,512,8,16,False,28202,round,6,parent_over_candidate,0.9983221476510069
C99,qwen_decode_m8,8,512,10,8,False,28203,round,2,c7_over_c10,0.9971098265895953
C99,qwen_decode_m8,8,512,10,8,False,28203,round,2,parent_over_candidate,0.9969040247678017
C99,qwen_decode_m8,8,512,10,8,False,28203,round,3,parent_over_candidate,0.9968944099378882
C99,qwen_decode_m8,8,512,10,8,False,28203,round,4,frontier_over_candidate,0.9968944099378882
C99,qwen_decode_m8,8,512,10,8,False,28203,round,4,frontier_over_parent,0.9907407407407407
C99,qwen_decode_m8,8,512,10,8,False,28203,round,6,c7_over_c10,0.9942528735632186
C99,qwen_decode_m8,8,512,10,8,False,28203,round,6,frontier_over_candidate,0.9969040247678017
C99,qwen_decode_m8,8,512,10,8,False,28203,round,6,frontier_over_parent,0.9938271604938271
C99,qwen_batch_m128,128,512,10,8,False,28204,median,,frontier_over_candidate,0.9960860906862745
C99,qwen_batch_m128,128,512,10,8,False,28204,median,,parent_over_candidate,0.997094494047619
C99,qwen_batch_m128,128,512,10,8,False,28204,round,1,frontier_over_candidate,0.996078431372549
C99,qwen_batch_m128,128,512,10,8,False,28204,round,1,parent_over_candidate,0.9941176470588238
C99,qwen_batch_m128,128,512,10,8,False,28204,round,2,frontier_over_candidate,0.99609375
C99,qwen_batch_m128,128,512,10,8,False,28204,round,2,parent_over_candidate,0.99609375
C99,qwen_batch_m128,128,512,10,8,False,28204,round,3,frontier_over_parent,0.9980988593155894
C99,qwen_batch_m128,128,512,10,8,False,28204,round,4,frontier_over_candidate,0.9921568627450981
C99,qwen_batch_m128,128,512,10,8,False,28204,round,4,frontier_over_parent,0.9921568627450981
C99,qwen_batch_m128,128,512,10,8,False,28204,round,5,c7_over_c10,0.9981273408239703
C99,qwen_batch_m128,128,512,10,8,False,28204,round,5,frontier_over_candidate,0.996078431372549
C99,qwen_batch_m128,128,512,10,8,False,28204,round,5,parent_over_candidate,0.9941176470588238
C99,qwen_batch_m128,128,512,10,8,False,28204,round,6,parent_over_candidate,0.9980952380952379
C99,qwen_m512,512,512,10,8,False,28205,median,,frontier_over_candidate,0.997920997920998
C99,qwen_m512,512,512,10,8,False,28205,median,,frontier_over_parent,0.953732567678425
C99,qwen_m512,512,512,10,8,False,28205,round,1,frontier_over_candidate,0.9914163090128757
C99,qwen_m512,512,512,10,8,False,28205,round,1,frontier_over_parent,0.9184890656063619
C99,qwen_m512,512,512,10,8,False,28205,round,2,frontier_over_candidate,0.9901768172888016
C99,qwen_m512,512,512,10,8,False,28205,round,2,frontier_over_parent,0.9509433962264151
C99,qwen_m512,512,512,10,8,False,28205,round,3,frontier_over_parent,0.9565217391304347
C99,qwen_m512,512,512,10,8,False,28205,round,5,frontier_over_parent,0.9731800766283525
C99,qwen_m512,512,512,10,8,False,28205,round,6,frontier_over_candidate,0.995841995841996
C99,qwen_m512,512,512,10,8,False,28205,round,6,frontier_over_parent,0.9466403162055337
C99,qwen_prefill_m16384,16384,512,10,8,False,28206,median,,frontier_over_parent,0.9994884898441032
C99,qwen_prefill_m16384,16384,512,10,8,False,28206,round,2,frontier_over_parent,0.9958932238193017
C99,qwen_prefill_m16384,16384,512,10,8,False,28206,round,3,frontier_over_parent,0.9994892747701736
C99,qwen_prefill_m16384,16384,512,10,8,False,28206,round,4,frontier_over_parent,0.9994877049180328
C99,qwen_prefill_m16384,16384,512,10,8,False,28206,round,5,frontier_over_parent,0.9994866529774126
C100,tp_m32,32,512,8,16,False,28201,median,,frontier_over_candidate,0.9956709345605294
C100,tp_m32,32,512,8,16,False,28201,median,,parent_over_candidate,0.9978260869565218
C100,tp_m32,32,512,8,16,False,28201,round,1,frontier_over_candidate,0.9978260869565216
C100,tp_m32,32,512,8,16,False,28201,round,1,parent_over_candidate,0.9956521739130435
C100,tp_m32,32,512,8,16,False,28201,round,2,frontier_over_candidate,0.9978213507625273
C100,tp_m32,32,512,8,16,False,28201,round,2,frontier_over_parent,0.9978213507625273
C100,tp_m32,32,512,8,16,False,28201,round,3,frontier_over_candidate,0.9935205183585314
C100,tp_m32,32,512,8,16,False,28201,round,3,parent_over_candidate,0.9870410367170629
C100,tp_m32,32,512,8,16,False,28201,round,4,frontier_over_candidate,0.9934640522875818
C100,tp_m32,32,512,8,16,False,28201,round,4,frontier_over_parent,0.9913043478260869
C100,tp_m32,32,512,8,16,False,28201,round,5,c7_over_c10,0.9978858350951373
C100,tp_m32,32,512,8,16,False,28201,round,5,frontier_over_candidate,0.9913419913419913
C100,tp_m32,32,512,8,16,False,28201,round,5,parent_over_candidate,0.9913419913419913
C100,tp_m32,32,512,8,16,False,28201,round,6,c7_over_c10,0.9978902953586498
C100,batch_m128,128,512,8,16,False,28202,median,,c7_over_c10,0.9967714869400262
C100,batch_m128,128,512,8,16,False,28202,median,,frontier_over_candidate,0.9991721854304635
C100,batch_m128,128,512,8,16,False,28202,round,1,frontier_over_candidate,0.9966887417218541
C100,batch_m128,128,512,8,16,False,28202,round,1,frontier_over_parent,0.9933993399339934
C100,batch_m128,128,512,8,16,False,28202,round,2,c7_over_c10,0.9967532467532467
C100,batch_m128,128,512,8,16,False,28202,round,2,parent_over_candidate,0.9983221476510069
C100,batch_m128,128,512,8,16,False,28202,round,3,c7_over_c10,0.9902597402597403
C100,batch_m128,128,512,8,16,False,28202,round,4,c7_over_c10,0.9967897271268056
C100,batch_m128,128,512,8,16,False,28202,round,4,frontier_over_candidate,0.998344370860927
C100,batch_m128,128,512,8,16,False,28202,round,4,frontier_over_parent,0.998344370860927
C100,batch_m128,128,512,8,16,False,28202,round,5,c7_over_c10,0.9967532467532467
C100,batch_m128,128,512,8,16,False,28202,round,5,frontier_over_candidate,0.9983193277310922
C100,batch_m128,128,512,8,16,False,28202,round,5,parent_over_candidate,0.9949579831932771
C100,batch_m128,128,512,8,16,False,28202,round,6,c7_over_c10,0.9983713355048862
C100,batch_m128,128,512,8,16,False,28202,round,6,frontier_over_parent,0.9966442953020134
C100,qwen_decode_m8,8,512,10,8,False,28203,median,,c7_over_c10,0.9957142857142858
C100,qwen_decode_m8,8,512,10,8,False,28203,round,1,frontier_over_candidate,0.9906832298136646
C100,qwen_decode_m8,8,512,10,8,False,28203,round,1,frontier_over_parent,0.9845679012345678
C100,qwen_decode_m8,8,512,10,8,False,28203,round,2,c7_over_c10,0.9885057471264369
C100,qwen_decode_m8,8,512,10,8,False,28203,round,3,c7_over_c10,0.9942857142857143
C100,qwen_decode_m8,8,512,10,8,False,28203,round,4,c7_over_c10,0.9971428571428573
C100,qwen_decode_m8,8,512,10,8,False,28203,round,5,frontier_over_parent,0.9969135802469138
C100,qwen_decode_m8,8,512,10,8,False,28203,round,6,c7_over_c10,0.9913793103448277
C100,qwen_batch_m128,128,512,10,8,False,28204,median,,c7_over_c10,0.9999643095079471
C100,qwen_batch_m128,128,512,10,8,False,28204,median,,frontier_over_candidate,0.9950922608729149
C100,qwen_batch_m128,128,512,10,8,False,28204,median,,parent_over_candidate,0.9971237423349408
C100,qwen_batch_m128,128,512,10,8,False,28204,round,1,c7_over_c10,0.9981203007518797
C100,qwen_batch_m128,128,512,10,8,False,28204,round,1,frontier_over_candidate,0.9941060903732809
C100,qwen_batch_m128,128,512,10,8,False,28204,round,1,parent_over_candidate,0.9921414538310412
C100,qwen_batch_m128,128,512,10,8,False,28204,round,2,c7_over_c10,0.9906542056074766
C100,qwen_batch_m128,128,512,10,8,False,28204,round,2,frontier_over_candidate,0.996078431372549
C100,qwen_batch_m128,128,512,10,8,False,28204,round,2,parent_over_candidate,0.996078431372549
C100,qwen_batch_m128,128,512,10,8,False,28204,round,3,c7_over_c10,0.9963636363636361
C100,qwen_batch_m128,128,512,10,8,False,28204,round,3,frontier_over_candidate,0.9923809523809524
C100,qwen_batch_m128,128,512,10,8,False,28204,round,3,frontier_over_parent,0.9886148007590133
C100,qwen_batch_m128,128,512,10,8,False,28204,round,5,parent_over_candidate,0.9980353634577603
C100,qwen_batch_m128,128,512,10,8,False,28204,round,6,frontier_over_candidate,0.9924242424242424
C100,qwen_batch_m128,128,512,10,8,False,28204,round,6,frontier_over_parent,0.9961977186311787
C100,qwen_batch_m128,128,512,10,8,False,28204,round,6,parent_over_candidate,0.9962121212121212
C100,qwen_m512,512,512,10,8,False,28205,median,,frontier_over_candidate,0.9218730464460101
C100,qwen_m512,512,512,10,8,False,28205,median,,frontier_over_parent,0.9959364686468647
C100,qwen_m512,512,512,10,8,False,28205,median,,parent_over_candidate,0.9329160119620863
C100,qwen_m512,512,512,10,8,False,28205,round,1,frontier_over_candidate,0.8659217877094973
C100,qwen_m512,512,512,10,8,False,28205,round,1,parent_over_candidate,0.8659217877094973
C100,qwen_m512,512,512,10,8,False,28205,round,2,frontier_over_candidate,0.9208103130755065
C100,qwen_m512,512,512,10,8,False,28205,round,2,frontier_over_parent,0.9803921568627451
C100,qwen_m512,512,512,10,8,False,28205,round,2,parent_over_candidate,0.9392265193370167
C100,qwen_m512,512,512,10,8,False,28205,round,3,frontier_over_candidate,0.9409448818897639
C100,qwen_m512,512,512,10,8,False,28205,round,3,frontier_over_parent,0.9958333333333333
C100,qwen_m512,512,512,10,8,False,28205,round,3,parent_over_candidate,0.9448818897637796
C100,qwen_m512,512,512,10,8,False,28205,round,4,frontier_over_candidate,0.9022556390977443
C100,qwen_m512,512,512,10,8,False,28205,round,4,parent_over_candidate,0.8665413533834586
C100,qwen_m512,512,512,10,8,False,28205,round,5,frontier_over_candidate,0.9229357798165136
C100,qwen_m512,512,512,10,8,False,28205,round,5,frontier_over_parent,0.996039603960396
C100,qwen_m512,512,512,10,8,False,28205,round,5,parent_over_candidate,0.9266055045871558
C100,qwen_m512,512,512,10,8,False,28205,round,6,frontier_over_candidate,0.9372549019607843
C100,qwen_m512,512,512,10,8,False,28205,round,6,frontier_over_parent,0.9917012448132781
C100,qwen_m512,512,512,10,8,False,28205,round,6,parent_over_candidate,0.9450980392156862
C100,qwen_prefill_m16384,16384,512,10,8,False,28206,median,,frontier_over_parent,0.9654364263691089
C100,qwen_prefill_m16384,16384,512,10,8,False,28206,round,1,frontier_over_parent,0.9703020993343575
C100,qwen_prefill_m16384,16384,512,10,8,False,28206,round,2,frontier_over_parent,0.9639917695473252
C100,qwen_prefill_m16384,16384,512,10,8,False,28206,round,3,frontier_over_parent,0.9658163265306123
C100,qwen_prefill_m16384,16384,512,10,8,False,28206,round,4,frontier_over_parent,0.9687499999999999
C100,qwen_prefill_m16384,16384,512,10,8,False,28206,round,5,frontier_over_parent,0.9650565262076053
C100,qwen_prefill_m16384,16384,512,10,8,False,28206,round,6,frontier_over_candidate,0.9984126984126984
C100,qwen_prefill_m16384,16384,512,10,8,False,28206,round,6,frontier_over_parent,0.9607942973523422
C101,tp_m32,32,512,8,16,False,28201,median,,c7_over_c10,0.9947764257824443
C101,tp_m32,32,512,8,16,False,28201,median,,frontier_over_candidate,0.9956473964894996
C101,tp_m32,32,512,8,16,False,28201,median,,parent_over_candidate,0.9945557243212455
C101,tp_m32,32,512,8,16,False,28201,round,1,c7_over_c10,0.99581589958159
C101,tp_m32,32,512,8,16,False,28201,round,2,c7_over_c10,0.9937369519832986
C101,tp_m32,32,512,8,16,False,28201,round,2,frontier_over_candidate,0.9934782608695654
C101,tp_m32,32,512,8,16,False,28201,round,2,parent_over_candidate,0.9934782608695654
C101,tp_m32,32,512,8,16,False,28201,round,3,frontier_over_candidate,0.9956616052060736
C101,tp_m32,32,512,8,16,False,28201,round,3,parent_over_candidate,0.9913909978308025
C101,tp_m32,32,512,8,16,False,28201,round,4,c7_over_c10,0.9854166666666666
C101,tp_m32,32,512,8,16,False,28201,round,4,frontier_over_candidate,0.9956331877729258
C101,tp_m32,32,512,8,16,False,28201,round,4,frontier_over_parent,0.9913043478260869
C101,tp_m32,32,512,8,16,False,28201,round,5,c7_over_c10,0.9894736842105263
C101,tp_m32,32,512,8,16,False,28201,round,5,parent_over_candidate,0.9956331877729258
C101,tp_m32,32,512,8,16,False,28201,round,6,frontier_over_candidate,0.9849161255411256
C101,tp_m32,32,512,8,16,False,28201,round,6,frontier_over_parent,0.9978755482456141
C101,tp_m32,32,512,8,16,False,28201,round,6,parent_over_candidate,0.987012987012987
C101,batch_m128,128,512,8,16,False,28202,median,,c7_over_c10,0.997588424437299
C101,batch_m128,128,512,8,16,False,28202,median,,frontier_over_parent,0.9975040347264732
C101,batch_m128,128,512,8,16,False,28202,round,1,c7_over_c10,0.9983922829581994
C101,batch_m128,128,512,8,16,False,28202,round,1,frontier_over_parent,0.9950413223140494
C101,batch_m128,128,512,8,16,False,28202,round,2,c7_over_c10,0.996742671009772
C101,batch_m128,128,512,8,16,False,28202,round,2,frontier_over_candidate,0.9966216216216218
C101,batch_m128,128,512,8,16,False,28202,round,2,frontier_over_parent,0.9915966386554622
C101,batch_m128,128,512,8,16,False,28202,round,3,frontier_over_candidate,0.9949748743718593
C101,batch_m128,128,512,8,16,False,28202,round,3,frontier_over_parent,0.9983193277310922
C101,batch_m128,128,512,8,16,False,28202,round,3,parent_over_candidate,0.9966499162479063
C101,batch_m128,128,512,8,16,False,28202,round,4,c7_over_c10,0.9967845659163987
C101,batch_m128,128,512,8,16,False,28202,round,4,frontier_over_candidate,0.9983416252072969
C101,batch_m128,128,512,8,16,False,28202,round,4,frontier_over_parent,0.9966887417218541
C101,batch_m128,128,512,8,16,False,28202,round,5,parent_over_candidate,0.9983050847457625
C101,batch_m128,128,512,8,16,False,28202,round,6,c7_over_c10,0.9967637540453075
C101,qwen_decode_m8,8,512,10,8,False,28203,round,1,frontier_over_parent,0.9939209726443771
C101,qwen_decode_m8,8,512,10,8,False,28203,round,4,parent_over_candidate,0.9938650306748467
C101,qwen_decode_m8,8,512,10,8,False,28203,round,5,c7_over_c10,0.9971428571428573
C101,qwen_decode_m8,8,512,10,8,False,28203,round,6,frontier_over_candidate,0.9969135802469138
C101,qwen_decode_m8,8,512,10,8,False,28203,round,6,frontier_over_parent,0.9907975460122701
C101,qwen_batch_m128,128,512,10,8,False,28204,median,,c7_over_c10,0.9973247674132732
C101,qwen_batch_m128,128,512,10,8,False,28204,median,,parent_over_candidate,0.9971146073470856
C101,qwen_batch_m128,128,512,10,8,False,28204,round,1,parent_over_candidate,0.9980314960629924
C101,qwen_batch_m128,128,512,10,8,False,28204,round,2,c7_over_c10,0.9851851851851852
C101,qwen_batch_m128,128,512,10,8,False,28204,round,2,frontier_over_candidate,0.99609375
C101,qwen_batch_m128,128,512,10,8,False,28204,round,2,parent_over_candidate,0.99609375
C101,qwen_batch_m128,128,512,10,8,False,28204,round,3,c7_over_c10,0.9910394265232975
C101,qwen_batch_m128,128,512,10,8,False,28204,round,4,c7_over_c10,0.9888059701492538
C101,qwen_batch_m128,128,512,10,8,False,28204,round,5,parent_over_candidate,0.996078431372549
C101,qwen_batch_m128,128,512,10,8,False,28204,round,6,parent_over_candidate,0.9961977186311787
C101,qwen_m512,512,512,10,8,False,28205,median,,parent_over_candidate,0.9979662698412699
C101,qwen_m512,512,512,10,8,False,28205,round,2,frontier_over_candidate,0.9920634920634921
C101,qwen_m512,512,512,10,8,False,28205,round,2,frontier_over_parent,0.9940357852882704
C101,qwen_m512,512,512,10,8,False,28205,round,2,parent_over_candidate,0.998015873015873
C101,qwen_m512,512,512,10,8,False,28205,round,3,parent_over_candidate,0.9979166666666667
C101,qwen_m512,512,512,10,8,False,28205,round,5,frontier_over_candidate,0.9941176470588238
C101,qwen_m512,512,512,10,8,False,28205,round,5,frontier_over_parent,0.9980314960629924
C101,qwen_m512,512,512,10,8,False,28205,round,5,parent_over_candidate,0.996078431372549
C101,qwen_m512,512,512,10,8,False,28205,round,6,parent_over_candidate,0.9937888198757764
C101,qwen_prefill_m16384,16384,512,10,8,False,28206,median,,frontier_over_candidate,0.999988655345188
C101,qwen_prefill_m16384,16384,512,10,8,False,28206,median,,frontier_over_parent,0.9690880250735772
C101,qwen_prefill_m16384,16384,512,10,8,False,28206,round,1,frontier_over_parent,0.9665500482831768
C101,qwen_prefill_m16384,16384,512,10,8,False,28206,round,2,frontier_over_candidate,0.9968152866242037
C101,qwen_prefill_m16384,16384,512,10,8,False,28206,round,2,frontier_over_parent,0.9690402476780186
C101,qwen_prefill_m16384,16384,512,10,8,False,28206,round,3,frontier_over_parent,0.9710218607015759
C101,qwen_prefill_m16384,16384,512,10,8,False,28206,round,4,frontier_over_candidate,0.9916243530506621
C101,qwen_prefill_m16384,16384,512,10,8,False,28206,round,4,frontier_over_parent,0.9600404653515426
C101,qwen_prefill_m16384,16384,512,10,8,False,28206,round,5,frontier_over_candidate,0.9994529268413986
C101,qwen_prefill_m16384,16384,512,10,8,False,28206,round,5,frontier_over_parent,0.9691358024691359
C101,qwen_prefill_m16384,16384,512,10,8,False,28206,round,6,frontier_over_parent,0.972574911122397
C102,tp_m32,32,512,8,16,False,28201,round,1,parent_over_candidate,0.9956709956709957
C102,tp_m32,32,512,8,16,False,28201,round,2,c7_over_c10,0.9895615866388308
C102,tp_m32,32,512,8,16,False,28201,round,3,c7_over_c10,0.9979123173277662
C102,tp_m32,32,512,8,16,False,28201,round,4,c7_over_c10,0.9916317991631798
C102,tp_m32,32,512,8,16,False,28201,round,4,frontier_over_candidate,0.9913419913419913
C102,tp_m32,32,512,8,16,False,28201,round,4,frontier_over_parent,0.9870689655172413
C102,tp_m32,32,512,8,16,False,28201,round,5,parent_over_candidate,0.9956709956709957
C102,batch_m128,128,512,8,16,False,28202,median,,frontier_over_parent,0.9991926024931126
C102,batch_m128,128,512,8,16,False,28202,round,2,frontier_over_parent,0.9967213114754099
C102,batch_m128,128,512,8,16,False,28202,round,4,frontier_over_candidate,0.9933554817275747
C102,batch_m128,128,512,8,16,False,28202,round,4,frontier_over_parent,0.9966666666666665
C102,batch_m128,128,512,8,16,False,28202,round,4,parent_over_candidate,0.9966777408637876
C102,batch_m128,128,512,8,16,False,28202,round,5,parent_over_candidate,0.9967105263157895
C102,batch_m128,128,512,8,16,False,28202,round,6,c7_over_c10,0.9841772151898734
C102,batch_m128,128,512,8,16,False,28202,round,6,frontier_over_candidate,0.9950576606260298
C102,batch_m128,128,512,8,16,False,28202,round,6,frontier_over_parent,0.9917898193760264
C102,qwen_decode_m8,8,512,10,8,False,28203,median,,frontier_over_parent,0.9952277259961742
C102,qwen_decode_m8,8,512,10,8,False,28203,round,1,parent_over_candidate,0.9967637540453073
C102,qwen_decode_m8,8,512,10,8,False,28203,round,2,c7_over_c10,0.9970238095238096
C102,qwen_decode_m8,8,512,10,8,False,28203,round,2,frontier_over_candidate,0.9967845659163989
C102,qwen_decode_m8,8,512,10,8,False,28203,round,2,frontier_over_parent,0.9967845659163989
C102,qwen_decode_m8,8,512,10,8,False,28203,round,3,frontier_over_parent,0.9936708860759493
C102,qwen_decode_m8,8,512,10,8,False,28203,round,4,frontier_over_candidate,0.9936491935483872
C102,qwen_decode_m8,8,512,10,8,False,28203,round,4,frontier_over_parent,0.990454180064309
C102,qwen_decode_m8,8,512,10,8,False,28203,round,5,parent_over_candidate,0.9935064935064934
C102,qwen_decode_m8,8,512,10,8,False,28203,round,6,frontier_over_candidate,0.9808306709265175
C102,qwen_decode_m8,8,512,10,8,False,28203,round,6,frontier_over_parent,0.9777070063694268
C102,qwen_batch_m128,128,512,10,8,False,28204,median,,frontier_over_parent,0.9990530303030303
C102,qwen_batch_m128,128,512,10,8,False,28204,round,1,frontier_over_candidate,0.9962546816479403
C102,qwen_batch_m128,128,512,10,8,False,28204,round,1,parent_over_candidate,0.9943820224719103
C102,qwen_batch_m128,128,512,10,8,False,28204,round,2,c7_over_c10,0.9927272727272727
C102,qwen_batch_m128,128,512,10,8,False,28204,round,2,frontier_over_parent,0.9981060606060606
C102,qwen_batch_m128,128,512,10,8,False,28204,round,4,frontier_over_parent,0.9962546816479403
C102,qwen_batch_m128,128,512,10,8,False,28204,round,5,c7_over_c10,0.998228976234004
C102,qwen_batch_m128,128,512,10,8,False,28204,round,6,frontier_over_candidate,0.9979701051854587
C102,qwen_batch_m128,128,512,10,8,False,28204,round,6,frontier_over_parent,0.9941176470588238
C102,qwen_m512,512,512,10,8,False,28205,median,,frontier_over_candidate,0.9969633374014579
C102,qwen_m512,512,512,10,8,False,28205,median,,frontier_over_parent,0.999967038038104
C102,qwen_m512,512,512,10,8,False,28205,median,,parent_over_candidate,0.9990125177293268
C102,qwen_m512,512,512,10,8,False,28205,round,1,frontier_over_candidate,0.9979508196721313
C102,qwen_m512,512,512,10,8,False,28205,round,1,frontier_over_parent,0.995910020449898
C102,qwen_m512,512,512,10,8,False,28205,round,2,frontier_over_candidate,0.9959677419354839
C102,qwen_m512,512,512,10,8,False,28205,round,2,parent_over_candidate,0.9939516129032256
C102,qwen_m512,512,512,10,8,False,28205,round,3,frontier_over_candidate,0.9936575052854122
C102,qwen_m512,512,512,10,8,False,28205,round,3,frontier_over_parent,0.9915611814345991
C102,qwen_m512,512,512,10,8,False,28205,round,4,parent_over_candidate,0.9958847736625515
C102,qwen_m512,512,512,10,8,False,28205,round,5,frontier_over_candidate,0.9959758551307846
C102,qwen_m512,512,512,10,8,False,28205,round,5,parent_over_candidate,0.9959758551307846
C102,qwen_m512,512,512,10,8,False,28205,round,6,frontier_over_parent,0.9999340760762081
C102,qwen_prefill_m16384,16384,512,10,8,False,28206,median,,frontier_over_candidate,0.974353172055365
C102,qwen_prefill_m16384,16384,512,10,8,False,28206,median,,frontier_over_parent,0.9687858455148175
C102,qwen_prefill_m16384,16384,512,10,8,False,28206,round,1,frontier_over_candidate,0.9740394600207686
C102,qwen_prefill_m16384,16384,512,10,8,False,28206,round,1,frontier_over_parent,0.9645089249851384
C102,qwen_prefill_m16384,16384,512,10,8,False,28206,round,2,frontier_over_candidate,0.9742002063983488
C102,qwen_prefill_m16384,16384,512,10,8,False,28206,round,2,frontier_over_parent,0.9682051282051282
C102,qwen_prefill_m16384,16384,512,10,8,False,28206,round,3,frontier_over_candidate,0.9729025534132362
C102,qwen_prefill_m16384,16384,512,10,8,False,28206,round,3,frontier_over_parent,0.969366562824507
C102,qwen_prefill_m16384,16384,512,10,8,False,28206,round,4,frontier_over_candidate,0.9745061377123811
C102,qwen_prefill_m16384,16384,512,10,8,False,28206,round,4,frontier_over_parent,0.9669753484770265
C102,qwen_prefill_m16384,16384,512,10,8,False,28206,round,5,frontier_over_candidate,0.9746770025839794
C102,qwen_prefill_m16384,16384,512,10,8,False,28206,round,5,frontier_over_parent,0.9696502305554217
C102,qwen_prefill_m16384,16384,512,10,8,False,28206,round,6,frontier_over_candidate,0.9760166840458812
C102,qwen_prefill_m16384,16384,512,10,8,False,28206,round,6,frontier_over_parent,0.9739854318418313
C103,tp_m32,32,512,8,16,False,28201,median,,parent_over_candidate,0.9989130434782608
C103,tp_m32,32,512,8,16,False,28201,round,1,frontier_over_candidate,0.9870689655172413
C103,tp_m32,32,512,8,16,False,28201,round,1,frontier_over_parent,0.9934924078091106
C103,tp_m32,32,512,8,16,False,28201,round,1,parent_over_candidate,0.9935344827586207
C103,tp_m32,32,512,8,16,False,28201,round,2,c7_over_c10,0.9978947368421053
C103,tp_m32,32,512,8,16,False,28201,round,2,parent_over_candidate,0.9978260869565216
C103,tp_m32,32,512,8,16,False,28201,round,3,parent_over_candidate,0.9935622317596566
C103,tp_m32,32,512,8,16,False,28201,round,4,frontier_over_candidate,0.9978260869565216
C103,tp_m32,32,512,8,16,False,28201,round,4,frontier_over_parent,0.9978260869565216
C103,tp_m32,32,512,8,16,False,28201,round,6,c7_over_c10,0.995798319327731
C103,tp_m32,32,512,8,16,False,28201,round,6,frontier_over_parent,0.9957264957264957
C103,batch_m128,128,512,8,16,False,28202,median,,frontier_over_candidate,0.9999903579673494
C103,batch_m128,128,512,8,16,False,28202,median,,frontier_over_parent,0.9958853544674844
C103,batch_m128,128,512,8,16,False,28202,round,1,frontier_over_candidate,0.998330550918197
C103,batch_m128,128,512,8,16,False,28202,round,1,frontier_over_parent,0.9949565850361357
C103,batch_m128,128,512,8,16,False,28202,round,2,c7_over_c10,0.9968253968253968
C103,batch_m128,128,512,8,16,False,28202,round,2,frontier_over_parent,0.9950819672131147
C103,batch_m128,128,512,8,16,False,28202,round,3,frontier_over_candidate,0.9869281045751636
C103,batch_m128,128,512,8,16,False,28202,round,3,frontier_over_parent,0.9950576606260298
C103,batch_m128,128,512,8,16,False,28202,round,3,parent_over_candidate,0.9918300653594772
C103,batch_m128,128,512,8,16,False,28202,round,4,frontier_over_parent,0.9966887417218541
C103,batch_m128,128,512,8,16,False,28202,round,6,frontier_over_candidate,0.9934210526315791
C103,batch_m128,128,512,8,16,False,28202,round,6,frontier_over_parent,0.9983471074380166
C103,batch_m128,128,512,8,16,False,28202,round,6,parent_over_candidate,0.9950657894736844
C103,qwen_decode_m8,8,512,10,8,False,28203,median,,frontier_over_candidate,0.9952075695824032
C103,qwen_decode_m8,8,512,10,8,False,28203,median,,parent_over_candidate,0.9967999262703013
C103,qwen_decode_m8,8,512,10,8,False,28203,round,1,frontier_over_candidate,0.9967845659163989
C103,qwen_decode_m8,8,512,10,8,False,28203,round,1,parent_over_candidate,0.9903536977491963
C103,qwen_decode_m8,8,512,10,8,False,28203,round,2,frontier_over_candidate,0.9840255591054313
C103,qwen_decode_m8,8,512,10,8,False,28203,round,2,frontier_over_parent,0.977777777777778
C103,qwen_decode_m8,8,512,10,8,False,28203,round,3,frontier_over_candidate,0.9810126582278481
C103,qwen_decode_m8,8,512,10,8,False,28203,round,3,parent_over_candidate,0.9810126582278481
C103,qwen_decode_m8,8,512,10,8,False,28203,round,4,c7_over_c10,0.9909909909909912
C103,qwen_decode_m8,8,512,10,8,False,28203,round,5,c7_over_c10,0.9911906528189912
C103,qwen_decode_m8,8,512,10,8,False,28203,round,5,parent_over_candidate,0.9967845659163989
C103,qwen_decode_m8,8,512,10,8,False,28203,round,6,frontier_over_candidate,0.9936305732484076
C103,qwen_decode_m8,8,512,10,8,False,28203,round,6,frontier_over_parent,0.9968051118210862
C103,qwen_decode_m8,8,512,10,8,False,28203,round,6,parent_over_candidate,0.9968152866242038
C103,qwen_batch_m128,128,512,10,8,False,28204,median,,frontier_over_candidate,0.9981273408239701
C103,qwen_batch_m128,128,512,10,8,False,28204,round,1,c7_over_c10,0.9982014388489209
C103,qwen_batch_m128,128,512,10,8,False,28204,round,2,frontier_over_candidate,0.9905482041587904
C103,qwen_batch_m128,128,512,10,8,False,28204,round,2,frontier_over_parent,0.9980952380952381
C103,qwen_batch_m128,128,512,10,8,False,28204,round,2,parent_over_candidate,0.9924385633270323
C103,qwen_batch_m128,128,512,10,8,False,28204,round,4,frontier_over_candidate,0.9962546816479403
C103,qwen_batch_m128,128,512,10,8,False,28204,round,4,parent_over_candidate,0.9962546816479403
C103,qwen_batch_m128,128,512,10,8,False,28204,round,5,c7_over_c10,0.9981684981684982
C103,qwen_batch_m128,128,512,10,8,False,28204,round,6,c7_over_c10,0.9981308411214951
C103,qwen_batch_m128,128,512,10,8,False,28204,round,6,frontier_over_candidate,0.9960629921259843
C103,qwen_batch_m128,128,512,10,8,False,28204,round,6,frontier_over_parent,0.9960629921259843
C103,qwen_m512,512,512,10,8,False,28205,round,2,frontier_over_candidate,0.9979838709677419
C103,qwen_m512,512,512,10,8,False,28205,round,2,parent_over_candidate,0.9979838709677419
C103,qwen_m512,512,512,10,8,False,28205,round,3,parent_over_candidate,0.9978723404255321
C103,qwen_m512,512,512,10,8,False,28205,round,5,frontier_over_parent,0.9959514170040487
C103,qwen_prefill_m16384,16384,512,10,8,False,28206,median,,frontier_over_parent,0.975382923262667
C103,qwen_prefill_m16384,16384,512,10,8,False,28206,round,1,frontier_over_parent,0.9745219823100937
C103,qwen_prefill_m16384,16384,512,10,8,False,28206,round,2,frontier_over_parent,0.9757105943152454
C103,qwen_prefill_m16384,16384,512,10,8,False,28206,round,3,frontier_over_parent,0.9759665621734588
C103,qwen_prefill_m16384,16384,512,10,8,False,28206,round,4,frontier_over_parent,0.9750552522100884
C103,qwen_prefill_m16384,16384,512,10,8,False,28206,round,5,frontier_over_parent,0.9720930232558138
C103,qwen_prefill_m16384,16384,512,10,8,False,28206,round,6,frontier_over_parent,0.9785629153129032
C105,tp_m32,32,512,8,16,False,28201,median,,frontier_over_candidate,0.9989200863930886
C105,tp_m32,32,512,8,16,False,28201,median,,frontier_over_parent,0.9989036018447783
C105,tp_m32,32,512,8,16,False,28201,median,,parent_over_candidate,0.9989200863930886
C105,tp_m32,32,512,8,16,False,28201,round,1,c7_over_c10,0.9979035639412999
C105,tp_m32,32,512,8,16,False,28201,round,1,frontier_over_candidate,0.9892241379310344
C105,tp_m32,32,512,8,16,False,28201,round,1,frontier_over_parent,0.9892241379310344
C105,tp_m32,32,512,8,16,False,28201,round,2,c7_over_c10,0.995798319327731
C105,tp_m32,32,512,8,16,False,28201,round,2,frontier_over_candidate,0.9978401727861772
C105,tp_m32,32,512,8,16,False,28201,round,2,parent_over_candidate,0.9956803455723543
C105,tp_m32,32,512,8,16,False,28201,round,3,parent_over_candidate,0.9957081545064379
C105,tp_m32,32,512,8,16,False,28201,round,4,frontier_over_candidate,0.9956427015250547
C105,tp_m32,32,512,8,16,False,28201,round,4,frontier_over_parent,0.9956427015250547
C105,tp_m32,32,512,8,16,False,28201,round,5,parent_over_candidate,0.9978401727861772
C105,tp_m32,32,512,8,16,False,28201,round,6,frontier_over_parent,0.9914529914529916
C105,batch_m128,128,512,8,16,False,28202,median,,parent_over_candidate,0.9983552631578947
C105,batch_m128,128,512,8,16,False,28202,round,1,frontier_over_candidate,0.9983361064891847
C105,batch_m128,128,512,8,16,False,28202,round,1,frontier_over_parent,0.9983361064891847
C105,batch_m128,128,512,8,16,False,28202,round,2,parent_over_candidate,0.9967105263157895
C105,batch_m128,128,512,8,16,False,28202,round,3,parent_over_candidate,0.9950900163666121
C105,batch_m128,128,512,8,16,False,28202,round,4,c7_over_c10,0.9983844911147012
C105,batch_m128,128,512,8,16,False,28202,round,4,frontier_over_candidate,0.9966666666666667
C105,batch_m128,128,512,8,16,False,28202,round,4,parent_over_candidate,0.9966666666666667
C105,batch_m128,128,512,8,16,False,28202,round,5,c7_over_c10,0.9936708860759493
C105,batch_m128,128,512,8,16,False,28202,round,5,frontier_over_parent,0.9983579638752053
C105,qwen_decode_m8,8,512,10,8,False,28203,median,,parent_over_candidate,0.9967999918079788
C105,qwen_decode_m8,8,512,10,8,False,28203,round,1,c7_over_c10,0.9880952380952382
C105,qwen_decode_m8,8,512,10,8,False,28203,round,1,parent_over_candidate,0.9967637540453073
C105,qwen_decode_m8,8,512,10,8,False,28203,round,2,frontier_over_candidate,0.9967948717948716
C105,qwen_decode_m8,8,512,10,8,False,28203,round,2,parent_over_candidate,0.9967948717948716
C105,qwen_decode_m8,8,512,10,8,False,28203,round,3,parent_over_candidate,0.9841253993610225
C105,qwen_decode_m8,8,512,10,8,False,28203,round,4,c7_over_c10,0.9880597014925373
C105,qwen_decode_m8,8,512,10,8,False,28203,round,5,frontier_over_candidate,0.9904153354632588
C105,qwen_decode_m8,8,512,10,8,False,28203,round,5,frontier_over_parent,0.9935897435897436
C105,qwen_decode_m8,8,512,10,8,False,28203,round,5,parent_over_candidate,0.9968051118210862
C105,qwen_batch_m128,128,512,10,8,False,28204,median,,frontier_over_parent,0.9990218648209603
C105,qwen_batch_m128,128,512,10,8,False,28204,median,,parent_over_candidate,0.9981060606060606
C105,qwen_batch_m128,128,512,10,8,False,28204,round,1,parent_over_candidate,0.9925093632958804
C105,qwen_batch_m128,128,512,10,8,False,28204,round,2,c7_over_c10,0.994535519125683
C105,qwen_batch_m128,128,512,10,8,False,28204,round,2,frontier_over_candidate,0.9981024667931688
C105,qwen_batch_m128,128,512,10,8,False,28204,round,2,frontier_over_parent,0.9981024667931688
C105,qwen_batch_m128,128,512,10,8,False,28204,round,3,frontier_over_candidate,0.9961245078740156
C105,qwen_batch_m128,128,512,10,8,False,28204,round,3,frontier_over_parent,0.9961245078740156
C105,qwen_batch_m128,128,512,10,8,False,28204,round,4,frontier_over_parent,0.999941262848752
C105,qwen_batch_m128,128,512,10,8,False,28204,round,5,frontier_over_candidate,0.9924834280303029
C105,qwen_batch_m128,128,512,10,8,False,28204,round,5,frontier_over_parent,0.9962571292775664
C105,qwen_batch_m128,128,512,10,8,False,28204,round,5,parent_over_candidate,0.9962121212121212
C105,qwen_batch_m128,128,512,10,8,False,28204,round,6,parent_over_candidate,0.9921568627450981
C105,qwen_m512,512,512,10,8,False,28205,median,,frontier_over_candidate,0.9947535093682218
C105,qwen_m512,512,512,10,8,False,28205,median,,frontier_over_parent,0.9989541737973
C105,qwen_m512,512,512,10,8,False,28205,median,,parent_over_candidate,0.9968630749295642
C105,qwen_m512,512,512,10,8,False,28205,round,1,frontier_over_candidate,0.9959016393442623
C105,qwen_m512,512,512,10,8,False,28205,round,1,parent_over_candidate,0.9959016393442623
C105,qwen_m512,512,512,10,8,False,28205,round,2,frontier_over_candidate,0.9959514170040487
C105,qwen_m512,512,512,10,8,False,28205,round,2,frontier_over_parent,0.9979083475945999
C105,qwen_m512,512,512,10,8,False,28205,round,2,parent_over_candidate,0.998038967611336
C105,qwen_m512,512,512,10,8,False,28205,round,4,frontier_over_candidate,0.9918367346938776
C105,qwen_m512,512,512,10,8,False,28205,round,4,parent_over_candidate,0.9897959183673469
C105,qwen_m512,512,512,10,8,False,28205,round,5,frontier_over_candidate,0.9899598393574297
C105,qwen_m512,512,512,10,8,False,28205,round,5,frontier_over_parent,0.9959595959595958
C105,qwen_m512,512,512,10,8,False,28205,round,5,parent_over_candidate,0.993975903614458
C105,qwen_m512,512,512,10,8,False,28205,round,6,frontier_over_candidate,0.9936053793921814
C105,qwen_m512,512,512,10,8,False,28205,round,6,frontier_over_parent,0.9957716701902747
C105,qwen_m512,512,512,10,8,False,28205,round,6,parent_over_candidate,0.997824510514866
C105,qwen_prefill_m16384,16384,512,10,8,False,28206,round,4,parent_over_candidate,0.996779388083736
C105,qwen_prefill_m16384,16384,512,10,8,False,28206,round,5,parent_over_candidate,0.9994324441625212
C105,qwen_prefill_m16384,16384,512,10,8,False,28206,round,6,parent_over_candidate,0.9972958355868036
C107,tp_m32,32,512,8,16,False,28201,median,,frontier_over_candidate,0.99893632833547
C107,tp_m32,32,512,8,16,False,28201,median,,frontier_over_parent,0.9989154013015185
C107,tp_m32,32,512,8,16,False,28201,median,,parent_over_candidate,0.998917748917749
C107,tp_m32,32,512,8,16,False,28201,round,1,frontier_over_candidate,0.9956709956709957
C107,tp_m32,32,512,8,16,False,28201,round,1,frontier_over_parent,0.9978308026030369
C107,tp_m32,32,512,8,16,False,28201,round,1,parent_over_candidate,0.9978354978354979
C107,tp_m32,32,512,8,16,False,28201,round,2,frontier_over_candidate,0.9956709956709957
C107,tp_m32,32,512,8,16,False,28201,round,2,frontier_over_parent,0.9913793103448276
C107,tp_m32,32,512,8,16,False,28201,round,3,c7_over_c10,0.9937238493723848
C107,tp_m32,32,512,8,16,False,28201,round,3,frontier_over_parent,0.9935622317596566
C107,tp_m32,32,512,8,16,False,28201,round,5,parent_over_candidate,0.9956709956709957
C107,tp_m32,32,512,8,16,False,28201,round,6,frontier_over_candidate,0.9957081545064379
C107,tp_m32,32,512,8,16,False,28201,round,6,parent_over_candidate,0.9957081545064379
C107,batch_m128,128,512,8,16,False,28202,median,,frontier_over_candidate,0.997532894736842
C107,batch_m128,128,512,8,16,False,28202,median,,frontier_over_parent,0.99755859375
C107,batch_m128,128,512,8,16,False,28202,median,,parent_over_candidate,0.999176276771005
C107,batch_m128,128,512,8,16,False,28202,round,1,c7_over_c10,0.9967741935483871
C107,batch_m128,128,512,8,16,False,28202,round,1,frontier_over_candidate,0.9966666666666667
C107,batch_m128,128,512,8,16,False,28202,round,1,frontier_over_parent,0.9933554817275747
C107,batch_m128,128,512,8,16,False,28202,round,2,frontier_over_candidate,0.9934938524590164
C107,batch_m128,128,512,8,16,False,28202,round,2,frontier_over_parent,0.9967619243421053
C107,batch_m128,128,512,8,16,False,28202,round,2,parent_over_candidate,0.9967213114754099
C107,batch_m128,128,512,8,16,False,28202,round,3,frontier_over_candidate,0.9967105263157895
C107,batch_m128,128,512,8,16,False,28202,round,3,frontier_over_parent,0.9918166939443536
C107,batch_m128,128,512,8,16,False,28202,round,4,parent_over_candidate,0.9966666666666667
C107,batch_m128,128,512,8,16,False,28202,round,5,parent_over_candidate,0.9983525535420099
C107,batch_m128,128,512,8,16,False,28202,round,6,c7_over_c10,0.9952305246422893
C107,batch_m128,128,512,8,16,False,28202,round,6,frontier_over_candidate,0.9983552631578947
C107,batch_m128,128,512,8,16,False,28202,round,6,frontier_over_parent,0.9983552631578947
C107,qwen_decode_m8,8,512,10,8,False,28203,median,,frontier_over_candidate,0.9967793797323931
C107,qwen_decode_m8,8,512,10,8,False,28203,median,,parent_over_candidate,0.9935378126696457
C107,qwen_decode_m8,8,512,10,8,False,28203,round,1,frontier_over_candidate,0.9967741935483873
C107,qwen_decode_m8,8,512,10,8,False,28203,round,1,parent_over_candidate,0.9870967741935484
C107,qwen_decode_m8,8,512,10,8,False,28203,round,2,frontier_over_candidate,0.9840255591054313
C107,qwen_decode_m8,8,512,10,8,False,28203,round,2,frontier_over_parent,0.9935483870967742
C107,qwen_decode_m8,8,512,10,8,False,28203,round,2,parent_over_candidate,0.9904153354632588
C107,qwen_decode_m8,8,512,10,8,False,28203,round,4,parent_over_candidate,0.9935064935064934
C107,qwen_decode_m8,8,512,10,8,False,28203,round,5,c7_over_c10,0.9940476190476191
C107,qwen_decode_m8,8,512,10,8,False,28203,round,5,frontier_over_candidate,0.9967845659163989
C107,qwen_decode_m8,8,512,10,8,False,28203,round,5,parent_over_candidate,0.9935691318327978
C107,qwen_decode_m8,8,512,10,8,False,28203,round,6,frontier_over_candidate,0.9935897435897436
C107,qwen_decode_m8,8,512,10,8,False,28203,round,6,frontier_over_parent,0.9872611464968153
C107,qwen_batch_m128,128,512,10,8,False,28204,median,,frontier_over_candidate,0.9971910112359552
C107,qwen_batch_m128,128,512,10,8,False,28204,median,,frontier_over_parent,0.9962263613579403
C107,qwen_batch_m128,128,512,10,8,False,28204,round,1,frontier_over_candidate,0.9943820224719103
C107,qwen_batch_m128,128,512,10,8,False,28204,round,1,frontier_over_parent,0.9925233644859813
C107,qwen_batch_m128,128,512,10,8,False,28204,round,2,frontier_over_parent,0.9962121212121212
C107,qwen_batch_m128,128,512,10,8,False,28204,round,3,c7_over_c10,0.9981892523364485
C107,qwen_batch_m128,128,512,10,8,False,28204,round,3,frontier_over_candidate,0.9940333394845297
C107,qwen_batch_m128,128,512,10,8,False,28204,round,3,frontier_over_parent,0.9940944881889764
C107,qwen_batch_m128,128,512,10,8,False,28204,round,3,parent_over_candidate,0.9999384880359229
C107,qwen_batch_m128,128,512,10,8,False,28204,round,4,frontier_over_candidate,0.9906542056074766
C107,qwen_batch_m128,128,512,10,8,False,28204,round,4,frontier_over_parent,0.9962406015037594
C107,qwen_batch_m128,128,512,10,8,False,28204,round,4,parent_over_candidate,0.994392523364486
C107,qwen_batch_m128,128,512,10,8,False,28204,round,5,parent_over_candidate,0.9962121212121212
C107,qwen_batch_m128,128,512,10,8,False,28204,round,6,c7_over_c10,0.9944547134935303
C107,qwen_batch_m128,128,512,10,8,False,28204,round,6,frontier_over_parent,0.9980353634577603
C107,qwen_m512,512,512,10,8,False,28205,median,,frontier_over_parent,0.998936170212766
C107,qwen_m512,512,512,10,8,False,28205,median,,parent_over_candidate,0.9979757085020243
C107,qwen_m512,512,512,10,8,False,28205,round,2,parent_over_candidate,0.9959514170040487
C107,qwen_m512,512,512,10,8,False,28205,round,3,parent_over_candidate,0.9936305732484076
C107,qwen_m512,512,512,10,8,False,28205,round,4,frontier_over_candidate,0.9938398357289526
C107,qwen_m512,512,512,10,8,False,28205,round,4,frontier_over_parent,0.9918032786885246
C107,qwen_m512,512,512,10,8,False,28205,round,5,frontier_over_parent,0.9879518072289158
C107,qwen_m512,512,512,10,8,False,28205,round,6,frontier_over_candidate,0.9894514767932491
C107,qwen_m512,512,512,10,8,False,28205,round,6,frontier_over_parent,0.9978723404255321
C107,qwen_m512,512,512,10,8,False,28205,round,6,parent_over_candidate,0.9915611814345991
C107,qwen_prefill_m16384,16384,512,10,8,False,28206,median,,parent_over_candidate,0.9828647323159221
C107,qwen_prefill_m16384,16384,512,10,8,False,28206,round,1,parent_over_candidate,0.9828326180257511
C107,qwen_prefill_m16384,16384,512,10,8,False,28206,round,2,parent_over_candidate,0.9812332439678284
C107,qwen_prefill_m16384,16384,512,10,8,False,28206,round,3,parent_over_candidate,0.987594390507012
C107,qwen_prefill_m16384,16384,512,10,8,False,28206,round,4,parent_over_candidate,0.9823340471092075
C107,qwen_prefill_m16384,16384,512,10,8,False,28206,round,5,frontier_over_candidate,0.9946552645644042
C107,qwen_prefill_m16384,16384,512,10,8,False,28206,round,5,parent_over_candidate,0.9828968466060931
C107,qwen_prefill_m16384,16384,512,10,8,False,28206,round,6,frontier_over_candidate,0.9962223421478684
C107,qwen_prefill_m16384,16384,512,10,8,False,28206,round,6,parent_over_candidate,0.9832703723691312
C110,tp_m32,32,512,8,16,False,28201,median,,c7_over_c10,0.9989236088459783
C110,tp_m32,32,512,8,16,False,28201,median,,frontier_over_parent,0.9978631600575303
C110,tp_m32,32,512,8,16,False,28201,round,1,parent_over_candidate,0.9957446808510638
C110,tp_m32,32,512,8,16,False,28201,round,2,c7_over_c10,0.9978472176919565
C110,tp_m32,32,512,8,16,False,28201,round,2,frontier_over_parent,0.9978494623655914
C110,tp_m32,32,512,8,16,False,28201,round,3,frontier_over_parent,0.9978768577494692
C110,tp_m32,32,512,8,16,False,28201,round,4,c7_over_c10,0.9957860615883307
C110,tp_m32,32,512,8,16,False,28201,round,4,frontier_over_candidate,0.9978768577494692
C110,tp_m32,32,512,8,16,False,28201,round,4,frontier_over_parent,0.9957627118644068
C110,tp_m32,32,512,8,16,False,28201,round,6,c7_over_c10,0.989584007245908
C110,tp_m32,32,512,8,16,False,28201,round,6,frontier_over_candidate,0.9935646520268028
C110,tp_m32,32,512,8,16,False,28201,round,6,frontier_over_parent,0.9957446808510638
C110,tp_m32,32,512,8,16,False,28201,round,6,parent_over_candidate,0.9978106548132422
C110,batch_m128,128,512,8,16,False,28202,median,,frontier_over_candidate,0.9983867845002468
C110,batch_m128,128,512,8,16,False,28202,median,,frontier_over_parent,0.9975396376753076
C110,batch_m128,128,512,8,16,False,28202,round,1,c7_over_c10,0.9967845659163987
C110,batch_m128,128,512,8,16,False,28202,round,1,frontier_over_candidate,0.9966555183946488
C110,batch_m128,128,512,8,16,False,28202,round,1,frontier_over_parent,0.9966555183946488
C110,batch_m128,128,512,8,16,False,28202,round,3,frontier_over_candidate,0.9967213114754099
C110,batch_m128,128,512,8,16,False,28202,round,3,frontier_over_parent,0.9983579638752053
C110,batch_m128,128,512,8,16,False,28202,round,3,parent_over_candidate,0.9983606557377049
C110,batch_m128,128,512,8,16,False,28202,round,4,c7_over_c10,0.9983844911147012
C110,batch_m128,128,512,8,16,False,28202,round,4,frontier_over_parent,0.9967187500000001
C110,batch_m128,128,512,8,16,False,28202,round,5,frontier_over_candidate,0.9967213114754099
C110,batch_m128,128,512,8,16,False,28202,round,5,frontier_over_parent,0.9967213114754099
C110,batch_m128,128,512,8,16,False,28202,round,6,c7_over_c10,0.9984177215189873
C110,qwen_decode_m8,8,512,10,8,False,28203,median,,frontier_over_candidate,0.9919768736087067
C110,qwen_decode_m8,8,512,10,8,False,28203,median,,parent_over_candidate,0.9921101774042952
C110,qwen_decode_m8,8,512,10,8,False,28203,round,1,frontier_over_candidate,0.9775641025641028
C110,qwen_decode_m8,8,512,10,8,False,28203,round,1,frontier_over_parent,0.9967320261437911
C110,qwen_decode_m8,8,512,10,8,False,28203,round,1,parent_over_candidate,0.9807692307692307
C110,qwen_decode_m8,8,512,10,8,False,28203,round,2,c7_over_c10,0.9969969969969972
C110,qwen_decode_m8,8,512,10,8,False,28203,round,2,frontier_over_candidate,0.9903846153846155
C110,qwen_decode_m8,8,512,10,8,False,28203,round,2,parent_over_candidate,0.9807692307692307
C110,qwen_decode_m8,8,512,10,8,False,28203,round,3,frontier_over_candidate,0.9841269841269843
C110,qwen_decode_m8,8,512,10,8,False,28203,round,3,parent_over_candidate,0.9809523809523812
C110,qwen_decode_m8,8,512,10,8,False,28203,round,6,frontier_over_candidate,0.9935691318327978
C110,qwen_decode_m8,8,512,10,8,False,28203,round,6,frontier_over_parent,0.9840764331210192
C110,qwen_batch_m128,128,512,10,8,False,28204,median,,c7_over_c10,0.9990859232175504
C110,qwen_batch_m128,128,512,10,8,False,28204,round,1,frontier_over_candidate,0.9906542056074766
C110,qwen_batch_m128,128,512,10,8,False,28204,round,1,frontier_over_parent,0.9943714821763602
C110,qwen_batch_m128,128,512,10,8,False,28204,round,1,parent_over_candidate,0.9962616822429906
C110,qwen_batch_m128,128,512,10,8,False,28204,round,2,c7_over_c10,0.9891304347826089
C110,qwen_batch_m128,128,512,10,8,False,28204,round,5,c7_over_c10,0.9981718464351007
C110,qwen_batch_m128,128,512,10,8,False,28204,round,5,parent_over_candidate,0.9981024667931688
C110,qwen_batch_m128,128,512,10,8,False,28204,round,6,c7_over_c10,0.9925925925925926
C110,qwen_batch_m128,128,512,10,8,False,28204,round,6,frontier_over_parent,0.994140625
C110,qwen_m512,512,512,10,8,False,28205,median,,frontier_over_parent,0.996951219512195
C110,qwen_m512,512,512,10,8,False,28205,round,2,frontier_over_parent,0.9979674796747966
C110,qwen_m512,512,512,10,8,False,28205,round,3,frontier_over_parent,0.9915254237288136
C110,qwen_m512,512,512,10,8,False,28205,round,4,frontier_over_parent,0.9917184265010351
C110,qwen_m512,512,512,10,8,False,28205,round,5,frontier_over_candidate,0.9959349593495934
C110,qwen_m512,512,512,10,8,False,28205,round,5,frontier_over_parent,0.9959349593495934
C110,qwen_prefill_m16384,16384,512,10,8,False,28206,median,,parent_over_candidate,0.9892550030058782
C110,qwen_prefill_m16384,16384,512,10,8,False,28206,round,1,parent_over_candidate,0.9834490122797651
C110,qwen_prefill_m16384,16384,512,10,8,False,28206,round,2,parent_over_candidate,0.9887582180437293
C110,qwen_prefill_m16384,16384,512,10,8,False,28206,round,3,parent_over_candidate,0.989751787968027
C110,qwen_prefill_m16384,16384,512,10,8,False,28206,round,4,parent_over_candidate,0.9908896034297963
C110,qwen_prefill_m16384,16384,512,10,8,False,28206,round,5,parent_over_candidate,0.989855846235985
C110,qwen_prefill_m16384,16384,512,10,8,False,28206,round,6,parent_over_candidate,0.9887233792999447
C111,tp_m32,32,512,8,16,False,28201,median,,c7_over_c10,0.9979577282157677
C111,tp_m32,32,512,8,16,False,28201,median,,frontier_over_candidate,0.9978745990875006
C111,tp_m32,32,512,8,16,False,28201,median,,frontier_over_parent,0.9978585152678232
C111,tp_m32,32,512,8,16,False,28201,round,1,frontier_over_candidate,0.9978723404255321
C111,tp_m32,32,512,8,16,False,28201,round,1,parent_over_candidate,0.9936170212765958
C111,tp_m32,32,512,8,16,False,28201,round,2,c7_over_c10,0.9917012448132781
C111,tp_m32,32,512,8,16,False,28201,round,2,frontier_over_parent,0.9978401727861772
C111,tp_m32,32,512,8,16,False,28201,round,3,c7_over_c10,0.9855967078189302
C111,tp_m32,32,512,8,16,False,28201,round,3,parent_over_candidate,0.9979255888650963
C111,tp_m32,32,512,8,16,False,28201,round,4,frontier_over_candidate,0.9936305732484076
C111,tp_m32,32,512,8,16,False,28201,round,4,frontier_over_parent,0.9915254237288136
C111,tp_m32,32,512,8,16,False,28201,round,5,frontier_over_candidate,0.9892241379310344
C111,tp_m32,32,512,8,16,False,28201,round,5,frontier_over_parent,0.9892241379310344
C111,tp_m32,32,512,8,16,False,28201,round,6,c7_over_c10,0.9959154564315352
C111,tp_m32,32,512,8,16,False,28201,round,6,frontier_over_candidate,0.9978768577494692
C111,tp_m32,32,512,8,16,False,28201,round,6,frontier_over_parent,0.9978768577494692
C111,batch_m128,128,512,8,16,False,28202,median,,frontier_over_parent,0.9974949254565286
C111,batch_m128,128,512,8,16,False,28202,round,1,c7_over_c10,0.998389694041868
C111,batch_m128,128,512,8,16,False,28202,round,1,frontier_over_parent,0.9900497512437811
C111,batch_m128,128,512,8,16,False,28202,round,2,c7_over_c10,0.9936708860759493
C111,batch_m128,128,512,8,16,False,28202,round,3,frontier_over_parent,0.9950819672131147
C111,batch_m128,128,512,8,16,False,28202,round,4,frontier_over_parent,0.998330550918197
C111,batch_m128,128,512,8,16,False,28202,round,5,frontier_over_candidate,0.9983525535420099
C111,batch_m128,128,512,8,16,False,28202,round,5,frontier_over_parent,0.9966592999948604
C111,batch_m128,128,512,8,16,False,28202,round,6,frontier_over_candidate,0.991869918699187
C111,batch_m128,128,512,8,16,False,28202,round,6,parent_over_candidate,0.9886178861788618
C111,qwen_decode_m8,8,512,10,8,False,28203,median,,c7_over_c10,0.9970144997281858
C111,qwen_decode_m8,8,512,10,8,False,28203,median,,parent_over_candidate,0.9951659451659451
C111,qwen_decode_m8,8,512,10,8,False,28203,round,1,c7_over_c10,0.9880239520958085
C111,qwen_decode_m8,8,512,10,8,False,28203,round,2,c7_over_c10,0.9970501474926252
C111,qwen_decode_m8,8,512,10,8,False,28203,round,2,frontier_over_candidate,0.9936507936507938
C111,qwen_decode_m8,8,512,10,8,False,28203,round,2,frontier_over_parent,0.9968152866242038
C111,qwen_decode_m8,8,512,10,8,False,28203,round,2,parent_over_candidate,0.996825396825397
C111,qwen_decode_m8,8,512,10,8,False,28203,round,3,parent_over_candidate,0.9935064935064934
C111,qwen_decode_m8,8,512,10,8,False,28203,round,4,c7_over_c10,0.9969788519637462
C111,qwen_decode_m8,8,512,10,8,False,28203,round,4,parent_over_candidate,0.9935064935064934
C111,qwen_decode_m8,8,512,10,8,False,28203,round,5,c7_over_c10,0.985207100591716
C111,qwen_decode_m8,8,512,10,8,False,28203,round,5,frontier_over_parent,0.9936305732484076
C111,qwen_decode_m8,8,512,10,8,False,28203,round,6,parent_over_candidate,0.9840255591054313
C111,qwen_batch_m128,128,512,10,8,False,28204,median,,frontier_over_candidate,0.99906191369606
C111,qwen_batch_m128,128,512,10,8,False,28204,median,,frontier_over_parent,0.9990601503759399
C111,qwen_batch_m128,128,512,10,8,False,28204,round,1,frontier_over_parent,0.9981203007518797
C111,qwen_batch_m128,128,512,10,8,False,28204,round,2,frontier_over_candidate,0.9962335216572502
C111,qwen_batch_m128,128,512,10,8,False,28204,round,2,parent_over_candidate,0.9905838041431262
C111,qwen_batch_m128,128,512,10,8,False,28204,round,4,frontier_over_candidate,0.99812382739212
C111,qwen_batch_m128,128,512,10,8,False,28204,round,4,frontier_over_parent,0.9925373134328358
C111,qwen_batch_m128,128,512,10,8,False,28204,round,5,c7_over_c10,0.9927007299270075
C111,qwen_batch_m128,128,512,10,8,False,28204,round,5,parent_over_candidate,0.9962121212121212
C111,qwen_batch_m128,128,512,10,8,False,28204,round,6,c7_over_c10,0.994413407821229
C111,qwen_batch_m128,128,512,10,8,False,28204,round,6,frontier_over_candidate,0.9980392156862745
C111,qwen_batch_m128,128,512,10,8,False,28204,round,6,frontier_over_parent,0.996086105675147
C111,qwen_m512,512,512,10,8,False,28205,median,,frontier_over_candidate,0.9989626556016598
C111,qwen_m512,512,512,10,8,False,28205,median,,frontier_over_parent,0.9979176417563748
C111,qwen_m512,512,512,10,8,False,28205,round,1,frontier_over_candidate,0.9957947855340622
C111,qwen_m512,512,512,10,8,False,28205,round,1,frontier_over_parent,0.993801652892562
C111,qwen_m512,512,512,10,8,False,28205,round,2,frontier_over_parent,0.9979674796747966
C111,qwen_m512,512,512,10,8,False,28205,round,3,frontier_over_parent,0.9978678038379529
C111,qwen_m512,512,512,10,8,False,28205,round,4,frontier_over_candidate,0.9979253112033195
C111,qwen_m512,512,512,10,8,False,28205,round,4,parent_over_candidate,0.9958506224066391
C111,qwen_m512,512,512,10,8,False,28205,round,5,frontier_over_candidate,0.99390243902439
C111,qwen_m512,512,512,10,8,False,28205,round,5,frontier_over_parent,0.9959266802443991
C111,qwen_m512,512,512,10,8,False,28205,round,5,parent_over_candidate,0.9979674796747966
C112,tp_m32,32,512,8,16,False,28201,median,,frontier_over_parent,0.9968037697253067
C112,tp_m32,32,512,8,16,False,28201,round,1,frontier_over_candidate,0.9978813559322034
C112,tp_m32,32,512,8,16,False,28201,round,1,parent_over_candidate,0.9936440677966103
C112,tp_m32,32,512,8,16,False,28201,round,2,frontier_over_parent,0.9978448275862067
C112,tp_m32,32,512,8,16,False,28201,round,3,frontier_over_parent,0.9957627118644068
C112,tp_m32,32,512,8,16,False,28201,round,4,c7_over_c10,0.9979253112033195
C112,tp_m32,32,512,8,16,False,28201,round,4,frontier_over_candidate,0.9957446808510638
C112,tp_m32,32,512,8,16,False,28201,round,4,frontier_over_parent,0.9957446808510638
C112,tp_m32,32,512,8,16,False,28201,round,5,frontier_over_parent,0.9979211373390559
C112,tp_m32,32,512,8,16,False,28201,round,6,frontier_over_parent,0.9957446808510638
C112,batch_m128,128,512,8,16,False,28202,median,,frontier_over_candidate,0.999176276771005
C112,batch_m128,128,512,8,16,False,28202,round,1,frontier_over_parent,0.9966666666666667
C112,batch_m128,128,512,8,16,False,28202,round,3,frontier_over_candidate,0.9983525535420099
C112,batch_m128,128,512,8,16,False,28202,round,3,frontier_over_parent,0.9983525535420099
C112,batch_m128,128,512,8,16,False,28202,round,4,c7_over_c10,0.998389694041868
C112,batch_m128,128,512,8,16,False,28202,round,4,frontier_over_candidate,0.9950248756218906
C112,batch_m128,128,512,8,16,False,28202,round,4,parent_over_candidate,0.9933665008291874
C112,batch_m128,128,512,8,16,False,28202,round,6,c7_over_c10,0.9936507936507937
C112,batch_m128,128,512,8,16,False,28202,round,6,frontier_over_candidate,0.9918699186991872
C112,batch_m128,128,512,8,16,False,28202,round,6,parent_over_candidate,0.9902439024390244
C112,qwen_decode_m8,8,512,10,8,False,28203,round,1,parent_over_candidate,0.9935064935064934
C112,qwen_decode_m8,8,512,10,8,False,28203,round,2,c7_over_c10,0.9880952380952382
C112,qwen_decode_m8,8,512,10,8,False,28203,round,2,frontier_over_candidate,0.9807692307692307
C112,qwen_decode_m8,8,512,10,8,False,28203,round,2,frontier_over_parent,0.977538185085355
C112,qwen_decode_m8,8,512,10,8,False,28203,round,3,frontier_over_parent,0.9872204472843452
C112,qwen_decode_m8,8,512,10,8,False,28203,round,6,parent_over_candidate,0.9967845659163989
C112,qwen_batch_m128,128,512,10,8,False,28204,median,,c7_over_c10,0.9972858373917926
C112,qwen_batch_m128,128,512,10,8,False,28204,median,,frontier_over_candidate,0.9981165938368992
C112,qwen_batch_m128,128,512,10,8,False,28204,median,,parent_over_candidate,0.9960783710629921
C112,qwen_batch_m128,128,512,10,8,False,28204,round,1,frontier_over_candidate,0.9981343283582089
C112,qwen_batch_m128,128,512,10,8,False,28204,round,1,parent_over_candidate,0.9962686567164177
C112,qwen_batch_m128,128,512,10,8,False,28204,round,2,c7_over_c10,0.9927536231884058
C112,qwen_batch_m128,128,512,10,8,False,28204,round,2,frontier_over_candidate,0.9980988593155894
C112,qwen_batch_m128,128,512,10,8,False,28204,round,2,parent_over_candidate,0.9923954372623575
C112,qwen_batch_m128,128,512,10,8,False,28204,round,3,parent_over_candidate,0.9960629921259843
C112,qwen_batch_m128,128,512,10,8,False,28204,round,4,c7_over_c10,0.9982014388489209
C112,qwen_batch_m128,128,512,10,8,False,28204,round,5,c7_over_c10,0.9963702359346642
C112,qwen_batch_m128,128,512,10,8,False,28204,round,5,frontier_over_candidate,0.9943502824858756
C112,qwen_batch_m128,128,512,10,8,False,28204,round,5,parent_over_candidate,0.9887005649717514
C112,qwen_batch_m128,128,512,10,8,False,28204,round,6,c7_over_c10,0.9962962962962961
C112,qwen_batch_m128,128,512,10,8,False,28204,round,6,frontier_over_candidate,0.9921875
C112,qwen_batch_m128,128,512,10,8,False,28204,round,6,frontier_over_parent,0.996078431372549
C112,qwen_batch_m128,128,512,10,8,False,28204,round,6,parent_over_candidate,0.99609375
C112,qwen_m512,512,512,10,8,False,28205,median,,frontier_over_candidate,0.963336712800321
C112,qwen_m512,512,512,10,8,False,28205,median,,parent_over_candidate,0.9584939709621855
C112,qwen_m512,512,512,10,8,False,28205,round,1,frontier_over_candidate,0.9620758483033934
C112,qwen_m512,512,512,10,8,False,28205,round,1,parent_over_candidate,0.9580838323353297
C112,qwen_m512,512,512,10,8,False,28205,round,2,frontier_over_candidate,0.9628180039138946
C112,qwen_m512,512,512,10,8,False,28205,round,2,parent_over_candidate,0.9589041095890413
C112,qwen_m512,512,512,10,8,False,28205,round,3,frontier_over_candidate,0.9670103092783506
C112,qwen_m512,512,512,10,8,False,28205,round,3,parent_over_candidate,0.9649484536082474
C112,qwen_m512,512,512,10,8,False,28205,round,4,frontier_over_candidate,0.9638554216867472
C112,qwen_m512,512,512,10,8,False,28205,round,4,parent_over_candidate,0.959839357429719
C112,qwen_m512,512,512,10,8,False,28205,round,5,frontier_over_candidate,0.9628180039138946
C112,qwen_m512,512,512,10,8,False,28205,round,5,parent_over_candidate,0.954990215264188
C112,qwen_m512,512,512,10,8,False,28205,round,6,frontier_over_candidate,0.9650924024640656
C112,qwen_m512,512,512,10,8,False,28205,round,6,parent_over_candidate,0.9568788501026693
C112,qwen_prefill_m16384,16384,512,10,8,False,28206,median,,parent_over_candidate,0.9662399279867357
C112,qwen_prefill_m16384,16384,512,10,8,False,28206,round,1,parent_over_candidate,0.9572047670639219
C112,qwen_prefill_m16384,16384,512,10,8,False,28206,round,2,frontier_over_candidate,0.9972972972972971
C112,qwen_prefill_m16384,16384,512,10,8,False,28206,round,2,parent_over_candidate,0.9664864864864865
C112,qwen_prefill_m16384,16384,512,10,8,False,28206,round,3,parent_over_candidate,0.9661572052401746
C112,qwen_prefill_m16384,16384,512,10,8,False,28206,round,4,parent_over_candidate,0.9663226507332969
C112,qwen_prefill_m16384,16384,512,10,8,False,28206,round,5,parent_over_candidate,0.9712737127371275
C112,qwen_prefill_m16384,16384,512,10,8,False,28206,round,6,frontier_over_candidate,0.9961997828447339
C112,qwen_prefill_m16384,16384,512,10,8,False,28206,round,6,parent_over_candidate,0.9598262757871879
C115,tp_m32,32,512,8,16,False,28201,median,,frontier_over_candidate,0.9978448275862069
C115,tp_m32,32,512,8,16,False,28201,median,,frontier_over_parent,0.9978448275862069
C115,tp_m32,32,512,8,16,False,28201,median,,parent_over_candidate,0.998945147679325
C115,tp_m32,32,512,8,16,False,28201,round,1,c7_over_c10,0.9958506224066391
C115,tp_m32,32,512,8,16,False,28201,round,1,frontier_over_candidate,0.989406779661017
C115,tp_m32,32,512,8,16,False,28201,round,1,parent_over_candidate,0.989406779661017
C115,tp_m32,32,512,8,16,False,28201,round,2,frontier_over_parent,0.9956896551724138
C115,tp_m32,32,512,8,16,False,28201,round,3,c7_over_c10,0.9979166666666667
C115,tp_m32,32,512,8,16,False,28201,round,4,frontier_over_candidate,0.9852320675105485
C115,tp_m32,32,512,8,16,False,28201,round,4,frontier_over_parent,0.9873150105708244
C115,tp_m32,32,512,8,16,False,28201,round,4,parent_over_candidate,0.9978902953586499
C115,tp_m32,32,512,8,16,False,28201,round,5,frontier_over_candidate,0.9956896551724138
C115,tp_m32,32,512,8,16,False,28201,round,5,frontier_over_parent,0.9956896551724138
C115,tp_m32,32,512,8,16,False,28201,round,6,parent_over_candidate,0.9936170212765958
C115,batch_m128,128,512,8,16,False,28202,median,,parent_over_candidate,0.9983552631578947
C115,batch_m128,128,512,8,16,False,28202,round,1,parent_over_candidate,0.9966666666666667
C115,batch_m128,128,512,8,16,False,28202,round,2,parent_over_candidate,0.9967105263157895
C115,batch_m128,128,512,8,16,False,28202,round,4,c7_over_c10,0.9983870967741936
C115,batch_m128,128,512,8,16,False,28202,round,4,frontier_over_candidate,0.9966777408637874
C115,batch_m128,128,512,8,16,False,28202,round,4,parent_over_candidate,0.9900332225913622
C115,batch_m128,128,512,8,16,False,28202,round,6,c7_over_c10,0.9984076433121019
C115,qwen_decode_m8,8,512,10,8,False,28203,median,,parent_over_candidate,0.9967741935483871
C115,qwen_decode_m8,8,512,10,8,False,28203,round,2,parent_over_candidate,0.9871794871794871
C115,qwen_decode_m8,8,512,10,8,False,28203,round,3,frontier_over_parent,0.9872611464968153
C115,qwen_decode_m8,8,512,10,8,False,28203,round,4,c7_over_c10,0.9880239520958085
C115,qwen_decode_m8,8,512,10,8,False,28203,round,5,c7_over_c10,0.9852507374631266
C115,qwen_decode_m8,8,512,10,8,False,28203,round,5,parent_over_candidate,0.9935483870967742
C115,qwen_decode_m8,8,512,10,8,False,28203,round,6,frontier_over_candidate,0.990506329113924
C115,qwen_decode_m8,8,512,10,8,False,28203,round,6,parent_over_candidate,0.9778481012658229
C115,qwen_batch_m128,128,512,10,8,False,28204,median,,c7_over_c10,0.9981931368580494
C115,qwen_batch_m128,128,512,10,8,False,28204,median,,frontier_over_parent,0.9942722850740559
C115,qwen_batch_m128,128,512,10,8,False,28204,round,1,c7_over_c10,0.998211091234347
C115,qwen_batch_m128,128,512,10,8,False,28204,round,1,frontier_over_parent,0.9924794496589517
C115,qwen_batch_m128,128,512,10,8,False,28204,round,2,frontier_over_candidate,0.9999405928830273
C115,qwen_batch_m128,128,512,10,8,False,28204,round,2,frontier_over_parent,0.9924528301886792
C115,qwen_batch_m128,128,512,10,8,False,28204,round,3,frontier_over_parent,0.9941520467836257
C115,qwen_batch_m128,128,512,10,8,False,28204,round,4,c7_over_c10,0.9946140035906644
C115,qwen_batch_m128,128,512,10,8,False,28204,round,4,frontier_over_candidate,0.99812382739212
C115,qwen_batch_m128,128,512,10,8,False,28204,round,4,frontier_over_parent,0.994392523364486
C115,qwen_batch_m128,128,512,10,8,False,28204,round,5,c7_over_c10,0.9981751824817519
C115,qwen_batch_m128,128,512,10,8,False,28204,round,5,frontier_over_parent,0.9981060606060606
C115,qwen_batch_m128,128,512,10,8,False,28204,round,6,c7_over_c10,0.992619926199262
C115,qwen_m512,512,512,10,8,False,28205,median,,frontier_over_candidate,0.9989837398373983
C115,qwen_m512,512,512,10,8,False,28205,median,,parent_over_candidate,0.9958927908781163
C115,qwen_m512,512,512,10,8,False,28205,round,1,parent_over_candidate,0.9958506224066391
C115,qwen_m512,512,512,10,8,False,28205,round,2,frontier_over_candidate,0.9979674796747966
C115,qwen_m512,512,512,10,8,False,28205,round,2,parent_over_candidate,0.9959349593495934
C115,qwen_m512,512,512,10,8,False,28205,round,3,frontier_over_candidate,0.9914893617021276
C115,qwen_m512,512,512,10,8,False,28205,round,3,frontier_over_parent,0.9957264957264957
C115,qwen_m512,512,512,10,8,False,28205,round,3,parent_over_candidate,0.9957446808510638
C115,qwen_m512,512,512,10,8,False,28205,round,4,parent_over_candidate,0.9979253112033195
C115,qwen_m512,512,512,10,8,False,28205,round,5,parent_over_candidate,0.9979674796747966
C115,qwen_m512,512,512,10,8,False,28205,round,6,frontier_over_candidate,0.989406779661017
C115,qwen_m512,512,512,10,8,False,28205,round,6,frontier_over_parent,0.9978632478632479
C115,qwen_m512,512,512,10,8,False,28205,round,6,parent_over_candidate,0.9915254237288136
C116,tp_m32,32,512,8,16,False,28201,median,,parent_over_candidate,0.9978608426678379
C116,tp_m32,32,512,8,16,False,28201,round,1,parent_over_candidate,0.9978768577494692
C116,tp_m32,32,512,8,16,False,28201,round,3,parent_over_candidate,0.9957537154989385
C116,tp_m32,32,512,8,16,False,28201,round,4,parent_over_candidate,0.9957446808510638
C116,tp_m32,32,512,8,16,False,28201,round,5,c7_over_c10,0.9937629937629938
C116,tp_m32,32,512,8,16,False,28201,round,5,parent_over_candidate,0.9978448275862067
C116,tp_m32,32,512,8,16,False,28201,round,6,c7_over_c10,0.9979381443298969
C116,batch_m128,128,512,8,16,False,28202,round,1,c7_over_c10,0.9967637540453075
C116,batch_m128,128,512,8,16,False,28202,round,1,frontier_over_parent,0.9982784704470762
C116,batch_m128,128,512,8,16,False,28202,round,2,c7_over_c10,0.9968253968253968
C116,batch_m128,128,512,8,16,False,28202,round,4,frontier_over_candidate,0.9966555183946488
C116,batch_m128,128,512,8,16,False,28202,round,4,frontier_over_parent,0.993281599916671
C116,qwen_decode_m8,8,512,10,8,False,28203,median,,c7_over_c10,0.9984939759036144
C116,qwen_decode_m8,8,512,10,8,False,28203,round,1,c7_over_c10,0.9969879518072289
C116,qwen_decode_m8,8,512,10,8,False,28203,round,1,frontier_over_candidate,0.9967637540453073
C116,qwen_decode_m8,8,512,10,8,False,28203,round,1,parent_over_candidate,0.9967637540453073
C116,qwen_decode_m8,8,512,10,8,False,28203,round,2,c7_over_c10,0.9940828402366864
C116,qwen_decode_m8,8,512,10,8,False,28203,round,3,c7_over_c10,0.9852941176470588
C116,qwen_decode_m8,8,512,10,8,False,28203,round,3,frontier_over_parent,0.9936305732484076
C116,qwen_decode_m8,8,512,10,8,False,28203,round,5,parent_over_candidate,0.9903536977491963
C116,qwen_decode_m8,8,512,10,8,False,28203,round,6,frontier_over_candidate,0.9873606687898089
C116,qwen_decode_m8,8,512,10,8,False,28203,round,6,frontier_over_parent,0.9936899038461537
C116,qwen_decode_m8,8,512,10,8,False,28203,round,6,parent_over_candidate,0.9936305732484076
C116,qwen_batch_m128,128,512,10,8,False,28204,median,,frontier_over_candidate,0.9953236025062131
C116,qwen_batch_m128,128,512,10,8,False,28204,median,,frontier_over_parent,0.99906191369606
C116,qwen_batch_m128,128,512,10,8,False,28204,median,,parent_over_candidate,0.9962581819454654
C116,qwen_batch_m128,128,512,10,8,False,28204,round,1,frontier_over_candidate,0.9962546816479403
C116,qwen_batch_m128,128,512,10,8,False,28204,round,1,parent_over_candidate,0.9962546816479403
C116,qwen_batch_m128,128,512,10,8,False,28204,round,3,c7_over_c10,0.9925650557620818
C116,qwen_batch_m128,128,512,10,8,False,28204,round,3,frontier_over_candidate,0.9921875
C116,qwen_batch_m128,128,512,10,8,False,28204,round,3,frontier_over_parent,0.9960174008945529
C116,qwen_batch_m128,128,512,10,8,False,28204,round,3,parent_over_candidate,0.9961547851562501
C116,qwen_batch_m128,128,512,10,8,False,28204,round,4,c7_over_c10,0.9982078853046593
C116,qwen_batch_m128,128,512,10,8,False,28204,round,4,frontier_over_candidate,0.994392523364486
C116,qwen_batch_m128,128,512,10,8,False,28204,round,4,frontier_over_parent,0.99812382739212
C116,qwen_batch_m128,128,512,10,8,False,28204,round,4,parent_over_candidate,0.9962616822429906
C116,qwen_batch_m128,128,512,10,8,False,28204,round,5,frontier_over_candidate,0.9943181818181818
C116,qwen_batch_m128,128,512,10,8,False,28204,round,5,parent_over_candidate,0.990530303030303
C116,qwen_batch_m128,128,512,10,8,False,28204,round,6,frontier_over_parent,0.994140625
C116,qwen_m512,512,512,10,8,False,28205,round,1,frontier_over_candidate,0.9979209979209981
C116,qwen_m512,512,512,10,8,False,28205,round,1,frontier_over_parent,0.9937888198757764
C116,qwen_m512,512,512,10,8,False,28205,round,2,parent_over_candidate,0.9959349593495934
C116,qwen_m512,512,512,10,8,False,28205,round,4,frontier_over_parent,0.9958506224066391
C116,qwen_m512,512,512,10,8,False,28205,round,5,frontier_over_candidate,0.9979633401221996
C116,qwen_m512,512,512,10,8,False,28205,round,5,parent_over_candidate,0.9979633401221996
C116,qwen_prefill_m16384,16384,512,10,8,False,28206,median,,parent_over_candidate,0.9750123120641245
C116,qwen_prefill_m16384,16384,512,10,8,False,28206,round,1,parent_over_candidate,0.9702323496966356
C116,qwen_prefill_m16384,16384,512,10,8,False,28206,round,2,parent_over_candidate,0.9743340163934425
C116,qwen_prefill_m16384,16384,512,10,8,False,28206,round,3,parent_over_candidate,0.9778739612188366
C116,qwen_prefill_m16384,16384,512,10,8,False,28206,round,4,parent_over_candidate,0.9757709251101323
C116,qwen_prefill_m16384,16384,512,10,8,False,28206,round,5,parent_over_candidate,0.9731971811713193
C116,qwen_prefill_m16384,16384,512,10,8,False,28206,round,6,parent_over_candidate,0.9756906077348066
C117,tp_m32,32,512,8,16,False,28201,median,,c7_over_c10,0.995850622406639
C117,tp_m32,32,512,8,16,False,28201,median,,frontier_over_candidate,0.9989406779661016
C117,tp_m32,32,512,8,16,False,28201,median,,parent_over_candidate,0.9978813559322034
C117,tp_m32,32,512,8,16,False,28201,round,1,c7_over_c10,0.9937499999999999
C117,tp_m32,32,512,8,16,False,28201,round,1,frontier_over_candidate,0.9873417721518988
C117,tp_m32,32,512,8,16,False,28201,round,1,parent_over_candidate,0.9831223628691983
C117,tp_m32,32,512,8,16,False,28201,round,2,frontier_over_parent,0.9914163090128757
C117,tp_m32,32,512,8,16,False,28201,round,3,frontier_over_candidate,0.9978813559322034
C117,tp_m32,32,512,8,16,False,28201,round,3,parent_over_candidate,0.9957627118644068
C117,tp_m32,32,512,8,16,False,28201,round,4,c7_over_c10,0.9937759336099586
C117,tp_m32,32,512,8,16,False,28201,round,5,c7_over_c10,0.9979253112033195
C117,tp_m32,32,512,8,16,False,28201,round,6,c7_over_c10,0.989584007245908
C117,tp_m32,32,512,8,16,False,28201,round,6,frontier_over_candidate,0.989406779661017
C117,tp_m32,32,512,8,16,False,28201,round,6,frontier_over_parent,0.9957356076759061
C117,tp_m32,32,512,8,16,False,28201,round,6,parent_over_candidate,0.9936440677966103
C117,batch_m128,128,512,8,16,False,28202,median,,frontier_over_candidate,0.9983456486042692
C117,batch_m128,128,512,8,16,False,28202,median,,parent_over_candidate,0.9983633387888706
C117,batch_m128,128,512,8,16,False,28202,round,2,frontier_over_candidate,0.9983579638752053
C117,batch_m128,128,512,8,16,False,28202,round,2,parent_over_candidate,0.9950738916256158
C117,batch_m128,128,512,8,16,False,28202,round,3,frontier_over_candidate,0.9918678396072014
C117,batch_m128,128,512,8,16,False,28202,round,3,frontier_over_parent,0.9951252052545156
C117,batch_m128,128,512,8,16,False,28202,round,3,parent_over_candidate,0.9967266775777414
C117,batch_m128,128,512,8,16,False,28202,round,4,frontier_over_candidate,0.9983333333333333
C117,batch_m128,128,512,8,16,False,28202,round,4,frontier_over_parent,0.9983333333333333
C117,batch_m128,128,512,8,16,False,28202,round,5,c7_over_c10,0.9984076433121019
C117,batch_m128,128,512,8,16,False,28202,round,5,frontier_over_parent,0.9999484376611323
C117,batch_m128,128,512,8,16,False,28202,round,6,frontier_over_candidate,0.9918811274509804
C117,batch_m128,128,512,8,16,False,28202,round,6,parent_over_candidate,0.9901960784313726
C117,qwen_decode_m8,8,512,10,8,False,28203,median,,frontier_over_candidate,0.9983870967741937
C117,qwen_decode_m8,8,512,10,8,False,28203,median,,frontier_over_parent,0.9999601797561812
C117,qwen_decode_m8,8,512,10,8,False,28203,round,1,c7_over_c10,0.9880239520958085
C117,qwen_decode_m8,8,512,10,8,False,28203,round,1,parent_over_candidate,0.9967532467532467
C117,qwen_decode_m8,8,512,10,8,False,28203,round,3,frontier_over_candidate,0.9967741935483873
C117,qwen_decode_m8,8,512,10,8,False,28203,round,3,frontier_over_parent,0.9872204472843452
C117,qwen_decode_m8,8,512,10,8,False,28203,round,4,frontier_over_candidate,0.996742671009772
C117,qwen_decode_m8,8,512,10,8,False,28203,round,4,frontier_over_parent,0.9934057015319061
C117,qwen_decode_m8,8,512,10,8,False,28203,round,5,c7_over_c10,0.9822485207100593
C117,qwen_decode_m8,8,512,10,8,False,28203,round,5,frontier_over_candidate,0.9871794871794871
C117,qwen_decode_m8,8,512,10,8,False,28203,round,5,frontier_over_parent,0.9903536977491963
C117,qwen_decode_m8,8,512,10,8,False,28203,round,5,parent_over_candidate,0.9967948717948716
C117,qwen_decode_m8,8,512,10,8,False,28203,round,6,parent_over_candidate,0.9808917197452229
C117,qwen_batch_m128,128,512,10,8,False,28204,median,,c7_over_c10,0.9981916285153696
C117,qwen_batch_m128,128,512,10,8,False,28204,median,,parent_over_candidate,0.9961742158239701
C117,qwen_batch_m128,128,512,10,8,False,28204,round,1,c7_over_c10,0.9982014388489209
C117,qwen_batch_m128,128,512,10,8,False,28204,round,1,frontier_over_candidate,0.9943820224719103
C117,qwen_batch_m128,128,512,10,8,False,28204,round,1,frontier_over_parent,0.9981203007518797
C117,qwen_batch_m128,128,512,10,8,False,28204,round,1,parent_over_candidate,0.9962546816479403
C117,qwen_batch_m128,128,512,10,8,False,28204,round,2,c7_over_c10,0.9981818181818184
C117,qwen_batch_m128,128,512,10,8,False,28204,round,2,parent_over_candidate,0.9924242424242424
C117,qwen_batch_m128,128,512,10,8,False,28204,round,3,c7_over_c10,0.9944344599686941
C117,qwen_batch_m128,128,512,10,8,False,28204,round,3,parent_over_candidate,0.99609375
C117,qwen_batch_m128,128,512,10,8,False,28204,round,5,c7_over_c10,0.9855595667870036
C117,qwen_batch_m128,128,512,10,8,False,28204,round,5,parent_over_candidate,0.9980432849095762
C117,qwen_batch_m128,128,512,10,8,False,28204,round,6,frontier_over_candidate,0.9922178988326849
C117,qwen_batch_m128,128,512,10,8,False,28204,round,6,parent_over_candidate,0.9883268482490273
C117,qwen_m512,512,512,10,8,False,28205,median,,frontier_over_parent,0.998897580075385
C117,qwen_m512,512,512,10,8,False,28205,round,1,frontier_over_parent,0.9876543209876544
C117,qwen_m512,512,512,10,8,False,28205,round,3,frontier_over_candidate,0.9957264957264957
C117,qwen_m512,512,512,10,8,False,28205,round,3,frontier_over_parent,0.9978586723768736
C117,qwen_m512,512,512,10,8,False,28205,round,3,parent_over_candidate,0.9978632478632479
C117,qwen_m512,512,512,10,8,False,28205,round,4,parent_over_candidate,0.9958506224066391
C117,qwen_m512,512,512,10,8,False,28205,round,5,frontier_over_candidate,0.9979716024340773
C117,qwen_m512,512,512,10,8,False,28205,round,5,frontier_over_parent,0.9999364877738964
C117,qwen_m512,512,512,10,8,False,28205,round,5,parent_over_candidate,0.9980349898580124
C117,qwen_m512,512,512,10,8,False,28205,round,6,frontier_over_parent,0.9936305732484076
C118,tp_m32,32,512,8,16,False,28201,median,,frontier_over_parent,0.997854077253219
C118,tp_m32,32,512,8,16,False,28201,round,2,c7_over_c10,0.9978381919423518
C118,tp_m32,32,512,8,16,False,28201,round,3,frontier_over_candidate,0.9978494623655914
C118,tp_m32,32,512,8,16,False,28201,round,3,frontier_over_parent,0.9957081545064379
C118,tp_m32,32,512,8,16,False,28201,round,5,frontier_over_parent,0.9935344827586207
C118,tp_m32,32,512,8,16,False,28201,round,6,c7_over_c10,0.9875391440501042
C118,tp_m32,32,512,8,16,False,28201,round,6,frontier_over_candidate,0.9956896551724138
C118,tp_m32,32,512,8,16,False,28201,round,6,frontier_over_parent,0.9892271662763467
C118,batch_m128,128,512,8,16,False,28202,median,,frontier_over_candidate,0.9975273224043716
C118,batch_m128,128,512,8,16,False,28202,median,,parent_over_candidate,0.9950546448087432
C118,batch_m128,128,512,8,16,False,28202,round,1,c7_over_c10,0.998389694041868
C118,batch_m128,128,512,8,16,False,28202,round,2,frontier_over_candidate,0.9967213114754099
C118,batch_m128,128,512,8,16,False,28202,round,2,parent_over_candidate,0.9901639344262296
C118,batch_m128,128,512,8,16,False,28202,round,3,frontier_over_candidate,0.9885620915032683
C118,batch_m128,128,512,8,16,False,28202,round,3,frontier_over_parent,0.9967051070840199
C118,batch_m128,128,512,8,16,False,28202,round,3,parent_over_candidate,0.9918300653594773
C118,batch_m128,128,512,8,16,False,28202,round,4,frontier_over_candidate,0.9983333333333333
C118,batch_m128,128,512,8,16,False,28202,round,4,parent_over_candidate,0.9966666666666667
C118,batch_m128,128,512,8,16,False,28202,round,5,frontier_over_candidate,0.9934426229508196
C118,batch_m128,128,512,8,16,False,28202,round,5,parent_over_candidate,0.9934426229508196
C118,batch_m128,128,512,8,16,False,28202,round,6,c7_over_c10,0.9952229299363056
C118,batch_m128,128,512,8,16,False,28202,round,6,frontier_over_candidate,0.9983498349834985
C118,batch_m128,128,512,8,16,False,28202,round,6,parent_over_candidate,0.9983498349834985
C118,qwen_decode_m8,8,512,10,8,False,28203,median,,c7_over_c10,0.9911437540101233
C118,qwen_decode_m8,8,512,10,8,False,28203,median,,frontier_over_candidate,0.9967689737968473
C118,qwen_decode_m8,8,512,10,8,False,28203,median,,frontier_over_parent,0.9919871794871793
C118,qwen_decode_m8,8,512,10,8,False,28203,round,1,frontier_over_candidate,0.9902912621359221
C118,qwen_decode_m8,8,512,10,8,False,28203,round,1,frontier_over_parent,0.9870967741935484
C118,qwen_decode_m8,8,512,10,8,False,28203,round,2,c7_over_c10,0.985207100591716
C118,qwen_decode_m8,8,512,10,8,False,28203,round,2,frontier_over_parent,0.9967948717948716
C118,qwen_decode_m8,8,512,10,8,False,28203,round,4,c7_over_c10,0.9969879518072289
C118,qwen_decode_m8,8,512,10,8,False,28203,round,4,frontier_over_candidate,0.9967637540453073
C118,qwen_decode_m8,8,512,10,8,False,28203,round,4,parent_over_candidate,0.9935275080906147
C118,qwen_decode_m8,8,512,10,8,False,28203,round,5,c7_over_c10,0.9852995562130179
C118,qwen_decode_m8,8,512,10,8,False,28203,round,5,frontier_over_candidate,0.9967741935483873
C118,qwen_decode_m8,8,512,10,8,False,28203,round,5,frontier_over_parent,0.9840764331210192
C118,qwen_decode_m8,8,512,10,8,False,28203,round,6,c7_over_c10,0.9851632047477746
C118,qwen_decode_m8,8,512,10,8,False,28203,round,6,frontier_over_candidate,0.9840255591054313
C118,qwen_decode_m8,8,512,10,8,False,28203,round,6,frontier_over_parent,0.9871794871794871
C118,qwen_decode_m8,8,512,10,8,False,28203,round,6,parent_over_candidate,0.9968051118210862
C118,qwen_batch_m128,128,512,10,8,False,28204,median,,c7_over_c10,0.998175182481752
C118,qwen_batch_m128,128,512,10,8,False,28204,median,,frontier_over_candidate,0.9999964533976449
C118,qwen_batch_m128,128,512,10,8,False,28204,median,,frontier_over_parent,0.9990903125745645
C118,qwen_batch_m128,128,512,10,8,False,28204,round,1,parent_over_candidate,0.9962406015037594
C118,qwen_batch_m128,128,512,10,8,False,28204,round,2,c7_over_c10,0.9963369963369964
C118,qwen_batch_m128,128,512,10,8,False,28204,round,3,c7_over_c10,0.9944237918215615
C118,qwen_batch_m128,128,512,10,8,False,28204,round,3,frontier_over_candidate,0.994140625
C118,qwen_batch_m128,128,512,10,8,False,28204,round,3,parent_over_candidate,0.9921875
C118,qwen_batch_m128,128,512,10,8,False,28204,round,4,frontier_over_candidate,0.9981132075471696
C118,qwen_batch_m128,128,512,10,8,False,28204,round,4,frontier_over_parent,0.9906367041198502
C118,qwen_batch_m128,128,512,10,8,False,28204,round,5,c7_over_c10,0.9963503649635038
C118,qwen_batch_m128,128,512,10,8,False,28204,round,5,frontier_over_parent,0.9962121212121212
C118,qwen_batch_m128,128,512,10,8,False,28204,round,6,frontier_over_candidate,0.9980276134122286
C118,qwen_batch_m128,128,512,10,8,False,28204,round,6,frontier_over_parent,0.9921568627450981
C118,qwen_m512,512,512,10,8,False,28205,median,,frontier_over_candidate,0.9908815590229771
C118,qwen_m512,512,512,10,8,False,28205,median,,parent_over_candidate,0.9959346906398732
C118,qwen_m512,512,512,10,8,False,28205,round,1,frontier_over_candidate,0.9837398373983739
C118,qwen_m512,512,512,10,8,False,28205,round,1,parent_over_candidate,0.9796747967479673
C118,qwen_m512,512,512,10,8,False,28205,round,2,frontier_over_candidate,0.9940146169354839
C118,qwen_m512,512,512,10,8,False,28205,round,2,frontier_over_parent,0.998038967611336
C118,qwen_m512,512,512,10,8,False,28205,round,2,parent_over_candidate,0.9959677419354839
C118,qwen_m512,512,512,10,8,False,28205,round,3,parent_over_candidate,0.9978768577494692
C118,qwen_m512,512,512,10,8,False,28205,round,4,frontier_over_candidate,0.9918032786885246
C118,qwen_m512,512,512,10,8,False,28205,round,4,frontier_over_parent,0.9958847736625515
C118,qwen_m512,512,512,10,8,False,28205,round,4,parent_over_candidate,0.9959016393442623
C118,qwen_m512,512,512,10,8,False,28205,round,5,frontier_over_candidate,0.9899598393574297
C118,qwen_m512,512,512,10,8,False,28205,round,5,parent_over_candidate,0.9879518072289158
C118,qwen_m512,512,512,10,8,False,28205,round,6,frontier_over_candidate,0.989429175475687
C118,qwen_m512,512,512,10,8,False,28205,round,6,frontier_over_parent,0.9915254237288136
C118,qwen_m512,512,512,10,8,False,28205,round,6,parent_over_candidate,0.9978858350951373
C118,qwen_prefill_m16384,16384,512,10,8,False,28206,median,,parent_over_candidate,0.9997085269126816
C118,qwen_prefill_m16384,16384,512,10,8,False,28206,round,4,parent_over_candidate,0.995454947387037
C118,qwen_prefill_m16384,16384,512,10,8,False,28206,round,5,parent_over_candidate,0.9994170538253633
C118,qwen_prefill_m16384,16384,512,10,8,False,28206,round,6,parent_over_candidate,0.9954368707941976
C119,tp_m32,32,512,8,16,False,28201,median,,frontier_over_candidate,0.9967531255831312
C119,tp_m32,32,512,8,16,False,28201,median,,frontier_over_parent,0.9989154013015185
C119,tp_m32,32,512,8,16,False,28201,round,1,frontier_over_candidate,0.9936034115138591
C119,tp_m32,32,512,8,16,False,28201,round,1,parent_over_candidate,0.976545842217484
C119,tp_m32,32,512,8,16,False,28201,round,2,c7_over_c10,0.9999340760762081
C119,tp_m32,32,512,8,16,False,28201,round,2,frontier_over_candidate,0.9956521739130435
C119,tp_m32,32,512,8,16,False,28201,round,2,frontier_over_parent,0.9977534209272245
C119,tp_m32,32,512,8,16,False,28201,round,2,parent_over_candidate,0.9978940217391304
C119,tp_m32,32,512,8,16,False,28201,round,4,frontier_over_candidate,0.9913419913419913
C119,tp_m32,32,512,8,16,False,28201,round,4,frontier_over_parent,0.9870689655172413
C119,tp_m32,32,512,8,16,False,28201,round,5,frontier_over_parent,0.9978308026030369
C119,tp_m32,32,512,8,16,False,28201,round,6,frontier_over_candidate,0.997854077253219
C119,tp_m32,32,512,8,16,False,28201,round,6,parent_over_candidate,0.9935622317596566
C119,batch_m128,128,512,8,16,False,28202,median,,parent_over_candidate,0.9999742175011601
C119,batch_m128,128,512,8,16,False,28202,round,1,frontier_over_candidate,0.996661101836394
C119,batch_m128,128,512,8,16,False,28202,round,1,frontier_over_parent,0.9983277591973244
C119,batch_m128,128,512,8,16,False,28202,round,1,parent_over_candidate,0.998330550918197
C119,batch_m128,128,512,8,16,False,28202,round,2,c7_over_c10,0.9952380952380953
C119,batch_m128,128,512,8,16,False,28202,round,3,c7_over_c10,0.9968152866242038
C119,batch_m128,128,512,8,16,False,28202,round,3,parent_over_candidate,0.9967159277504105
C119,batch_m128,128,512,8,16,False,28202,round,5,frontier_over_candidate,0.9982983550765742
C119,batch_m128,128,512,8,16,False,28202,round,5,frontier_over_parent,0.9983498349834985
C119,batch_m128,128,512,8,16,False,28202,round,5,parent_over_candidate,0.9999484350023203
C119,qwen_decode_m8,8,512,10,8,False,28203,median,,c7_over_c10,0.9984562169514465
C119,qwen_decode_m8,8,512,10,8,False,28203,round,1,c7_over_c10,0.9970059880239521
C119,qwen_decode_m8,8,512,10,8,False,28203,round,1,parent_over_candidate,0.9935064935064934
C119,qwen_decode_m8,8,512,10,8,False,28203,round,2,c7_over_c10,0.9793510324483775
C119,qwen_decode_m8,8,512,10,8,False,28203,round,2,frontier_over_parent,0.9969148089171974
C119,qwen_decode_m8,8,512,10,8,False,28203,round,3,frontier_over_parent,0.9967948717948716
C119,qwen_decode_m8,8,512,10,8,False,28203,round,4,frontier_over_candidate,0.9967637540453073
C119,qwen_decode_m8,8,512,10,8,False,28203,round,4,parent_over_candidate,0.9935275080906147
C119,qwen_decode_m8,8,512,10,8,False,28203,round,5,c7_over_c10,0.9822485207100593
C119,qwen_decode_m8,8,512,10,8,False,28203,round,6,c7_over_c10,0.9999064458789408
C119,qwen_batch_m128,128,512,10,8,False,28204,median,,frontier_over_parent,0.9990157480314962
C119,qwen_batch_m128,128,512,10,8,False,28204,median,,parent_over_candidate,0.9970904490828589
C119,qwen_batch_m128,128,512,10,8,False,28204,round,1,frontier_over_candidate,0.9925373134328358
C119,qwen_batch_m128,128,512,10,8,False,28204,round,1,parent_over_candidate,0.9925373134328358
C119,qwen_batch_m128,128,512,10,8,False,28204,round,2,frontier_over_parent,0.9943181818181818
C119,qwen_batch_m128,128,512,10,8,False,28204,round,3,frontier_over_parent,0.9980237154150198
C119,qwen_batch_m128,128,512,10,8,False,28204,round,4,c7_over_c10,0.9982014388489209
C119,qwen_batch_m128,128,512,10,8,False,28204,round,4,frontier_over_candidate,0.9981824577861161
C119,qwen_batch_m128,128,512,10,8,False,28204,round,4,parent_over_candidate,0.9943714821763602
C119,qwen_batch_m128,128,512,10,8,False,28204,round,5,c7_over_c10,0.9981718464351007
C119,qwen_batch_m128,128,512,10,8,False,28204,round,5,parent_over_candidate,0.9981024667931688
C119,qwen_batch_m128,128,512,10,8,False,28204,round,6,frontier_over_candidate,0.9941176470588238
C119,qwen_batch_m128,128,512,10,8,False,28204,round,6,frontier_over_parent,0.9980314960629924
C119,qwen_batch_m128,128,512,10,8,False,28204,round,6,parent_over_candidate,0.996078431372549
C119,qwen_m512,512,512,10,8,False,28205,median,,parent_over_candidate,0.9969163864681261
C119,qwen_m512,512,512,10,8,False,28205,round,1,frontier_over_parent,0.9958034734327588
C119,qwen_m512,512,512,10,8,False,28205,round,2,parent_over_candidate,0.9959514170040487
C119,qwen_m512,512,512,10,8,False,28205,round,3,frontier_over_candidate,0.9915254237288136
C119,qwen_m512,512,512,10,8,False,28205,round,3,frontier_over_parent,0.9936305732484076
C119,qwen_m512,512,512,10,8,False,28205,round,3,parent_over_candidate,0.9978813559322034
C119,qwen_m512,512,512,10,8,False,28205,round,4,frontier_over_parent,0.9979423868312757
C119,qwen_m512,512,512,10,8,False,28205,round,5,parent_over_candidate,0.9899193548387096
C119,qwen_m512,512,512,10,8,False,28205,round,6,frontier_over_candidate,0.9978813559322034
C119,qwen_m512,512,512,10,8,False,28205,round,6,parent_over_candidate,0.9957627118644068
C119,qwen_prefill_m16384,16384,512,10,8,False,28206,median,,parent_over_candidate,0.9997165650128365
C119,qwen_prefill_m16384,16384,512,10,8,False,28206,round,2,parent_over_candidate,0.9960718294051628
C119,qwen_prefill_m16384,16384,512,10,8,False,28206,round,5,parent_over_candidate,0.9938409854423292
C119,qwen_prefill_m16384,16384,512,10,8,False,28206,round,6,parent_over_candidate,0.9988643018117935
C120,tp_m32,32,512,8,16,False,28201,median,,parent_over_candidate,0.9978284447797793
C120,tp_m32,32,512,8,16,False,28201,round,1,frontier_over_parent,0.9808102345415778
C120,tp_m32,32,512,8,16,False,28201,round,2,parent_over_candidate,0.9978260869565216
C120,tp_m32,32,512,8,16,False,28201,round,3,c7_over_c10,0.99581589958159
C120,tp_m32,32,512,8,16,False,28201,round,3,parent_over_candidate,0.9956896551724138
C120,tp_m32,32,512,8,16,False,28201,round,5,frontier_over_candidate,0.9956616052060736
C120,tp_m32,32,512,8,16,False,28201,round,5,frontier_over_parent,0.9978260869565216
C120,tp_m32,32,512,8,16,False,28201,round,5,parent_over_candidate,0.9978308026030369
C120,tp_m32,32,512,8,16,False,28201,round,6,c7_over_c10,0.9936721247309023
C120,tp_m32,32,512,8,16,False,28201,round,6,parent_over_candidate,0.9935344827586207
C120,batch_m128,128,512,8,16,False,28202,median,,frontier_over_candidate,0.9992007013201321
C120,batch_m128,128,512,8,16,False,28202,round,1,c7_over_c10,0.9967637540453075
C120,batch_m128,128,512,8,16,False,28202,round,2,frontier_over_candidate,0.9984014026402641
C120,batch_m128,128,512,8,16,False,28202,round,2,frontier_over_parent,0.9984014026402641
C120,batch_m128,128,512,8,16,False,28202,round,3,frontier_over_candidate,0.9983579638752053
C120,batch_m128,128,512,8,16,False,28202,round,3,parent_over_candidate,0.9950738916256158
C120,batch_m128,128,512,8,16,False,28202,round,4,frontier_over_candidate,0.9983361064891847
C120,batch_m128,128,512,8,16,False,28202,round,4,frontier_over_parent,0.9983361064891847
C120,batch_m128,128,512,8,16,False,28202,round,5,c7_over_c10,0.9984076433121017
C120,qwen_decode_m8,8,512,10,8,False,28203,median,,frontier_over_candidate,0.9968400523088023
C120,qwen_decode_m8,8,512,10,8,False,28203,round,1,c7_over_c10,0.9940119760479044
C120,qwen_decode_m8,8,512,10,8,False,28203,round,2,frontier_over_candidate,0.996825396825397
C120,qwen_decode_m8,8,512,10,8,False,28203,round,2,parent_over_candidate,0.9841269841269843
C120,qwen_decode_m8,8,512,10,8,False,28203,round,3,c7_over_c10,0.9940476190476191
C120,qwen_decode_m8,8,512,10,8,False,28203,round,4,c7_over_c10,0.9969879518072289
C120,qwen_decode_m8,8,512,10,8,False,28203,round,4,frontier_over_candidate,0.9968547077922079
C120,qwen_decode_m8,8,512,10,8,False,28203,round,4,frontier_over_parent,0.9968547077922079
C120,qwen_decode_m8,8,512,10,8,False,28203,round,5,frontier_over_candidate,0.9967845659163989
C120,qwen_decode_m8,8,512,10,8,False,28203,round,5,frontier_over_parent,0.9904153354632588
C120,qwen_decode_m8,8,512,10,8,False,28203,round,6,frontier_over_candidate,0.9966629588431591
C120,qwen_decode_m8,8,512,10,8,False,28203,round,6,parent_over_candidate,0.9901911214480736
C120,qwen_batch_m128,128,512,10,8,False,28204,median,,c7_over_c10,0.9981617647058822
C120,qwen_batch_m128,128,512,10,8,False,28204,median,,frontier_over_candidate,0.9970990419914739
C120,qwen_batch_m128,128,512,10,8,False,28204,median,,parent_over_candidate,0.9961438193103906
C120,qwen_batch_m128,128,512,10,8,False,28204,round,1,parent_over_candidate,0.9962546816479403
C120,qwen_batch_m128,128,512,10,8,False,28204,round,2,c7_over_c10,0.9963235294117645
C120,qwen_batch_m128,128,512,10,8,False,28204,round,2,frontier_over_candidate,0.9924528301886792
C120,qwen_batch_m128,128,512,10,8,False,28204,round,2,parent_over_candidate,0.9849056603773585
C120,qwen_batch_m128,128,512,10,8,False,28204,round,3,c7_over_c10,0.9925650557620818
C120,qwen_batch_m128,128,512,10,8,False,28204,round,4,frontier_over_candidate,0.9924229074889869
C120,qwen_batch_m128,128,512,10,8,False,28204,round,4,frontier_over_parent,0.9924812030075187
C120,qwen_batch_m128,128,512,10,8,False,28204,round,4,parent_over_candidate,0.999941262848752
C120,qwen_batch_m128,128,512,10,8,False,28204,round,5,frontier_over_candidate,0.9962121212121212
C120,qwen_batch_m128,128,512,10,8,False,28204,round,5,parent_over_candidate,0.9924242424242424
C120,qwen_batch_m128,128,512,10,8,False,28204,round,6,c7_over_c10,0.9944341372912802
C120,qwen_batch_m128,128,512,10,8,False,28204,round,6,frontier_over_candidate,0.9979859627708266
C120,qwen_batch_m128,128,512,10,8,False,28204,round,6,parent_over_candidate,0.9960329569728409
C120,qwen_m512,512,512,10,8,False,28205,median,,frontier_over_candidate,0.9838542812222522
C120,qwen_m512,512,512,10,8,False,28205,median,,parent_over_candidate,0.9836317991631799
C120,qwen_m512,512,512,10,8,False,28205,round,1,frontier_over_candidate,0.9817444219066938
C120,qwen_m512,512,512,10,8,False,28205,round,1,parent_over_candidate,0.979716024340771
C120,qwen_m512,512,512,10,8,False,28205,round,2,frontier_over_candidate,0.99
C120,qwen_m512,512,512,10,8,False,28205,round,2,parent_over_candidate,0.9840000000000001
C120,qwen_m512,512,512,10,8,False,28205,round,3,frontier_over_candidate,0.9853556485355647
C120,qwen_m512,512,512,10,8,False,28205,round,3,parent_over_candidate,0.9832635983263597
C120,qwen_m512,512,512,10,8,False,28205,round,4,frontier_over_candidate,0.9837728194726167
C120,qwen_m512,512,512,10,8,False,28205,round,4,frontier_over_parent,0.9938524590163934
C120,qwen_m512,512,512,10,8,False,28205,round,4,parent_over_candidate,0.9898580121703855
C120,qwen_m512,512,512,10,8,False,28205,round,5,frontier_over_candidate,0.9839357429718877
C120,qwen_m512,512,512,10,8,False,28205,round,5,frontier_over_parent,0.9939148073022314
C120,qwen_m512,512,512,10,8,False,28205,round,5,parent_over_candidate,0.9899598393574297
C120,qwen_m512,512,512,10,8,False,28205,round,6,frontier_over_candidate,0.9831932773109242
C120,qwen_m512,512,512,10,8,False,28205,round,6,parent_over_candidate,0.9831932773109242
C120,qwen_prefill_m16384,16384,512,10,8,False,28206,round,6,parent_over_candidate,0.9988630105349178
C121,tp_m32,32,512,8,16,False,28201,median,,frontier_over_candidate,0.9957173447537473
C121,tp_m32,32,512,8,16,False,28201,median,,frontier_over_parent,0.9978354978354979
C121,tp_m32,32,512,8,16,False,28201,median,,parent_over_candidate,0.9989200863930886
C121,tp_m32,32,512,8,16,False,28201,round,1,parent_over_candidate,0.9978401727861772
C121,tp_m32,32,512,8,16,False,28201,round,2,c7_over_c10,0.9916317991631798
C121,tp_m32,32,512,8,16,False,28201,round,2,frontier_over_candidate,0.9913419913419913
C121,tp_m32,32,512,8,16,False,28201,round,2,frontier_over_parent,0.9934924078091106
C121,tp_m32,32,512,8,16,False,28201,round,2,parent_over_candidate,0.9978354978354979
C121,tp_m32,32,512,8,16,False,28201,round,3,frontier_over_candidate,0.9914346895074947
C121,tp_m32,32,512,8,16,False,28201,round,3,parent_over_candidate,0.9892933618843684
C121,tp_m32,32,512,8,16,False,28201,round,4,frontier_over_candidate,0.9891540130151844
C121,tp_m32,32,512,8,16,False,28201,round,4,frontier_over_parent,0.978540772532189
C121,tp_m32,32,512,8,16,False,28201,round,5,frontier_over_parent,0.9956709956709957
C121,tp_m32,32,512,8,16,False,28201,round,6,c7_over_c10,0.9979035639412999
C121,batch_m128,128,512,8,16,False,28202,median,,c7_over_c10,0.999185818818922
C121,batch_m128,128,512,8,16,False,28202,median,,frontier_over_candidate,0.9959084287334985
C121,batch_m128,128,512,8,16,False,28202,median,,parent_over_candidate,0.9975114028806994
C121,batch_m128,128,512,8,16,False,28202,round,1,c7_over_c10,0.9967741935483871
C121,batch_m128,128,512,8,16,False,28202,round,1,parent_over_candidate,0.9983277591973244
C121,batch_m128,128,512,8,16,False,28202,round,2,c7_over_c10,0.9967656864208587
C121,batch_m128,128,512,8,16,False,28202,round,2,frontier_over_candidate,0.9951171875000001
C121,batch_m128,128,512,8,16,False,28202,round,2,frontier_over_parent,0.9984014026402641
C121,batch_m128,128,512,8,16,False,28202,round,2,parent_over_candidate,0.9967105263157895
C121,batch_m128,128,512,8,16,False,28202,round,3,frontier_over_candidate,0.9966996699669969
C121,batch_m128,128,512,8,16,False,28202,round,3,parent_over_candidate,0.9966996699669969
C121,batch_m128,128,512,8,16,False,28202,round,5,c7_over_c10,0.9952153110047847
C121,batch_m128,128,512,8,16,False,28202,round,5,frontier_over_candidate,0.9950819672131147
C121,batch_m128,128,512,8,16,False,28202,round,5,parent_over_candidate,0.9934426229508196
C121,batch_m128,128,512,8,16,False,28202,round,6,frontier_over_candidate,0.9868562368945941
C121,batch_m128,128,512,8,16,False,28202,round,6,frontier_over_parent,0.9885245901639345
C121,batch_m128,128,512,8,16,False,28202,round,6,parent_over_candidate,0.9983122794456093
C121,qwen_decode_m8,8,512,10,8,False,28203,median,,parent_over_candidate,0.9983974358974358
C121,qwen_decode_m8,8,512,10,8,False,28203,round,1,c7_over_c10,0.9940119760479044
C121,qwen_decode_m8,8,512,10,8,False,28203,round,1,parent_over_candidate,0.9967532467532467
C121,qwen_decode_m8,8,512,10,8,False,28203,round,3,frontier_over_parent,0.9904458598726112
C121,qwen_decode_m8,8,512,10,8,False,28203,round,5,c7_over_c10,0.9940298507462685
C121,qwen_decode_m8,8,512,10,8,False,28203,round,5,frontier_over_candidate,0.9904761904761906
C121,qwen_decode_m8,8,512,10,8,False,28203,round,5,parent_over_candidate,0.9904761904761906
C121,qwen_decode_m8,8,512,10,8,False,28203,round,6,c7_over_c10,0.9940828402366864
C121,qwen_decode_m8,8,512,10,8,False,28203,round,6,parent_over_candidate,0.9967948717948716
C121,qwen_batch_m128,128,512,10,8,False,28204,median,,c7_over_c10,0.9990671641791045
C121,qwen_batch_m128,128,512,10,8,False,28204,median,,frontier_over_candidate,0.9970491777918723
C121,qwen_batch_m128,128,512,10,8,False,28204,median,,frontier_over_parent,0.9970868347338936
C121,qwen_batch_m128,128,512,10,8,False,28204,round,1,c7_over_c10,0.9946140035906644
C121,qwen_batch_m128,128,512,10,8,False,28204,round,1,frontier_over_candidate,0.992465393376555
C121,qwen_batch_m128,128,512,10,8,False,28204,round,1,frontier_over_parent,0.9981203007518797
C121,qwen_batch_m128,128,512,10,8,False,28204,round,1,parent_over_candidate,0.9943344430815956
C121,qwen_batch_m128,128,512,10,8,False,28204,round,2,frontier_over_candidate,0.9942965779467681
C121,qwen_batch_m128,128,512,10,8,False,28204,round,2,frontier_over_parent,0.9942965779467681
C121,qwen_batch_m128,128,512,10,8,False,28204,round,3,frontier_over_candidate,0.9980353634577603
C121,qwen_batch_m128,128,512,10,8,False,28204,round,3,frontier_over_parent,0.996078431372549
C121,qwen_batch_m128,128,512,10,8,False,28204,round,4,c7_over_c10,0.996402877697842
C121,qwen_batch_m128,128,512,10,8,False,28204,round,5,frontier_over_parent,0.9980952380952381
C121,qwen_batch_m128,128,512,10,8,False,28204,round,6,c7_over_c10,0.9981343283582089
C121,qwen_batch_m128,128,512,10,8,False,28204,round,6,frontier_over_candidate,0.9960629921259843
C121,qwen_batch_m128,128,512,10,8,False,28204,round,6,frontier_over_parent,0.9921568627450981
C121,qwen_m512,512,512,10,8,False,28205,median,,frontier_over_candidate,0.9989690721649485
C121,qwen_m512,512,512,10,8,False,28205,median,,frontier_over_parent,0.9979757085020243
C121,qwen_m512,512,512,10,8,False,28205,round,1,frontier_over_candidate,0.9979381443298969
C121,qwen_m512,512,512,10,8,False,28205,round,1,frontier_over_parent,0.9958847736625515
C121,qwen_m512,512,512,10,8,False,28205,round,2,frontier_over_parent,0.9959514170040487
C121,qwen_m512,512,512,10,8,False,28205,round,5,frontier_over_candidate,0.9959514170040487
C121,qwen_m512,512,512,10,8,False,28205,round,5,parent_over_candidate,0.9959514170040487
C121,qwen_m512,512,512,10,8,False,28205,round,6,frontier_over_candidate,0.9978632478632479
C121,qwen_m512,512,512,10,8,False,28205,round,6,frontier_over_parent,0.9852320675105485
C121,qwen_prefill_m16384,16384,512,10,8,False,28206,round,4,parent_over_candidate,0.9971880305602717
C121,qwen_prefill_m16384,16384,512,10,8,False,28206,round,5,parent_over_candidate,0.9966386554621848
C121,qwen_prefill_m16384,16384,512,10,8,False,28206,round,6,parent_over_candidate,0.9999822848943294
C122,tp_m32,32,512,8,16,False,28201,median,,parent_over_candidate,0.9978934088136981
C122,tp_m32,32,512,8,16,False,28201,round,1,c7_over_c10,0.9916622899159664
C122,tp_m32,32,512,8,16,False,28201,round,1,frontier_over_parent,0.9892241379310344
C122,tp_m32,32,512,8,16,False,28201,round,3,frontier_over_candidate,0.9914163090128757
C122,tp_m32,32,512,8,16,False,28201,round,3,parent_over_candidate,0.9914163090128757
C122,tp_m32,32,512,8,16,False,28201,round,4,frontier_over_candidate,0.9978401727861772
C122,tp_m32,32,512,8,16,False,28201,round,4,parent_over_candidate,0.9935205183585314
C122,tp_m32,32,512,8,16,False,28201,round,5,c7_over_c10,0.995798319327731
C122,tp_m32,32,512,8,16,False,28201,round,6,frontier_over_candidate,0.9893390191897654
C122,tp_m32,32,512,8,16,False,28201,round,6,frontier_over_parent,0.9957081545064379
C122,tp_m32,32,512,8,16,False,28201,round,6,parent_over_candidate,0.9936034115138591
C122,batch_m128,128,512,8,16,False,28202,round,1,c7_over_c10,0.9967741935483871
C122,batch_m128,128,512,8,16,False,28202,round,4,frontier_over_parent,0.9983361064891847
C122,batch_m128,128,512,8,16,False,28202,round,5,frontier_over_candidate,0.9967105263157895
C122,batch_m128,128,512,8,16,False,28202,round,5,parent_over_candidate,0.9951171875000001
C122,batch_m128,128,512,8,16,False,28202,round,6,parent_over_candidate,0.9983525535420099
C122,qwen_decode_m8,8,512,10,8,False,28203,median,,c7_over_c10,0.9999821780237211
C122,qwen_decode_m8,8,512,10,8,False,28203,median,,parent_over_candidate,0.9999492746271684
C122,qwen_decode_m8,8,512,10,8,False,28203,round,1,c7_over_c10,0.9969969969969972
C122,qwen_decode_m8,8,512,10,8,False,28203,round,1,parent_over_candidate,0.9998985492543369
C122,qwen_decode_m8,8,512,10,8,False,28203,round,2,c7_over_c10,0.9881656804733727
C122,qwen_decode_m8,8,512,10,8,False,28203,round,2,parent_over_candidate,0.9968152866242038
C122,qwen_decode_m8,8,512,10,8,False,28203,round,3,frontier_over_candidate,0.9936305732484076
C122,qwen_decode_m8,8,512,10,8,False,28203,round,3,frontier_over_parent,0.9968051118210862
C122,qwen_decode_m8,8,512,10,8,False,28203,round,3,parent_over_candidate,0.9968152866242038
C122,qwen_decode_m8,8,512,10,8,False,28203,round,4,c7_over_c10,0.9969969969969972
C122,qwen_decode_m8,8,512,10,8,False,28203,round,5,frontier_over_parent,0.9904458598726112
C122,qwen_batch_m128,128,512,10,8,False,28204,median,,c7_over_c10,0.9991289233955796
C122,qwen_batch_m128,128,512,10,8,False,28204,median,,frontier_over_candidate,0.9999717709760468
C122,qwen_batch_m128,128,512,10,8,False,28204,median,,parent_over_candidate,0.9990439770554493
C122,qwen_batch_m128,128,512,10,8,False,28204,round,1,frontier_over_candidate,0.9962546816479403
C122,qwen_batch_m128,128,512,10,8,False,28204,round,1,parent_over_candidate,0.9925093632958804
C122,qwen_batch_m128,128,512,10,8,False,28204,round,2,c7_over_c10,0.9981785063752275
C122,qwen_batch_m128,128,512,10,8,False,28204,round,2,parent_over_candidate,0.9980879541108987
C122,qwen_batch_m128,128,512,10,8,False,28204,round,3,c7_over_c10,0.9962825278810411
C122,qwen_batch_m128,128,512,10,8,False,28204,round,3,frontier_over_candidate,0.9980314960629924
C122,qwen_batch_m128,128,512,10,8,False,28204,round,3,frontier_over_parent,0.9960707269155209
C122,qwen_batch_m128,128,512,10,8,False,28204,round,4,c7_over_c10,0.9982014388489209
C122,qwen_batch_m128,128,512,10,8,False,28204,round,4,parent_over_candidate,0.9943820224719103
C122,qwen_batch_m128,128,512,10,8,False,28204,round,5,frontier_over_candidate,0.9942857142857143
C122,qwen_batch_m128,128,512,10,8,False,28204,round,5,frontier_over_parent,0.9923954372623575
C122,qwen_m512,512,512,10,8,False,28205,median,,frontier_over_candidate,0.9969529431326905
C122,qwen_m512,512,512,10,8,False,28205,median,,parent_over_candidate,0.9979569264159606
C122,qwen_m512,512,512,10,8,False,28205,round,1,frontier_over_candidate,0.9979381443298969
C122,qwen_m512,512,512,10,8,False,28205,round,1,parent_over_candidate,0.9979381443298969
C122,qwen_m512,512,512,10,8,False,28205,round,2,frontier_over_candidate,0.9959677419354839
C122,qwen_m512,512,512,10,8,False,28205,round,2,parent_over_candidate,0.9939516129032256
C122,qwen_m512,512,512,10,8,False,28205,round,3,frontier_over_candidate,0.9957446808510638
C122,qwen_m512,512,512,10,8,False,28205,round,3,frontier_over_parent,0.9915254237288136
C122,qwen_m512,512,512,10,8,False,28205,round,5,frontier_over_candidate,0.9959514170040487
C122,qwen_m512,512,512,10,8,False,28205,round,5,frontier_over_parent,0.9979716024340773
C122,qwen_m512,512,512,10,8,False,28205,round,5,parent_over_candidate,0.9979757085020242
C122,qwen_m512,512,512,10,8,False,28205,round,6,parent_over_candidate,0.9978768577494692
C122,qwen_prefill_m16384,16384,512,10,8,False,28206,median,,frontier_over_parent,0.9986012354139375
C122,qwen_prefill_m16384,16384,512,10,8,False,28206,round,4,frontier_over_parent,0.9948979591836735
C122,qwen_prefill_m16384,16384,512,10,8,False,28206,round,5,frontier_over_parent,0.9966349440033652
C122,qwen_prefill_m16384,16384,512,10,8,False,28206,round,6,frontier_over_parent,0.9937535592255126
C123,tp_m32,32,512,8,16,False,28201,median,,parent_over_candidate,0.9946236559139785
C123,tp_m32,32,512,8,16,False,28201,round,1,frontier_over_candidate,0.9892241379310344
C123,tp_m32,32,512,8,16,False,28201,round,1,frontier_over_parent,0.9956616052060736
C123,tp_m32,32,512,8,16,False,28201,round,1,parent_over_candidate,0.9935344827586207
C123,tp_m32,32,512,8,16,False,28201,round,3,c7_over_c10,0.99581589958159
C123,tp_m32,32,512,8,16,False,28201,round,3,parent_over_candidate,0.9828326180257512
C123,tp_m32,32,512,8,16,False,28201,round,4,frontier_over_candidate,0.9956989247311827
C123,tp_m32,32,512,8,16,False,28201,round,4,parent_over_candidate,0.9935483870967742
C123,tp_m32,32,512,8,16,False,28201,round,5,parent_over_candidate,0.9957880434782608
C123,tp_m32,32,512,8,16,False,28201,round,6,c7_over_c10,0.9937106918238994
C123,tp_m32,32,512,8,16,False,28201,round,6,parent_over_candidate,0.9956989247311827
C123,batch_m128,128,512,8,16,False,28202,median,,c7_over_c10,0.996799795186892
C123,batch_m128,128,512,8,16,False,28202,median,,parent_over_candidate,0.9975247524752477
C123,batch_m128,128,512,8,16,False,28202,round,1,c7_over_c10,0.9967741935483871
C123,batch_m128,128,512,8,16,False,28202,round,2,c7_over_c10,0.9968253968253968
C123,batch_m128,128,512,8,16,False,28202,round,2,parent_over_candidate,0.9983498349834985
C123,batch_m128,128,512,8,16,False,28202,round,3,frontier_over_candidate,0.9967213114754099
C123,batch_m128,128,512,8,16,False,28202,round,3,parent_over_candidate,0.9934426229508196
C123,batch_m128,128,512,8,16,False,28202,round,4,c7_over_c10,0.9967741935483871
C123,batch_m128,128,512,8,16,False,28202,round,5,parent_over_candidate,0.9966996699669969
C123,batch_m128,128,512,8,16,False,28202,round,6,c7_over_c10,0.9952456418383518
C123,batch_m128,128,512,8,16,False,28202,round,6,frontier_over_candidate,0.9967213114754099
C123,batch_m128,128,512,8,16,False,28202,round,6,parent_over_candidate,0.9934426229508196
C123,qwen_decode_m8,8,512,10,8,False,28203,median,,c7_over_c10,0.9970238095238095
C123,qwen_decode_m8,8,512,10,8,False,28203,round,1,c7_over_c10,0.9940119760479044
C123,qwen_decode_m8,8,512,10,8,False,28203,round,3,c7_over_c10,0.9940476190476191
C123,qwen_decode_m8,8,512,10,8,False,28203,round,3,frontier_over_parent,0.9936305732484076
C123,qwen_decode_m8,8,512,10,8,False,28203,round,4,frontier_over_candidate,0.9967637540453073
C123,qwen_decode_m8,8,512,10,8,False,28203,round,4,parent_over_candidate,0.9967637540453073
C123,qwen_decode_m8,8,512,10,8,False,28203,round,5,c7_over_c10,0.9822485207100593
C123,qwen_decode_m8,8,512,10,8,False,28203,round,5,frontier_over_candidate,0.9840764331210192
C123,qwen_decode_m8,8,512,10,8,False,28203,round,5,frontier_over_parent,0.9840764331210192
C123,qwen_batch_m128,128,512,10,8,False,28204,median,,c7_over_c10,0.9954081427595355
C123,qwen_batch_m128,128,512,10,8,False,28204,median,,frontier_over_candidate,0.9981185307902525
C123,qwen_batch_m128,128,512,10,8,False,28204,median,,frontier_over_parent,0.9990601503759399
C123,qwen_batch_m128,128,512,10,8,False,28204,median,,parent_over_candidate,0.9981060606060606
C123,qwen_batch_m128,128,512,10,8,False,28204,round,1,c7_over_c10,0.996402877697842
C123,qwen_batch_m128,128,512,10,8,False,28204,round,1,frontier_over_candidate,0.9981167608286252
C123,qwen_batch_m128,128,512,10,8,False,28204,round,1,frontier_over_parent,0.9962406015037594
C123,qwen_batch_m128,128,512,10,8,False,28204,round,2,c7_over_c10,0.9927971869328492
C123,qwen_batch_m128,128,512,10,8,False,28204,round,2,frontier_over_candidate,0.9962121212121212
C123,qwen_batch_m128,128,512,10,8,False,28204,round,2,parent_over_candidate,0.9962121212121212
C123,qwen_batch_m128,128,512,10,8,False,28204,round,3,c7_over_c10,0.9925650557620818
C123,qwen_batch_m128,128,512,10,8,False,28204,round,3,parent_over_candidate,0.9960629921259843
C123,qwen_batch_m128,128,512,10,8,False,28204,round,4,frontier_over_candidate,0.9981203007518797
C123,qwen_batch_m128,128,512,10,8,False,28204,round,4,frontier_over_parent,0.9981203007518797
C123,qwen_batch_m128,128,512,10,8,False,28204,round,5,frontier_over_candidate,0.9905482041587904
C123,qwen_batch_m128,128,512,10,8,False,28204,round,5,frontier_over_parent,0.9886209539531866
C123,qwen_batch_m128,128,512,10,8,False,28204,round,6,c7_over_c10,0.994413407821229
C123,qwen_batch_m128,128,512,10,8,False,28204,round,6,parent_over_candidate,0.9940828402366861
C123,qwen_m512,512,512,10,8,False,28205,median,,frontier_over_parent,0.9989711934156378
C123,qwen_m512,512,512,10,8,False,28205,round,1,frontier_over_candidate,0.9958677685950413
C123,qwen_m512,512,512,10,8,False,28205,round,1,frontier_over_parent,0.9917695473251029
C123,qwen_m512,512,512,10,8,False,28205,round,2,parent_over_candidate,0.9959514170040487
C123,qwen_m512,512,512,10,8,False,28205,round,4,frontier_over_parent,0.9979423868312757
C123,qwen_m512,512,512,10,8,False,28205,round,6,frontier_over_candidate,0.9978678038379529
C123,qwen_m512,512,512,10,8,False,28205,round,6,frontier_over_parent,0.9957446808510638
C123,qwen_prefill_m16384,16384,512,10,8,False,28206,median,,frontier_over_candidate,0.9996942328227042
C123,qwen_prefill_m16384,16384,512,10,8,False,28206,median,,parent_over_candidate,0.995721915259195
C123,qwen_prefill_m16384,16384,512,10,8,False,28206,round,1,frontier_over_candidate,0.9943246311010216
C123,qwen_prefill_m16384,16384,512,10,8,False,28206,round,1,frontier_over_parent,0.9994295493439818
C123,qwen_prefill_m16384,16384,512,10,8,False,28206,round,1,parent_over_candidate,0.9948921679909195
C123,qwen_prefill_m16384,16384,512,10,8,False,28206,round,2,parent_over_candidate,0.9977703651685395
C123,qwen_prefill_m16384,16384,512,10,8,False,28206,round,3,frontier_over_candidate,0.9971412746341723
C123,qwen_prefill_m16384,16384,512,10,8,False,28206,round,3,parent_over_candidate,0.9965516625274705
C123,qwen_prefill_m16384,16384,512,10,8,False,28206,round,4,parent_over_candidate,0.9943149516770893
C123,qwen_prefill_m16384,16384,512,10,8,False,28206,round,5,frontier_over_candidate,0.9949321362185668
C123,qwen_prefill_m16384,16384,512,10,8,False,28206,round,5,parent_over_candidate,0.9921088626240662
C125,tp_m32,32,512,8,16,False,28201,round,2,c7_over_c10,0.9957805907172996
C125,tp_m32,32,512,8,16,False,28201,round,3,frontier_over_candidate,0.9871794871794873
C125,tp_m32,32,512,8,16,False,28201,round,3,frontier_over_parent,0.9999323638823132
C125,tp_m32,32,512,8,16,False,28201,round,3,parent_over_candidate,0.9872462606837608
C125,tp_m32,32,512,8,16,False,28201,round,4,frontier_over_parent,0.9956896551724138
C125,tp_m32,32,512,8,16,False,28201,round,5,parent_over_candidate,0.9956521739130435
C125,tp_m32,32,512,8,16,False,28201,round,6,c7_over_c10,0.9979035639412999
C125,batch_m128,128,512,8,16,False,28202,median,,parent_over_candidate,0.998334873238865
C125,batch_m128,128,512,8,16,False,28202,round,1,frontier_over_parent,0.9949565850361357
C125,batch_m128,128,512,8,16,False,28202,round,2,frontier_over_candidate,0.9966998401485072
C125,batch_m128,128,512,8,16,False,28202,round,2,frontier_over_parent,0.9967512376237624
C125,batch_m128,128,512,8,16,False,28202,round,2,parent_over_candidate,0.9999484350023203
C125,batch_m128,128,512,8,16,False,28202,round,3,c7_over_c10,0.9968304278922345
C125,batch_m128,128,512,8,16,False,28202,round,3,frontier_over_candidate,0.9967213114754099
C125,batch_m128,128,512,8,16,False,28202,round,3,parent_over_candidate,0.9967213114754099
C125,batch_m128,128,512,8,16,False,28202,round,4,c7_over_c10,0.9935483870967742
C125,batch_m128,128,512,8,16,False,28202,round,5,parent_over_candidate,0.9950576606260298
C125,batch_m128,128,512,8,16,False,28202,round,6,parent_over_candidate,0.9934426229508196
C125,qwen_decode_m8,8,512,10,8,False,28203,median,,c7_over_c10,0.9970059880239521
C125,qwen_decode_m8,8,512,10,8,False,28203,median,,frontier_over_candidate,0.9967948388687425
C125,qwen_decode_m8,8,512,10,8,False,28203,median,,parent_over_candidate,0.9967585003992769
C125,qwen_decode_m8,8,512,10,8,False,28203,round,1,frontier_over_candidate,0.9967637540453073
C125,qwen_decode_m8,8,512,10,8,False,28203,round,1,parent_over_candidate,0.9967637540453073
C125,qwen_decode_m8,8,512,10,8,False,28203,round,2,frontier_over_candidate,0.9968051118210862
C125,qwen_decode_m8,8,512,10,8,False,28203,round,2,parent_over_candidate,0.9840255591054313
C125,qwen_decode_m8,8,512,10,8,False,28203,round,3,c7_over_c10,0.9822485207100593
C125,qwen_decode_m8,8,512,10,8,False,28203,round,3,frontier_over_candidate,0.9904458598726112
C125,qwen_decode_m8,8,512,10,8,False,28203,round,3,parent_over_candidate,0.9808917197452229
C125,qwen_decode_m8,8,512,10,8,False,28203,round,4,c7_over_c10,0.9939939939939941
C125,qwen_decode_m8,8,512,10,8,False,28203,round,4,parent_over_candidate,0.9967532467532467
C125,qwen_decode_m8,8,512,10,8,False,28203,round,5,c7_over_c10,0.9940119760479044
C125,qwen_decode_m8,8,512,10,8,False,28203,round,5,frontier_over_candidate,0.9967845659163989
C125,qwen_decode_m8,8,512,10,8,False,28203,round,5,frontier_over_parent,0.9935897435897436
C125,qwen_batch_m128,128,512,10,8,False,28204,median,,parent_over_candidate,0.9981132075471698
C125,qwen_batch_m128,128,512,10,8,False,28204,round,1,parent_over_candidate,0.9962264150943396
C125,qwen_batch_m128,128,512,10,8,False,28204,round,2,c7_over_c10,0.9927007299270075
C125,qwen_batch_m128,128,512,10,8,False,28204,round,3,c7_over_c10,0.9981308411214951
C125,qwen_batch_m128,128,512,10,8,False,28204,round,4,frontier_over_parent,0.9981203007518797
C125,qwen_batch_m128,128,512,10,8,False,28204,round,5,parent_over_candidate,0.9923664122137402
C125,qwen_batch_m128,128,512,10,8,False,28204,round,6,frontier_over_candidate,0.996078431372549
C125,qwen_batch_m128,128,512,10,8,False,28204,round,6,parent_over_candidate,0.9941176470588238
C125,qwen_m512,512,512,10,8,False,28205,median,,parent_over_candidate,0.9959095927995449
C125,qwen_m512,512,512,10,8,False,28205,round,1,parent_over_candidate,0.9958677685950413
C125,qwen_m512,512,512,10,8,False,28205,round,3,parent_over_candidate,0.9957446808510638
C125,qwen_m512,512,512,10,8,False,28205,round,4,parent_over_candidate,0.9979338842975207
C125,qwen_m512,512,512,10,8,False,28205,round,5,frontier_over_candidate,0.998038967611336
C125,qwen_m512,512,512,10,8,False,28205,round,5,parent_over_candidate,0.9959514170040487
C125,qwen_m512,512,512,10,8,False,28205,round,6,frontier_over_candidate,0.9957627118644068
C125,qwen_m512,512,512,10,8,False,28205,round,6,parent_over_candidate,0.9957627118644068
C125,qwen_prefill_m16384,16384,512,10,8,False,28206,median,,frontier_over_parent,0.9988612043713712
C125,qwen_prefill_m16384,16384,512,10,8,False,28206,round,1,frontier_over_candidate,0.9983132102272727
C125,qwen_prefill_m16384,16384,512,10,8,False,28206,round,1,frontier_over_parent,0.9954498778371869
C125,qwen_prefill_m16384,16384,512,10,8,False,28206,round,4,frontier_over_candidate,0.9994327850255246
C125,qwen_prefill_m16384,16384,512,10,8,False,28206,round,4,frontier_over_parent,0.9994327850255246
C125,qwen_prefill_m16384,16384,512,10,8,False,28206,round,5,frontier_over_candidate,0.9983170351473923
C125,qwen_prefill_m16384,16384,512,10,8,False,28206,round,5,frontier_over_parent,0.9977337511729608
C125,qwen_prefill_m16384,16384,512,10,8,False,28206,round,6,frontier_over_parent,0.9982896237172177
C126,tp_m32,32,512,8,16,False,28201,median,,c7_over_c10,0.9968509323623524
C126,tp_m32,32,512,8,16,False,28201,median,,frontier_over_parent,0.9989200863930886
C126,tp_m32,32,512,8,16,False,28201,round,1,c7_over_c10,0.995798319327731
C126,tp_m32,32,512,8,16,False,28201,round,3,c7_over_c10,0.9937499999999999
C126,tp_m32,32,512,8,16,False,28201,round,3,frontier_over_parent,0.9914163090128757
C126,tp_m32,32,512,8,16,False,28201,round,4,frontier_over_parent,0.9978401727861772
C126,tp_m32,32,512,8,16,False,28201,round,5,c7_over_c10,0.9978947368421053
C126,tp_m32,32,512,8,16,False,28201,round,6,c7_over_c10,0.9958071278825996
C126,tp_m32,32,512,8,16,False,28201,round,6,frontier_over_parent,0.9914163090128757
C126,batch_m128,128,512,8,16,False,28202,round,4,c7_over_c10,0.9983818770226536
C126,batch_m128,128,512,8,16,False,28202,round,5,c7_over_c10,0.9968650477707007
C126,batch_m128,128,512,8,16,False,28202,round,6,frontier_over_parent,0.9967266775777414
C126,qwen_decode_m8,8,512,10,8,False,28203,median,,frontier_over_candidate,0.9968143203883495
C126,qwen_decode_m8,8,512,10,8,False,28203,median,,frontier_over_parent,0.9935811339721987
C126,qwen_decode_m8,8,512,10,8,False,28203,round,1,c7_over_c10,0.9970326409495549
C126,qwen_decode_m8,8,512,10,8,False,28203,round,1,frontier_over_candidate,0.993628640776699
C126,qwen_decode_m8,8,512,10,8,False,28203,round,1,frontier_over_parent,0.9968547077922079
C126,qwen_decode_m8,8,512,10,8,False,28203,round,1,parent_over_candidate,0.9967637540453073
C126,qwen_decode_m8,8,512,10,8,False,28203,round,2,frontier_over_parent,0.9936305732484076
C126,qwen_decode_m8,8,512,10,8,False,28203,round,3,frontier_over_parent,0.9904153354632588
C126,qwen_decode_m8,8,512,10,8,False,28203,round,4,frontier_over_candidate,0.9935483870967742
C126,qwen_decode_m8,8,512,10,8,False,28203,round,4,frontier_over_parent,0.9967637540453073
C126,qwen_decode_m8,8,512,10,8,False,28203,round,4,parent_over_candidate,0.9967741935483873
C126,qwen_decode_m8,8,512,10,8,False,28203,round,5,c7_over_c10,0.9970501474926252
C126,qwen_decode_m8,8,512,10,8,False,28203,round,5,frontier_over_parent,0.9935316946959897
C126,qwen_decode_m8,8,512,10,8,False,28203,round,6,frontier_over_candidate,0.9810126582278481
C126,qwen_decode_m8,8,512,10,8,False,28203,round,6,frontier_over_parent,0.9904153354632588
C126,qwen_decode_m8,8,512,10,8,False,28203,round,6,parent_over_candidate,0.990506329113924
C126,qwen_batch_m128,128,512,10,8,False,28204,median,,c7_over_c10,0.9990977297168224
C126,qwen_batch_m128,128,512,10,8,False,28204,round,1,c7_over_c10,0.996402877697842
C126,qwen_batch_m128,128,512,10,8,False,28204,round,1,frontier_over_parent,0.9906191369606003
C126,qwen_batch_m128,128,512,10,8,False,28204,round,2,c7_over_c10,0.9963235294117645
C126,qwen_batch_m128,128,512,10,8,False,28204,round,5,frontier_over_parent,0.9980988593155894
C126,qwen_batch_m128,128,512,10,8,False,28204,round,6,c7_over_c10,0.9981378026070765
C126,qwen_m512,512,512,10,8,False,28205,round,1,frontier_over_candidate,0.9958677685950413
C126,qwen_m512,512,512,10,8,False,28205,round,1,parent_over_candidate,0.9958677685950413
C126,qwen_m512,512,512,10,8,False,28205,round,4,frontier_over_parent,0.9979423868312757
C126,qwen_m512,512,512,10,8,False,28205,round,6,frontier_over_parent,0.9957446808510638
C126,qwen_prefill_m16384,16384,512,10,8,False,28206,round,1,parent_over_candidate,0.9960136674259682
C126,qwen_prefill_m16384,16384,512,10,8,False,28206,round,3,frontier_over_parent,0.9977142857142857
C126,qwen_prefill_m16384,16384,512,10,8,False,28206,round,4,parent_over_candidate,0.9982886480319453
C126,qwen_prefill_m16384,16384,512,10,8,False,28206,round,5,parent_over_candidate,0.9988399693038031
C127,tp_m32,32,512,8,16,False,28201,median,,frontier_over_candidate,0.9891492565405609
C127,tp_m32,32,512,8,16,False,28201,median,,frontier_over_parent,0.9913582728700725
C127,tp_m32,32,512,8,16,False,28201,median,,parent_over_candidate,0.9978354978354979
C127,tp_m32,32,512,8,16,False,28201,round,1,frontier_over_candidate,0.9913419913419913
C127,tp_m32,32,512,8,16,False,28201,round,1,frontier_over_parent,0.9978213507625273
C127,tp_m32,32,512,8,16,False,28201,round,1,parent_over_candidate,0.9935064935064933
C127,tp_m32,32,512,8,16,False,28201,round,2,frontier_over_candidate,0.9869565217391303
C127,tp_m32,32,512,8,16,False,28201,round,2,frontier_over_parent,0.9869565217391303
C127,tp_m32,32,512,8,16,False,28201,round,3,frontier_over_candidate,0.9934924078091106
C127,tp_m32,32,512,8,16,False,28201,round,3,frontier_over_parent,0.9934924078091106
C127,tp_m32,32,512,8,16,False,28201,round,4,frontier_over_candidate,0.9935064935064933
C127,tp_m32,32,512,8,16,False,28201,round,4,frontier_over_parent,0.9978260869565216
C127,tp_m32,32,512,8,16,False,28201,round,4,parent_over_candidate,0.9956709956709957
C127,tp_m32,32,512,8,16,False,28201,round,5,frontier_over_candidate,0.9868894776170095
C127,tp_m32,32,512,8,16,False,28201,round,5,frontier_over_parent,0.9784482758620688
C127,tp_m32,32,512,8,16,False,28201,round,6,c7_over_c10,0.9937106918238994
C127,tp_m32,32,512,8,16,False,28201,round,6,frontier_over_candidate,0.9807692307692307
C127,tp_m32,32,512,8,16,False,28201,round,6,frontier_over_parent,0.9892241379310344
C127,tp_m32,32,512,8,16,False,28201,round,6,parent_over_candidate,0.9914529914529916
C127,batch_m128,128,512,8,16,False,28202,median,,frontier_over_candidate,0.9876359286646367
C127,batch_m128,128,512,8,16,False,28202,median,,frontier_over_parent,0.9859980241445196
C127,batch_m128,128,512,8,16,False,28202,round,1,c7_over_c10,0.9967637540453075
C127,batch_m128,128,512,8,16,False,28202,round,1,frontier_over_candidate,0.9932885906040269
C127,batch_m128,128,512,8,16,False,28202,round,1,frontier_over_parent,0.9833887043189369
C127,batch_m128,128,512,8,16,False,28202,round,2,c7_over_c10,0.9968152866242038
C127,batch_m128,128,512,8,16,False,28202,round,2,frontier_over_candidate,0.9884297520661155
C127,batch_m128,128,512,8,16,False,28202,round,2,frontier_over_parent,0.9867986798679867
C127,batch_m128,128,512,8,16,False,28202,round,3,frontier_over_candidate,0.9835526315789473
C127,batch_m128,128,512,8,16,False,28202,round,3,frontier_over_parent,0.9819376026272578
C127,batch_m128,128,512,8,16,False,28202,round,4,frontier_over_candidate,0.9866666666666667
C127,batch_m128,128,512,8,16,False,28202,round,4,frontier_over_parent,0.9899148246851648
C127,batch_m128,128,512,8,16,False,28202,round,4,parent_over_candidate,0.9967187500000001
C127,batch_m128,128,512,8,16,False,28202,round,5,frontier_over_candidate,0.9868421052631579
C127,batch_m128,128,512,8,16,False,28202,round,5,frontier_over_parent,0.9933260903305913
C127,batch_m128,128,512,8,16,False,28202,round,5,parent_over_candidate,0.9934724506578948
C127,batch_m128,128,512,8,16,False,28202,round,6,frontier_over_candidate,0.9884488448844885
C127,batch_m128,128,512,8,16,False,28202,round,6,frontier_over_parent,0.9851973684210527
C127,qwen_decode_m8,8,512,10,8,False,28203,median,,frontier_over_candidate,0.9968051118210861
C127,qwen_decode_m8,8,512,10,8,False,28203,median,,frontier_over_parent,0.9935685333774505
C127,qwen_decode_m8,8,512,10,8,False,28203,median,,parent_over_candidate,0.9984126984126984
C127,qwen_decode_m8,8,512,10,8,False,28203,round,1,c7_over_c10,0.9970238095238096
C127,qwen_decode_m8,8,512,10,8,False,28203,round,1,frontier_over_candidate,0.9935064935064934
C127,qwen_decode_m8,8,512,10,8,False,28203,round,1,frontier_over_parent,0.9935064935064934
C127,qwen_decode_m8,8,512,10,8,False,28203,round,2,frontier_over_candidate,0.9936102236421723
C127,qwen_decode_m8,8,512,10,8,False,28203,round,2,frontier_over_parent,0.9904458598726112
C127,qwen_decode_m8,8,512,10,8,False,28203,round,3,frontier_over_candidate,0.9904761904761906
C127,qwen_decode_m8,8,512,10,8,False,28203,round,3,frontier_over_parent,0.9936305732484076
C127,qwen_decode_m8,8,512,10,8,False,28203,round,3,parent_over_candidate,0.996825396825397
C127,qwen_decode_m8,8,512,10,8,False,28203,round,4,c7_over_c10,0.9910714285714286
C127,qwen_decode_m8,8,512,10,8,False,28203,round,4,parent_over_candidate,0.996742671009772
C127,qwen_decode_m8,8,512,10,8,False,28203,round,5,parent_over_candidate,0.9967845659163989
C127,qwen_decode_m8,8,512,10,8,False,28203,round,6,frontier_over_parent,0.9904458598726112
C127,qwen_batch_m128,128,512,10,8,False,28204,median,,frontier_over_candidate,0.9827586206896551
C127,qwen_batch_m128,128,512,10,8,False,28204,median,,frontier_over_parent,0.9790943789035392
C127,qwen_batch_m128,128,512,10,8,False,28204,round,1,c7_over_c10,0.9981916817359854
C127,qwen_batch_m128,128,512,10,8,False,28204,round,1,frontier_over_candidate,0.9681050656660413
C127,qwen_batch_m128,128,512,10,8,False,28204,round,1,frontier_over_parent,0.9772727272727273
C127,qwen_batch_m128,128,512,10,8,False,28204,round,1,parent_over_candidate,0.9906191369606003
C127,qwen_batch_m128,128,512,10,8,False,28204,round,2,frontier_over_candidate,0.9808429118773946
C127,qwen_batch_m128,128,512,10,8,False,28204,round,2,frontier_over_parent,0.973384030418251
C127,qwen_batch_m128,128,512,10,8,False,28204,round,3,frontier_over_candidate,0.9881422924901185
C127,qwen_batch_m128,128,512,10,8,False,28204,round,3,frontier_over_parent,0.984251968503937
C127,qwen_batch_m128,128,512,10,8,False,28204,round,4,frontier_over_candidate,0.9735849056603774
C127,qwen_batch_m128,128,512,10,8,False,28204,round,4,frontier_over_parent,0.9717514124293785
C127,qwen_batch_m128,128,512,10,8,False,28204,round,5,c7_over_c10,0.9962594233757267
C127,qwen_batch_m128,128,512,10,8,False,28204,round,5,frontier_over_candidate,0.9846743295019157
C127,qwen_batch_m128,128,512,10,8,False,28204,round,5,frontier_over_parent,0.9809160305343512
C127,qwen_batch_m128,128,512,10,8,False,28204,round,6,frontier_over_candidate,0.9881422924901185
C127,qwen_batch_m128,128,512,10,8,False,28204,round,6,frontier_over_parent,0.9881422924901185
C127,qwen_m512,512,512,10,8,False,28205,median,,frontier_over_parent,0.9999666783292513
C127,qwen_m512,512,512,10,8,False,28205,round,1,frontier_over_candidate,0.9958677685950413
C127,qwen_m512,512,512,10,8,False,28205,round,1,frontier_over_parent,0.9958677685950413
C127,qwen_m512,512,512,10,8,False,28205,round,2,parent_over_candidate,0.9979167981819329
C127,qwen_m512,512,512,10,8,False,28205,round,3,frontier_over_parent,0.9957446808510638
C127,qwen_m512,512,512,10,8,False,28205,round,4,frontier_over_candidate,0.9958847736625515
C127,qwen_m512,512,512,10,8,False,28205,round,4,frontier_over_parent,0.9958847736625515
C127,qwen_prefill_m16384,16384,512,10,8,False,28206,median,,frontier_over_candidate,0.956286214382162
C127,qwen_prefill_m16384,16384,512,10,8,False,28206,median,,frontier_over_parent,0.9991577282396076
C127,qwen_prefill_m16384,16384,512,10,8,False,28206,median,,parent_over_candidate,0.9567939049446414
C127,qwen_prefill_m16384,16384,512,10,8,False,28206,round,1,frontier_over_candidate,0.957569372461724
C127,qwen_prefill_m16384,16384,512,10,8,False,28206,round,1,frontier_over_parent,0.9988655700510494
C127,qwen_prefill_m16384,16384,512,10,8,False,28206,round,1,parent_over_candidate,0.9586569015616239
C127,qwen_prefill_m16384,16384,512,10,8,False,28206,round,2,frontier_over_candidate,0.9570722930422827
C127,qwen_prefill_m16384,16384,512,10,8,False,28206,round,2,frontier_over_parent,0.9977173393732416
C127,qwen_prefill_m16384,16384,512,10,8,False,28206,round,2,parent_over_candidate,0.9592619625549539
C127,qwen_prefill_m16384,16384,512,10,8,False,28206,round,3,frontier_over_candidate,0.953125
C127,qwen_prefill_m16384,16384,512,10,8,False,28206,round,3,parent_over_candidate,0.953125
C127,qwen_prefill_m16384,16384,512,10,8,False,28206,round,4,frontier_over_candidate,0.9555001357220413
C127,qwen_prefill_m16384,16384,512,10,8,False,28206,round,4,frontier_over_parent,0.9994498864281658
C127,qwen_prefill_m16384,16384,512,10,8,False,28206,round,4,parent_over_candidate,0.9560260586319218
C127,qwen_prefill_m16384,16384,512,10,8,False,28206,round,5,frontier_over_candidate,0.9577464788732394
C127,qwen_prefill_m16384,16384,512,10,8,False,28206,round,5,parent_over_candidate,0.9566630552546045
C127,qwen_prefill_m16384,16384,512,10,8,False,28206,round,6,frontier_over_candidate,0.9520344874591058
C127,qwen_prefill_m16384,16384,512,10,8,False,28206,round,6,frontier_over_parent,0.994889601139601
C127,qwen_prefill_m16384,16384,512,10,8,False,28206,round,6,parent_over_candidate,0.9569247546346784
C128,tp_m32,32,512,8,16,False,28201,median,,c7_over_c10,0.9979254201680672
C128,tp_m32,32,512,8,16,False,28201,median,,parent_over_candidate,0.9988815834067648
C128,tp_m32,32,512,8,16,False,28201,round,1,parent_over_candidate,0.9891774891774893
C128,tp_m32,32,512,8,16,False,28201,round,2,c7_over_c10,0.9894957983193277
C128,tp_m32,32,512,8,16,False,28201,round,3,c7_over_c10,0.9937106918238994
C128,tp_m32,32,512,8,16,False,28201,round,3,parent_over_candidate,0.9891774891774893
C128,tp_m32,32,512,8,16,False,28201,round,4,frontier_over_candidate,0.9978308026030369
C128,tp_m32,32,512,8,16,False,28201,round,4,frontier_over_parent,0.9978308026030369
C128,tp_m32,32,512,8,16,False,28201,round,5,c7_over_c10,0.99375
C128,tp_m32,32,512,8,16,False,28201,round,6,parent_over_candidate,0.9977631668135295
C128,batch_m128,128,512,8,16,False,28202,round,1,c7_over_c10,0.9951456310679612
C128,batch_m128,128,512,8,16,False,28202,round,3,parent_over_candidate,0.9999475698631572
C128,batch_m128,128,512,8,16,False,28202,round,4,c7_over_c10,0.9951845906902085
C128,batch_m128,128,512,8,16,False,28202,round,6,c7_over_c10,0.9984076433121019
C128,batch_m128,128,512,8,16,False,28202,round,6,frontier_over_candidate,0.9951252052545156
C128,batch_m128,128,512,8,16,False,28202,round,6,parent_over_candidate,0.986863711001642
C128,qwen_decode_m8,8,512,10,8,False,28203,median,,c7_over_c10,0.9926120448179271
C128,qwen_decode_m8,8,512,10,8,False,28203,round,1,c7_over_c10,0.9910714285714286
C128,qwen_decode_m8,8,512,10,8,False,28203,round,1,frontier_over_parent,0.9904847756410255
C128,qwen_decode_m8,8,512,10,8,False,28203,round,2,frontier_over_candidate,0.9840764331210192
C128,qwen_decode_m8,8,512,10,8,False,28203,round,2,frontier_over_parent,0.9839785053239131
C128,qwen_decode_m8,8,512,10,8,False,28203,round,3,c7_over_c10,0.9911764705882351
C128,qwen_decode_m8,8,512,10,8,False,28203,round,3,parent_over_candidate,0.9967845659163989
C128,qwen_decode_m8,8,512,10,8,False,28203,round,4,c7_over_c10,0.9940476190476191
C128,qwen_decode_m8,8,512,10,8,False,28203,round,5,parent_over_candidate,0.9935691318327978
C128,qwen_decode_m8,8,512,10,8,False,28203,round,6,c7_over_c10,0.9882697947214074
C128,qwen_batch_m128,128,512,10,8,False,28204,median,,c7_over_c10,0.999050416020584
C128,qwen_batch_m128,128,512,10,8,False,28204,round,2,c7_over_c10,0.9999424526673188
C128,qwen_batch_m128,128,512,10,8,False,28204,round,4,c7_over_c10,0.9928057553956835
C128,qwen_batch_m128,128,512,10,8,False,28204,round,5,c7_over_c10,0.998158379373849
C128,qwen_batch_m128,128,512,10,8,False,28204,round,6,c7_over_c10,0.9981308411214951
C128,qwen_m512,512,512,10,8,False,28205,median,,frontier_over_candidate,0.9331550021531118
C128,qwen_m512,512,512,10,8,False,28205,median,,frontier_over_parent,0.999904860750735
C128,qwen_m512,512,512,10,8,False,28205,median,,parent_over_candidate,0.9306355806355806
C128,qwen_m512,512,512,10,8,False,28205,round,1,frontier_over_candidate,0.9346153846153847
C128,qwen_m512,512,512,10,8,False,28205,round,1,parent_over_candidate,0.9307692307692309
C128,qwen_m512,512,512,10,8,False,28205,round,2,frontier_over_candidate,0.9391634980988592
C128,qwen_m512,512,512,10,8,False,28205,round,2,parent_over_candidate,0.935361216730038
C128,qwen_m512,512,512,10,8,False,28205,round,3,frontier_over_candidate,0.924844068424628
C128,qwen_m512,512,512,10,8,False,28205,round,3,frontier_over_parent,0.9957446808510638
C128,qwen_m512,512,512,10,8,False,28205,round,3,parent_over_candidate,0.9287963935033657
C128,qwen_m512,512,512,10,8,False,28205,round,4,frontier_over_candidate,0.9343629343629343
C128,qwen_m512,512,512,10,8,False,28205,round,4,parent_over_candidate,0.9305019305019304
C128,qwen_m512,512,512,10,8,False,28205,round,5,frontier_over_candidate,0.9319470699432892
C128,qwen_m512,512,512,10,8,False,28205,round,5,frontier_over_parent,0.9939516129032256
C128,qwen_m512,512,512,10,8,False,28205,round,5,parent_over_candidate,0.9376181474480153
C128,qwen_m512,512,512,10,8,False,28205,round,6,frontier_over_candidate,0.921259842519685
C128,qwen_m512,512,512,10,8,False,28205,round,6,frontier_over_parent,0.9957446808510638
C128,qwen_m512,512,512,10,8,False,28205,round,6,parent_over_candidate,0.9251968503937007
C128,qwen_prefill_m16384,16384,512,10,8,False,28206,median,,frontier_over_candidate,0.9963365112994351
C128,qwen_prefill_m16384,16384,512,10,8,False,28206,median,,frontier_over_parent,0.9991344948816112
C128,qwen_prefill_m16384,16384,512,10,8,False,28206,median,,parent_over_candidate,0.9977505457113507
C128,qwen_prefill_m16384,16384,512,10,8,False,28206,round,1,frontier_over_candidate,0.9920993227990971
C128,qwen_prefill_m16384,16384,512,10,8,False,28206,round,1,frontier_over_parent,0.9999644495005154
C128,qwen_prefill_m16384,16384,512,10,8,False,28206,round,1,parent_over_candidate,0.9921345936794582
C128,qwen_prefill_m16384,16384,512,10,8,False,28206,round,2,frontier_over_candidate,0.9954978813559322
C128,qwen_prefill_m16384,16384,512,10,8,False,28206,round,2,parent_over_candidate,0.9943502824858755
C128,qwen_prefill_m16384,16384,512,10,8,False,28206,round,3,frontier_over_candidate,0.9943181818181818
C128,qwen_prefill_m16384,16384,512,10,8,False,28206,round,3,frontier_over_parent,0.9937535491198184
C128,qwen_prefill_m16384,16384,512,10,8,False,28206,round,4,frontier_over_parent,0.9982845521266249
C128,qwen_prefill_m16384,16384,512,10,8,False,28206,round,5,frontier_over_candidate,0.9971751412429379
C128,qwen_prefill_m16384,16384,512,10,8,False,28206,round,5,parent_over_candidate,0.9949329096045197
C128,qwen_prefill_m16384,16384,512,10,8,False,28206,round,6,frontier_over_parent,0.9983045402627071
C129,tp_m32,32,512,8,16,False,28201,round,3,c7_over_c10,0.9958333333333333
C129,tp_m32,32,512,8,16,False,28201,round,6,c7_over_c10,0.9895615866388308
C129,batch_m128,128,512,8,16,False,28202,round,2,c7_over_c10,0.9968152866242038
C129,batch_m128,128,512,8,16,False,28202,round,3,c7_over_c10,0.9936305732484076
C129,batch_m128,128,512,8,16,False,28202,round,6,parent_over_candidate,0.994991652754591
C129,qwen_decode_m8,8,512,10,8,False,28203,round,1,frontier_over_parent,0.9967637540453073
C129,qwen_decode_m8,8,512,10,8,False,28203,round,3,c7_over_c10,0.9941176470588233
C129,qwen_decode_m8,8,512,10,8,False,28203,round,5,c7_over_c10,0.9941176470588233
C129,qwen_decode_m8,8,512,10,8,False,28203,round,5,frontier_over_candidate,0.9936305732484076
C129,qwen_decode_m8,8,512,10,8,False,28203,round,5,parent_over_candidate,0.9872611464968153
C129,qwen_decode_m8,8,512,10,8,False,28203,round,6,frontier_over_parent,0.9905362776025236
C129,qwen_batch_m128,128,512,10,8,False,28204,round,1,c7_over_c10,0.9982513537906136
C129,qwen_batch_m128,128,512,10,8,False,28204,round,4,c7_over_c10,0.9963898916967507
C129,qwen_m512,512,512,10,8,False,28205,round,5,parent_over_candidate,0.9979716024340773
C129,qwen_m512,512,512,10,8,False,28205,round,6,frontier_over_candidate,0.989406779661017
C129,qwen_m512,512,512,10,8,False,28205,round,6,frontier_over_parent,0.9957356076759061
C129,qwen_m512,512,512,10,8,False,28205,round,6,parent_over_candidate,0.9936440677966103
C129,qwen_prefill_m16384,16384,512,10,8,False,28206,median,,frontier_over_candidate,0.9994311627673704
C129,qwen_prefill_m16384,16384,512,10,8,False,28206,median,,frontier_over_parent,0.9985590069372279
C129,qwen_prefill_m16384,16384,512,10,8,False,28206,round,1,frontier_over_candidate,0.9943263163476324
C129,qwen_prefill_m16384,16384,512,10,8,False,28206,round,1,frontier_over_parent,0.9982787074334996
C129,qwen_prefill_m16384,16384,512,10,8,False,28206,round,1,parent_over_candidate,0.9960407939622107
C129,qwen_prefill_m16384,16384,512,10,8,False,28206,round,3,frontier_over_candidate,0.9994288977727014
C129,qwen_prefill_m16384,16384,512,10,8,False,28206,round,3,frontier_over_parent,0.9920634920634921
C129,qwen_prefill_m16384,16384,512,10,8,False,28206,round,5,frontier_over_candidate,0.9994334277620396
C129,qwen_prefill_m16384,16384,512,10,8,False,28206,round,5,frontier_over_parent,0.997737556561086
C129,qwen_prefill_m16384,16384,512,10,8,False,28206,round,6,frontier_over_candidate,0.998857142857143
C129,qwen_prefill_m16384,16384,512,10,8,False,28206,round,6,frontier_over_parent,0.9988393064409563
C130,tp_m32,32,512,8,16,False,28201,median,,frontier_over_candidate,0.9966740248733668
C130,tp_m32,32,512,8,16,False,28201,median,,frontier_over_parent,0.981424326106275
C130,tp_m32,32,512,8,16,False,28201,round,1,frontier_over_candidate,0.9933481152993348
C130,tp_m32,32,512,8,16,False,28201,round,1,frontier_over_parent,0.9781659388646288
C130,tp_m32,32,512,8,16,False,28201,round,2,c7_over_c10,0.995798319327731
C130,tp_m32,32,512,8,16,False,28201,round,2,frontier_over_candidate,0.9955752212389382
C130,tp_m32,32,512,8,16,False,28201,round,2,frontier_over_parent,0.9868421052631579
C130,tp_m32,32,512,8,16,False,28201,round,3,frontier_over_candidate,0.9977876106194692
C130,tp_m32,32,512,8,16,False,28201,round,3,frontier_over_parent,0.9890350877192983
C130,tp_m32,32,512,8,16,False,28201,round,4,frontier_over_candidate,0.9977728285077953
C130,tp_m32,32,512,8,16,False,28201,round,4,frontier_over_parent,0.9760348583877997
C130,tp_m32,32,512,8,16,False,28201,round,5,c7_over_c10,0.9978991596638654
C130,tp_m32,32,512,8,16,False,28201,round,5,frontier_over_candidate,0.9955555555555555
C130,tp_m32,32,512,8,16,False,28201,round,5,frontier_over_parent,0.9781659388646288
C130,tp_m32,32,512,8,16,False,28201,round,6,frontier_over_parent,0.9846827133479211
C130,batch_m128,128,512,8,16,False,28202,median,,frontier_over_parent,0.9881956155143341
C130,batch_m128,128,512,8,16,False,28202,round,1,frontier_over_parent,0.986754966887417
C130,batch_m128,128,512,8,16,False,28202,round,2,c7_over_c10,0.993485342019544
C130,batch_m128,128,512,8,16,False,28202,round,2,frontier_over_candidate,0.9982876712328768
C130,batch_m128,128,512,8,16,False,28202,round,2,frontier_over_parent,0.9898132427843803
C130,batch_m128,128,512,8,16,False,28202,round,3,frontier_over_parent,0.9932659932659934
C130,batch_m128,128,512,8,16,False,28202,round,4,c7_over_c10,0.9967897271268056
C130,batch_m128,128,512,8,16,False,28202,round,4,frontier_over_candidate,0.9983136593591906
C130,batch_m128,128,512,8,16,False,28202,round,4,frontier_over_parent,0.9785123966942146
C130,batch_m128,128,512,8,16,False,28202,round,5,frontier_over_parent,0.9881956155143341
C130,batch_m128,128,512,8,16,False,28202,round,6,frontier_over_parent,0.9881956155143341
C130,qwen_decode_m8,8,512,10,8,False,28203,round,2,c7_over_c10,0.9971590909090909
C130,qwen_decode_m8,8,512,10,8,False,28203,round,3,c7_over_c10,0.9971590909090909
C130,qwen_decode_m8,8,512,10,8,False,28203,round,3,frontier_over_candidate,0.9969135802469138
C130,qwen_decode_m8,8,512,10,8,False,28203,round,3,frontier_over_parent,0.993846153846154
C130,qwen_decode_m8,8,512,10,8,False,28203,round,4,frontier_over_candidate,0.9939024390243902
C130,qwen_decode_m8,8,512,10,8,False,28203,round,4,parent_over_candidate,0.9939024390243902
C130,qwen_decode_m8,8,512,10,8,False,28203,round,5,frontier_over_parent,0.9907407407407407
C130,qwen_batch_m128,128,512,10,8,False,28204,median,,c7_over_c10,0.9999967061923585
C130,qwen_batch_m128,128,512,10,8,False,28204,median,,frontier_over_candidate,0.9989979959919839
C130,qwen_batch_m128,128,512,10,8,False,28204,median,,frontier_over_parent,0.9883896442175948
C130,qwen_batch_m128,128,512,10,8,False,28204,round,1,frontier_over_parent,0.9901380670611437
C130,qwen_batch_m128,128,512,10,8,False,28204,round,2,frontier_over_candidate,0.9979959919839678
C130,qwen_batch_m128,128,512,10,8,False,28204,round,2,frontier_over_parent,0.9822485207100589
C130,qwen_batch_m128,128,512,10,8,False,28204,round,3,c7_over_c10,0.9981818181818182
C130,qwen_batch_m128,128,512,10,8,False,28204,round,3,frontier_over_parent,0.9904580152671754
C130,qwen_batch_m128,128,512,10,8,False,28204,round,4,c7_over_c10,0.9962686567164177
C130,qwen_batch_m128,128,512,10,8,False,28204,round,4,frontier_over_parent,0.9921259842519685
C130,qwen_batch_m128,128,512,10,8,False,28204,round,5,c7_over_c10,0.99812382739212
C130,qwen_batch_m128,128,512,10,8,False,28204,round,5,frontier_over_candidate,0.9940119760479043
C130,qwen_batch_m128,128,512,10,8,False,28204,round,5,frontier_over_parent,0.9822485207100589
C130,qwen_batch_m128,128,512,10,8,False,28204,round,6,frontier_over_candidate,0.9942307692307693
C130,qwen_batch_m128,128,512,10,8,False,28204,round,6,frontier_over_parent,0.9866412213740458
C130,qwen_m512,512,512,10,8,False,28205,round,1,parent_over_candidate,0.9922027290448343
C130,qwen_m512,512,512,10,8,False,28205,round,2,frontier_over_candidate,0.9957627118644068
C130,qwen_m512,512,512,10,8,False,28205,round,2,parent_over_candidate,0.9915254237288136
C130,qwen_m512,512,512,10,8,False,28205,round,3,frontier_over_parent,0.9898167006109979
C130,qwen_m512,512,512,10,8,False,28205,round,4,parent_over_candidate,0.9980314960629924
C130,qwen_m512,512,512,10,8,False,28205,round,5,frontier_over_parent,0.9958847736625515
C130,qwen_m512,512,512,10,8,False,28205,round,6,frontier_over_candidate,0.9938650306748468
C130,qwen_m512,512,512,10,8,False,28205,round,6,frontier_over_parent,0.9778672032193158
C130,qwen_prefill_m16384,16384,512,10,8,False,28206,median,,frontier_over_candidate,0.9426290223725691
C130,qwen_prefill_m16384,16384,512,10,8,False,28206,median,,frontier_over_parent,0.9544090678868958
C130,qwen_prefill_m16384,16384,512,10,8,False,28206,median,,parent_over_candidate,0.9872113099977209
C130,qwen_prefill_m16384,16384,512,10,8,False,28206,round,1,frontier_over_candidate,0.9437963944856839
C130,qwen_prefill_m16384,16384,512,10,8,False,28206,round,1,frontier_over_parent,0.9580193756727663
C130,qwen_prefill_m16384,16384,512,10,8,False,28206,round,1,parent_over_candidate,0.985153764581124
C130,qwen_prefill_m16384,16384,512,10,8,False,28206,round,2,frontier_over_candidate,0.9448312801285483
C130,qwen_prefill_m16384,16384,512,10,8,False,28206,round,2,frontier_over_parent,0.9555796316359696
C130,qwen_prefill_m16384,16384,512,10,8,False,28206,round,2,parent_over_candidate,0.9887520085698982
C130,qwen_prefill_m16384,16384,512,10,8,False,28206,round,3,frontier_over_candidate,0.9432059447983013
C130,qwen_prefill_m16384,16384,512,10,8,False,28206,round,3,frontier_over_parent,0.9533261802575107
C130,qwen_prefill_m16384,16384,512,10,8,False,28206,round,3,parent_over_candidate,0.989384288747346
C130,qwen_prefill_m16384,16384,512,10,8,False,28206,round,4,frontier_over_candidate,0.9396825396825398
C130,qwen_prefill_m16384,16384,512,10,8,False,28206,round,4,frontier_over_parent,0.9548387096774194
C130,qwen_prefill_m16384,16384,512,10,8,False,28206,round,4,parent_over_candidate,0.9841269841269842
C130,qwen_prefill_m16384,16384,512,10,8,False,28206,round,5,frontier_over_candidate,0.9407367859049652
C130,qwen_prefill_m16384,16384,512,10,8,False,28206,round,5,frontier_over_parent,0.9539794260963723
C130,qwen_prefill_m16384,16384,512,10,8,False,28206,round,5,parent_over_candidate,0.9861185264281902
C130,qwen_prefill_m16384,16384,512,10,8,False,28206,round,6,frontier_over_candidate,0.9420520999468369
C130,qwen_prefill_m16384,16384,512,10,8,False,28206,round,6,frontier_over_parent,0.9532006455083378
C130,qwen_prefill_m16384,16384,512,10,8,False,28206,round,6,parent_over_candidate,0.9883040935672516
C131,tp_m32,32,512,8,16,False,28201,median,,c7_over_c10,0.9989473684210526
C131,tp_m32,32,512,8,16,False,28201,round,1,c7_over_c10,0.9916317991631798
C131,tp_m32,32,512,8,16,False,28201,round,1,parent_over_candidate,0.9889135254988913
C131,tp_m32,32,512,8,16,False,28201,round,4,c7_over_c10,0.9978947368421053
C131,tp_m32,32,512,8,16,False,28201,round,6,c7_over_c10,0.995798319327731
C131,tp_m32,32,512,8,16,False,28201,round,6,parent_over_candidate,0.9977876106194692
C131,batch_m128,128,512,8,16,False,28202,round,1,parent_over_candidate,0.9966666666666667
C131,batch_m128,128,512,8,16,False,28202,round,3,c7_over_c10,0.996742671009772
C131,batch_m128,128,512,8,16,False,28202,round,5,parent_over_candidate,0.9931506849315068
C131,qwen_decode_m8,8,512,10,8,False,28203,median,,c7_over_c10,0.9985835694050991
C131,qwen_decode_m8,8,512,10,8,False,28203,median,,frontier_over_candidate,0.9984662576687117
C131,qwen_decode_m8,8,512,10,8,False,28203,round,1,frontier_over_candidate,0.9969230769230769
C131,qwen_decode_m8,8,512,10,8,False,28203,round,1,frontier_over_parent,0.9878048780487805
C131,qwen_decode_m8,8,512,10,8,False,28203,round,3,c7_over_c10,0.9887005649717514
C131,qwen_decode_m8,8,512,10,8,False,28203,round,3,frontier_over_candidate,0.9969325153374233
C131,qwen_decode_m8,8,512,10,8,False,28203,round,3,parent_over_candidate,0.9938650306748467
C131,qwen_decode_m8,8,512,10,8,False,28203,round,4,frontier_over_candidate,0.9878787878787879
C131,qwen_decode_m8,8,512,10,8,False,28203,round,4,parent_over_candidate,0.9848484848484849
C131,qwen_decode_m8,8,512,10,8,False,28203,round,5,c7_over_c10,0.9971671388101981
C131,qwen_decode_m8,8,512,10,8,False,28203,round,5,frontier_over_parent,0.9969325153374233
C131,qwen_decode_m8,8,512,10,8,False,28203,round,6,c7_over_c10,0.9971590909090909
C131,qwen_batch_m128,128,512,10,8,False,28204,round,3,c7_over_c10,0.9963702359346642
C131,qwen_batch_m128,128,512,10,8,False,28204,round,5,parent_over_candidate,0.9980079681274898
C131,qwen_batch_m128,128,512,10,8,False,28204,round,6,c7_over_c10,0.9928057553956835
C131,qwen_m512,512,512,10,8,False,28205,round,2,frontier_over_candidate,0.9569672131147541
C131,qwen_m512,512,512,10,8,False,28205,round,2,frontier_over_parent,0.9873150105708244
C131,qwen_m512,512,512,10,8,False,28205,round,2,parent_over_candidate,0.9692622950819673
C131,qwen_m512,512,512,10,8,False,28205,round,3,frontier_over_parent,0.9959016393442623
C131,qwen_m512,512,512,10,8,False,28205,round,5,frontier_over_candidate,0.9958932238193017
C131,qwen_m512,512,512,10,8,False,28205,round,5,parent_over_candidate,0.9548254620123203
C131,qwen_prefill_m16384,16384,512,10,8,False,28206,median,,frontier_over_parent,0.9999974464423196
C131,qwen_prefill_m16384,16384,512,10,8,False,28206,median,,parent_over_candidate,0.9994369369369369
C131,qwen_prefill_m16384,16384,512,10,8,False,28206,round,1,parent_over_candidate,0.9988738738738738
C131,qwen_prefill_m16384,16384,512,10,8,False,28206,round,2,frontier_over_candidate,0.9994334277620396
C131,qwen_prefill_m16384,16384,512,10,8,False,28206,round,2,parent_over_candidate,0.9983002832861188
C131,qwen_prefill_m16384,16384,512,10,8,False,28206,round,3,parent_over_candidate,0.9977464788732393
C131,qwen_prefill_m16384,16384,512,10,8,False,28206,round,4,frontier_over_parent,0.9971910112359552
C131,qwen_prefill_m16384,16384,512,10,8,False,28206,round,5,frontier_over_parent,0.9988674971687429
C131,qwen_prefill_m16384,16384,512,10,8,False,28206,round,6,frontier_over_candidate,0.9983089064261556
C131,qwen_prefill_m16384,16384,512,10,8,False,28206,round,6,frontier_over_parent,0.9983089064261556
C133,tp_m32,32,512,8,16,False,28201,median,,c7_over_c10,0.9989495798319328
C133,tp_m32,32,512,8,16,False,28201,median,,parent_over_candidate,0.9966789631693582
C133,tp_m32,32,512,8,16,False,28201,round,1,parent_over_candidate,0.9955555555555555
C133,tp_m32,32,512,8,16,False,28201,round,2,frontier_over_parent,0.9977728285077953
C133,tp_m32,32,512,8,16,False,28201,round,3,c7_over_c10,0.9978858350951373
C133,tp_m32,32,512,8,16,False,28201,round,3,parent_over_candidate,0.9955752212389382
C133,tp_m32,32,512,8,16,False,28201,round,4,c7_over_c10,0.9916666666666667
C133,tp_m32,32,512,8,16,False,28201,round,4,frontier_over_candidate,0.9955752212389382
C133,tp_m32,32,512,8,16,False,28201,round,4,parent_over_candidate,0.9911504424778762
C133,tp_m32,32,512,8,16,False,28201,round,5,frontier_over_candidate,0.991130820399113
C133,tp_m32,32,512,8,16,False,28201,round,5,frontier_over_parent,0.9933333333333333
C133,tp_m32,32,512,8,16,False,28201,round,5,parent_over_candidate,0.9977827050997783
C133,tp_m32,32,512,8,16,False,28201,round,6,c7_over_c10,0.9978991596638654
C133,tp_m32,32,512,8,16,False,28201,round,6,parent_over_candidate,0.9977876106194692
C133,batch_m128,128,512,8,16,False,28202,median,,frontier_over_parent,0.9940758021513287
C133,batch_m128,128,512,8,16,False,28202,round,1,frontier_over_parent,0.9932885906040271
C133,batch_m128,128,512,8,16,False,28202,round,2,frontier_over_candidate,0.9982876712328768
C133,batch_m128,128,512,8,16,False,28202,round,2,parent_over_candidate,0.9965753424657536
C133,batch_m128,128,512,8,16,False,28202,round,3,frontier_over_parent,0.9880952380952382
C133,batch_m128,128,512,8,16,False,28202,round,4,c7_over_c10,0.9951923076923077
C133,batch_m128,128,512,8,16,False,28202,round,4,frontier_over_parent,0.9966329966329966
C133,batch_m128,128,512,8,16,False,28202,round,5,frontier_over_candidate,0.9965694682675816
C133,batch_m128,128,512,8,16,False,28202,round,5,frontier_over_parent,0.9948630136986303
C133,batch_m128,128,512,8,16,False,28202,round,6,c7_over_c10,0.9967532467532467
C133,batch_m128,128,512,8,16,False,28202,round,6,frontier_over_parent,0.9931740614334471
C133,qwen_decode_m8,8,512,10,8,False,28203,round,1,frontier_over_parent,0.9969512195121951
C133,qwen_decode_m8,8,512,10,8,False,28203,round,3,c7_over_c10,0.9915014164305948
C133,qwen_decode_m8,8,512,10,8,False,28203,round,3,frontier_over_candidate,0.9969230769230769
C133,qwen_decode_m8,8,512,10,8,False,28203,round,3,frontier_over_parent,0.9969230769230769
C133,qwen_decode_m8,8,512,10,8,False,28203,round,5,frontier_over_candidate,0.9969325153374233
C133,qwen_decode_m8,8,512,10,8,False,28203,round,5,frontier_over_parent,0.9969325153374233
C133,qwen_decode_m8,8,512,10,8,False,28203,round,6,c7_over_c10,0.980225988700565
C133,qwen_batch_m128,128,512,10,8,False,28204,median,,c7_over_c10,0.9990671641791045
C133,qwen_batch_m128,128,512,10,8,False,28204,median,,frontier_over_parent,0.9903325252162462
C133,qwen_batch_m128,128,512,10,8,False,28204,round,1,frontier_over_parent,0.9960159362549801
C133,qwen_batch_m128,128,512,10,8,False,28204,round,2,c7_over_c10,0.994392523364486
C133,qwen_batch_m128,128,512,10,8,False,28204,round,2,frontier_over_candidate,0.993939393939394
C133,qwen_batch_m128,128,512,10,8,False,28204,round,2,frontier_over_parent,0.9840000000000001
C133,qwen_batch_m128,128,512,10,8,False,28204,round,3,frontier_over_parent,0.9884169884169884
C133,qwen_batch_m128,128,512,10,8,False,28204,round,4,c7_over_c10,0.9981343283582089
C133,qwen_batch_m128,128,512,10,8,False,28204,round,4,frontier_over_candidate,0.9959677419354839
C133,qwen_batch_m128,128,512,10,8,False,28204,round,4,frontier_over_parent,0.9840637450199203
C133,qwen_batch_m128,128,512,10,8,False,28204,round,5,frontier_over_parent,0.9979879275653922
C133,qwen_batch_m128,128,512,10,8,False,28204,round,6,c7_over_c10,0.9945848375451264
C133,qwen_batch_m128,128,512,10,8,False,28204,round,6,frontier_over_parent,0.9922480620155039
C133,qwen_m512,512,512,10,8,False,28205,round,2,frontier_over_candidate,0.9633401221995928
C133,qwen_m512,512,512,10,8,False,28205,round,2,frontier_over_parent,0.9594320486815417
C133,qwen_m512,512,512,10,8,False,28205,round,5,frontier_over_candidate,0.9572301425661914
C133,qwen_m512,512,512,10,8,False,28205,round,5,frontier_over_parent,0.9710743801652892
C133,qwen_m512,512,512,10,8,False,28205,round,5,parent_over_candidate,0.9857433808553971
C133,qwen_prefill_m16384,16384,512,10,8,False,28206,median,,frontier_over_candidate,0.9994351890121769
C133,qwen_prefill_m16384,16384,512,10,8,False,28206,median,,parent_over_candidate,0.9983103349828701
C133,qwen_prefill_m16384,16384,512,10,8,False,28206,round,1,frontier_over_candidate,0.9983069977426637
C133,qwen_prefill_m16384,16384,512,10,8,False,28206,round,1,frontier_over_parent,0.9994350282485877
C133,qwen_prefill_m16384,16384,512,10,8,False,28206,round,1,parent_over_candidate,0.9988713318284425
C133,qwen_prefill_m16384,16384,512,10,8,False,28206,round,2,frontier_over_candidate,0.9960429621254945
C133,qwen_prefill_m16384,16384,512,10,8,False,28206,round,2,parent_over_candidate,0.9943470887507067
C133,qwen_prefill_m16384,16384,512,10,8,False,28206,round,3,frontier_over_candidate,0.9960585585585586
C133,qwen_prefill_m16384,16384,512,10,8,False,28206,round,3,frontier_over_parent,0.9977439368302313
C133,qwen_prefill_m16384,16384,512,10,8,False,28206,round,3,parent_over_candidate,0.9983108108108107
C133,qwen_prefill_m16384,16384,512,10,8,False,28206,round,4,frontier_over_parent,0.9988738738738738
C133,qwen_prefill_m16384,16384,512,10,8,False,28206,round,5,parent_over_candidate,0.9937606352807715
C133,qwen_prefill_m16384,16384,512,10,8,False,28206,round,6,parent_over_candidate,0.9983098591549295
C134,tp_m32,32,512,8,16,False,28201,median,,frontier_over_candidate,0.9999975253650086
C134,tp_m32,32,512,8,16,False,28201,median,,frontier_over_parent,0.9977678460212354
C134,tp_m32,32,512,8,16,False,28201,median,,parent_over_candidate,0.9988814317673378
C134,tp_m32,32,512,8,16,False,28201,round,1,parent_over_candidate,0.9955555555555555
C134,tp_m32,32,512,8,16,False,28201,round,2,frontier_over_candidate,0.991111111111111
C134,tp_m32,32,512,8,16,False,28201,round,2,frontier_over_parent,0.9977628635346756
C134,tp_m32,32,512,8,16,False,28201,round,2,parent_over_candidate,0.9933333333333333
C134,tp_m32,32,512,8,16,False,28201,round,3,c7_over_c10,0.9937106918238994
C134,tp_m32,32,512,8,16,False,28201,round,3,frontier_over_parent,0.9955849889624725
C134,tp_m32,32,512,8,16,False,28201,round,4,frontier_over_candidate,0.9977728285077953
C134,tp_m32,32,512,8,16,False,28201,round,4,frontier_over_parent,0.9977728285077953
C134,tp_m32,32,512,8,16,False,28201,round,5,parent_over_candidate,0.9977628635346756
C134,tp_m32,32,512,8,16,False,28201,round,6,frontier_over_candidate,0.9955752212389382
C134,tp_m32,32,512,8,16,False,28201,round,6,frontier_over_parent,0.9955752212389382
C134,batch_m128,128,512,8,16,False,28202,median,,frontier_over_parent,0.998310810810811
C134,batch_m128,128,512,8,16,False,28202,round,3,c7_over_c10,0.996742671009772
C134,batch_m128,128,512,8,16,False,28202,round,3,frontier_over_candidate,0.9914236706689536
C134,batch_m128,128,512,8,16,False,28202,round,3,frontier_over_parent,0.996551724137931
C134,batch_m128,128,512,8,16,False,28202,round,3,parent_over_candidate,0.9948542024013722
C134,batch_m128,128,512,8,16,False,28202,round,4,frontier_over_candidate,0.9966216216216218
C134,batch_m128,128,512,8,16,False,28202,round,4,frontier_over_parent,0.9966216216216218
C134,batch_m128,128,512,8,16,False,28202,round,5,c7_over_c10,0.9951219512195122
C134,batch_m128,128,512,8,16,False,28202,round,6,frontier_over_parent,0.996551724137931
C134,qwen_decode_m8,8,512,10,8,False,28203,median,,c7_over_c10,0.9985754985754987
C134,qwen_decode_m8,8,512,10,8,False,28203,round,1,c7_over_c10,0.9971509971509972
C134,qwen_decode_m8,8,512,10,8,False,28203,round,3,c7_over_c10,0.9914529914529915
C134,qwen_decode_m8,8,512,10,8,False,28203,round,4,c7_over_c10,0.9915014164305948
C134,qwen_decode_m8,8,512,10,8,False,28203,round,4,frontier_over_candidate,0.9969325153374233
C134,qwen_decode_m8,8,512,10,8,False,28203,round,4,parent_over_candidate,0.9938650306748467
C134,qwen_batch_m128,128,512,10,8,False,28204,median,,frontier_over_candidate,0.997983870967742
C134,qwen_batch_m128,128,512,10,8,False,28204,median,,frontier_over_parent,0.998991935483871
C134,qwen_batch_m128,128,512,10,8,False,28204,median,,parent_over_candidate,0.9979919678714859
C134,qwen_batch_m128,128,512,10,8,False,28204,round,1,frontier_over_candidate,0.993975903614458
C134,qwen_batch_m128,128,512,10,8,False,28204,round,1,frontier_over_parent,0.993975903614458
C134,qwen_batch_m128,128,512,10,8,False,28204,round,2,frontier_over_candidate,0.9959677419354839
C134,qwen_batch_m128,128,512,10,8,False,28204,round,2,parent_over_candidate,0.9959677419354839
C134,qwen_batch_m128,128,512,10,8,False,28204,round,3,c7_over_c10,0.9873873873873874
C134,qwen_batch_m128,128,512,10,8,False,28204,round,3,parent_over_candidate,0.9942084942084942
C134,qwen_batch_m128,128,512,10,8,False,28204,round,4,frontier_over_candidate,0.993975903614458
C134,qwen_batch_m128,128,512,10,8,False,28204,round,4,frontier_over_parent,0.9979838709677419
C134,qwen_batch_m128,128,512,10,8,False,28204,round,4,parent_over_candidate,0.995983935742972
C134,qwen_batch_m128,128,512,10,8,False,28204,round,5,c7_over_c10,0.9962476547842402
C134,qwen_batch_m128,128,512,10,8,False,28204,round,6,frontier_over_parent,0.9922480620155039
C134,qwen_m512,512,512,10,8,False,28205,median,,frontier_over_candidate,0.9726804187882033
C134,qwen_m512,512,512,10,8,False,28205,median,,frontier_over_parent,0.969336545217304
C134,qwen_m512,512,512,10,8,False,28205,round,1,frontier_over_candidate,0.9640718562874254
C134,qwen_m512,512,512,10,8,False,28205,round,1,frontier_over_parent,0.9507874015748032
C134,qwen_m512,512,512,10,8,False,28205,round,2,frontier_over_candidate,0.9818548387096775
C134,qwen_m512,512,512,10,8,False,28205,round,2,parent_over_candidate,0.9435483870967741
C134,qwen_m512,512,512,10,8,False,28205,round,3,frontier_over_candidate,0.9635627530364373
C134,qwen_m512,512,512,10,8,False,28205,round,3,frontier_over_parent,0.9674796747967479
C134,qwen_m512,512,512,10,8,False,28205,round,3,parent_over_candidate,0.9959514170040487
C134,qwen_m512,512,512,10,8,False,28205,round,4,frontier_over_candidate,0.9566929133858267
C134,qwen_m512,512,512,10,8,False,28205,round,4,frontier_over_parent,0.9328214971209212
C134,qwen_m512,512,512,10,8,False,28205,round,5,parent_over_candidate,0.9525773195876289
C134,qwen_m512,512,512,10,8,False,28205,round,6,frontier_over_candidate,0.9812889812889812
C134,qwen_m512,512,512,10,8,False,28205,round,6,frontier_over_parent,0.9711934156378601
C134,qwen_prefill_m16384,16384,512,10,8,False,28206,median,,frontier_over_parent,0.9991531684919881
C134,qwen_prefill_m16384,16384,512,10,8,False,28206,round,1,frontier_over_candidate,0.9977502812148481
C134,qwen_prefill_m16384,16384,512,10,8,False,28206,round,1,parent_over_candidate,0.9943757030371203
C134,qwen_prefill_m16384,16384,512,10,8,False,28206,round,2,frontier_over_parent,0.9994324631101023
C134,qwen_prefill_m16384,16384,512,10,8,False,28206,round,3,frontier_over_parent,0.9988738738738738
C134,qwen_prefill_m16384,16384,512,10,8,False,28206,round,4,frontier_over_parent,0.9988726042841038
C134,qwen_prefill_m16384,16384,512,10,8,False,28206,round,5,frontier_over_candidate,0.9971590909090909
C134,qwen_prefill_m16384,16384,512,10,8,False,28206,round,5,frontier_over_parent,0.9982935153583619
C134,qwen_prefill_m16384,16384,512,10,8,False,28206,round,5,parent_over_candidate,0.9988636363636364
C135,tp_m32,32,512,8,16,False,28201,median,,frontier_over_candidate,0.9977801758120466
C135,tp_m32,32,512,8,16,False,28201,median,,frontier_over_parent,0.9988913525498891
C135,tp_m32,32,512,8,16,False,28201,median,,parent_over_candidate,0.9988962472406181
C135,tp_m32,32,512,8,16,False,28201,round,1,frontier_over_parent,0.9977827050997783
C135,tp_m32,32,512,8,16,False,28201,round,2,frontier_over_candidate,0.9977678571428571
C135,tp_m32,32,512,8,16,False,28201,round,2,parent_over_candidate,0.9977678571428571
C135,tp_m32,32,512,8,16,False,28201,round,3,frontier_over_candidate,0.9977924944812362
C135,tp_m32,32,512,8,16,False,28201,round,3,parent_over_candidate,0.9977924944812362
C135,tp_m32,32,512,8,16,False,28201,round,5,c7_over_c10,0.9895833333333333
C135,tp_m32,32,512,8,16,False,28201,round,5,frontier_over_candidate,0.9955357142857143
C135,tp_m32,32,512,8,16,False,28201,round,5,frontier_over_parent,0.9955357142857143
C135,tp_m32,32,512,8,16,False,28201,round,6,frontier_over_candidate,0.9911504424778762
C135,tp_m32,32,512,8,16,False,28201,round,6,frontier_over_parent,0.9955555555555555
C135,tp_m32,32,512,8,16,False,28201,round,6,parent_over_candidate,0.9955752212389382
C135,batch_m128,128,512,8,16,False,28202,round,1,c7_over_c10,0.998389694041868
C135,batch_m128,128,512,8,16,False,28202,round,1,frontier_over_parent,0.9966216216216218
C135,batch_m128,128,512,8,16,False,28202,round,4,frontier_over_candidate,0.9966216216216218
C135,batch_m128,128,512,8,16,False,28202,round,4,parent_over_candidate,0.9932432432432432
C135,batch_m128,128,512,8,16,False,28202,round,5,c7_over_c10,0.996742671009772
C135,batch_m128,128,512,8,16,False,28202,round,6,frontier_over_candidate,0.9982758620689656
C135,batch_m128,128,512,8,16,False,28202,round,6,parent_over_candidate,0.9982758620689656
C135,qwen_decode_m8,8,512,10,8,False,28203,median,,frontier_over_candidate,0.9969135802469136
C135,qwen_decode_m8,8,512,10,8,False,28203,median,,frontier_over_parent,0.9969325153374233
C135,qwen_decode_m8,8,512,10,8,False,28203,round,1,frontier_over_candidate,0.9848942598187311
C135,qwen_decode_m8,8,512,10,8,False,28203,round,1,parent_over_candidate,0.9818731117824774
C135,qwen_decode_m8,8,512,10,8,False,28203,round,2,c7_over_c10,0.9856733524355301
C135,qwen_decode_m8,8,512,10,8,False,28203,round,2,frontier_over_parent,0.9938650306748467
C135,qwen_decode_m8,8,512,10,8,False,28203,round,4,frontier_over_candidate,0.9877300613496932
C135,qwen_decode_m8,8,512,10,8,False,28203,round,4,frontier_over_parent,0.9817073170731707
C135,qwen_decode_m8,8,512,10,8,False,28203,round,5,frontier_over_candidate,0.9938271604938271
C135,qwen_decode_m8,8,512,10,8,False,28203,round,5,frontier_over_parent,0.9877300613496932
C135,qwen_decode_m8,8,512,10,8,False,28203,round,6,c7_over_c10,0.9971428571428573
C135,qwen_batch_m128,128,512,10,8,False,28204,median,,frontier_over_candidate,0.9979858992665671
C135,qwen_batch_m128,128,512,10,8,False,28204,median,,frontier_over_parent,0.9960577318946968
C135,qwen_batch_m128,128,512,10,8,False,28204,round,1,frontier_over_parent,0.995983935742972
C135,qwen_batch_m128,128,512,10,8,False,28204,round,2,c7_over_c10,0.99812382739212
C135,qwen_batch_m128,128,512,10,8,False,28204,round,2,frontier_over_candidate,0.993939393939394
C135,qwen_batch_m128,128,512,10,8,False,28204,round,2,frontier_over_parent,0.9899396378269618
C135,qwen_batch_m128,128,512,10,8,False,28204,round,3,c7_over_c10,0.9963963963963965
C135,qwen_batch_m128,128,512,10,8,False,28204,round,3,frontier_over_parent,0.9961315280464217
C135,qwen_batch_m128,128,512,10,8,False,28204,round,4,frontier_over_candidate,0.9979838709677419
C135,qwen_batch_m128,128,512,10,8,False,28204,round,4,frontier_over_parent,0.993975903614458
C135,qwen_batch_m128,128,512,10,8,False,28204,round,5,frontier_over_candidate,0.9979879275653922
C135,qwen_batch_m128,128,512,10,8,False,28204,round,5,parent_over_candidate,0.9979879275653922
C135,qwen_batch_m128,128,512,10,8,False,28204,round,6,c7_over_c10,0.9981916817359854
C135,qwen_batch_m128,128,512,10,8,False,28204,round,6,frontier_over_candidate,0.9942084942084942
C135,qwen_batch_m128,128,512,10,8,False,28204,round,6,parent_over_candidate,0.9864864864864863
C135,qwen_m512,512,512,10,8,False,28205,median,,frontier_over_candidate,0.9641393442622951
C135,qwen_m512,512,512,10,8,False,28205,median,,frontier_over_parent,0.9681069958847737
C135,qwen_m512,512,512,10,8,False,28205,median,,parent_over_candidate,0.996974257172131
C135,qwen_m512,512,512,10,8,False,28205,round,1,frontier_over_candidate,0.9414062499999998
C135,qwen_m512,512,512,10,8,False,28205,round,1,frontier_over_parent,0.9432485322896283
C135,qwen_m512,512,512,10,8,False,28205,round,1,parent_over_candidate,0.9980468749999996
C135,qwen_m512,512,512,10,8,False,28205,round,3,frontier_over_candidate,0.9672131147540983
C135,qwen_m512,512,512,10,8,False,28205,round,3,frontier_over_parent,0.9711934156378601
C135,qwen_m512,512,512,10,8,False,28205,round,3,parent_over_candidate,0.9959016393442623
C135,qwen_m512,512,512,10,8,False,28205,round,4,frontier_over_candidate,0.9432485322896283
C135,qwen_m512,512,512,10,8,False,28205,round,4,frontier_over_parent,0.9377431906614787
C135,qwen_m512,512,512,10,8,False,28205,round,5,parent_over_candidate,0.9915433403805497
C135,qwen_m512,512,512,10,8,False,28205,round,6,frontier_over_candidate,0.9610655737704918
C135,qwen_m512,512,512,10,8,False,28205,round,6,frontier_over_parent,0.9650205761316873
C135,qwen_m512,512,512,10,8,False,28205,round,6,parent_over_candidate,0.9959016393442623
C135,qwen_prefill_m16384,16384,512,10,8,False,28206,median,,frontier_over_candidate,0.8592960491348254
C135,qwen_prefill_m16384,16384,512,10,8,False,28206,median,,parent_over_candidate,0.8581507309993273
C135,qwen_prefill_m16384,16384,512,10,8,False,28206,round,1,frontier_over_candidate,0.8590799031476998
C135,qwen_prefill_m16384,16384,512,10,8,False,28206,round,1,frontier_over_parent,0.9988738738738738
C135,qwen_prefill_m16384,16384,512,10,8,False,28206,round,1,parent_over_candidate,0.8600484261501211
C135,qwen_prefill_m16384,16384,512,10,8,False,28206,round,2,frontier_over_candidate,0.8605558264261338
C135,qwen_prefill_m16384,16384,512,10,8,False,28206,round,2,parent_over_candidate,0.855192588980985
C135,qwen_prefill_m16384,16384,512,10,8,False,28206,round,3,frontier_over_candidate,0.8582486695694242
C135,qwen_prefill_m16384,16384,512,10,8,False,28206,round,3,parent_over_candidate,0.8577648766328011
C135,qwen_prefill_m16384,16384,512,10,8,False,28206,round,4,frontier_over_candidate,0.8575581395348837
C135,qwen_prefill_m16384,16384,512,10,8,False,28206,round,4,parent_over_candidate,0.8570736434108528
C135,qwen_prefill_m16384,16384,512,10,8,False,28206,round,5,frontier_over_candidate,0.859512195121951
C135,qwen_prefill_m16384,16384,512,10,8,False,28206,round,5,parent_over_candidate,0.8585365853658535
C135,qwen_prefill_m16384,16384,512,10,8,False,28206,round,6,frontier_over_candidate,0.8612324114507521
C135,qwen_prefill_m16384,16384,512,10,8,False,28206,round,6,frontier_over_parent,0.9977515458122542
C135,qwen_prefill_m16384,16384,512,10,8,False,28206,round,6,parent_over_candidate,0.8631732168850073
C136,tp_m32,32,512,8,16,False,28201,median,,parent_over_candidate,0.9977851578596237
C136,tp_m32,32,512,8,16,False,28201,round,1,frontier_over_candidate,0.9977827050997783
C136,tp_m32,32,512,8,16,False,28201,round,1,parent_over_candidate,0.9977827050997783
C136,tp_m32,32,512,8,16,False,28201,round,3,c7_over_c10,0.9915966386554621
C136,tp_m32,32,512,8,16,False,28201,round,3,frontier_over_candidate,0.9933628318584071
C136,tp_m32,32,512,8,16,False,28201,round,3,frontier_over_parent,0.9955654101995565
C136,tp_m32,32,512,8,16,False,28201,round,3,parent_over_candidate,0.9977876106194692
C136,tp_m32,32,512,8,16,False,28201,round,4,parent_over_candidate,0.9933481152993348
C136,tp_m32,32,512,8,16,False,28201,round,5,c7_over_c10,0.9937106918238994
C136,tp_m32,32,512,8,16,False,28201,round,5,parent_over_candidate,0.9977628635346756
C136,tp_m32,32,512,8,16,False,28201,round,6,c7_over_c10,0.9936974789915967
C136,tp_m32,32,512,8,16,False,28201,round,6,frontier_over_parent,0.9977973568281938
C136,batch_m128,128,512,8,16,False,28202,median,,frontier_over_parent,0.9982788296041307
C136,batch_m128,128,512,8,16,False,28202,round,1,c7_over_c10,0.9967741935483871
C136,batch_m128,128,512,8,16,False,28202,round,1,parent_over_candidate,0.9966216216216218
C136,batch_m128,128,512,8,16,False,28202,round,2,frontier_over_candidate,0.9931389365351629
C136,batch_m128,128,512,8,16,False,28202,round,2,frontier_over_parent,0.9965576592082614
C136,batch_m128,128,512,8,16,False,28202,round,2,parent_over_candidate,0.9965694682675816
C136,batch_m128,128,512,8,16,False,28202,round,4,frontier_over_candidate,0.9982935153583617
C136,batch_m128,128,512,8,16,False,28202,round,4,frontier_over_parent,0.9932088285229203
C136,batch_m128,128,512,8,16,False,28202,round,5,parent_over_candidate,0.9982788296041306
C136,batch_m128,128,512,8,16,False,28202,round,6,frontier_over_parent,0.9948453608247421
C136,qwen_decode_m8,8,512,10,8,False,28203,median,,frontier_over_candidate,0.9969325153374233
C136,qwen_decode_m8,8,512,10,8,False,28203,median,,frontier_over_parent,0.9938650306748467
C136,qwen_decode_m8,8,512,10,8,False,28203,round,1,frontier_over_candidate,0.9908256880733944
C136,qwen_decode_m8,8,512,10,8,False,28203,round,1,frontier_over_parent,0.9938650306748467
C136,qwen_decode_m8,8,512,10,8,False,28203,round,1,parent_over_candidate,0.9969418960244648
C136,qwen_decode_m8,8,512,10,8,False,28203,round,2,c7_over_c10,0.9942857142857143
C136,qwen_decode_m8,8,512,10,8,False,28203,round,2,parent_over_candidate,0.9969040247678017
C136,qwen_decode_m8,8,512,10,8,False,28203,round,3,frontier_over_candidate,0.9938650306748467
C136,qwen_decode_m8,8,512,10,8,False,28203,round,3,frontier_over_parent,0.9938650306748467
C136,qwen_decode_m8,8,512,10,8,False,28203,round,4,c7_over_c10,0.9971590909090909
C136,qwen_decode_m8,8,512,10,8,False,28203,round,4,frontier_over_candidate,0.993846153846154
C136,qwen_decode_m8,8,512,10,8,False,28203,round,4,frontier_over_parent,0.9877675840978595
C136,qwen_decode_m8,8,512,10,8,False,28203,round,5,frontier_over_parent,0.9938650306748467
C136,qwen_decode_m8,8,512,10,8,False,28203,round,6,frontier_over_parent,0.9969230769230769
C136,qwen_batch_m128,128,512,10,8,False,28204,round,1,c7_over_c10,0.9981308411214951
C136,qwen_batch_m128,128,512,10,8,False,28204,round,1,parent_over_candidate,0.997979797979798
C136,qwen_batch_m128,128,512,10,8,False,28204,round,3,frontier_over_parent,0.9961240310077519
C136,qwen_batch_m128,128,512,10,8,False,28204,round,5,c7_over_c10,0.9981343283582089
C136,qwen_batch_m128,128,512,10,8,False,28204,round,5,parent_over_candidate,0.9999999999999998
C136,qwen_batch_m128,128,512,10,8,False,28204,round,6,frontier_over_candidate,0.99609375
C136,qwen_batch_m128,128,512,10,8,False,28204,round,6,frontier_over_parent,0.9941520467836257
C136,qwen_m512,512,512,10,8,False,28205,median,,frontier_over_candidate,0.9573294419605896
C136,qwen_m512,512,512,10,8,False,28205,median,,frontier_over_parent,0.952232056385464
C136,qwen_m512,512,512,10,8,False,28205,median,,parent_over_candidate,0.9961462877805292
C136,qwen_m512,512,512,10,8,False,28205,round,1,frontier_over_candidate,0.9433593749999999
C136,qwen_m512,512,512,10,8,False,28205,round,1,frontier_over_parent,0.9396887159533075
C136,qwen_m512,512,512,10,8,False,28205,round,2,frontier_over_candidate,0.9738955823293174
C136,qwen_m512,512,512,10,8,False,28205,round,2,parent_over_candidate,0.9417670682730925
C136,qwen_m512,512,512,10,8,False,28205,round,3,frontier_over_candidate,0.9651639344262295
C136,qwen_m512,512,512,10,8,False,28205,round,3,frontier_over_parent,0.9476861167002011
C136,qwen_m512,512,512,10,8,False,28205,round,4,frontier_over_candidate,0.9474708171206229
C136,qwen_m512,512,512,10,8,False,28205,round,4,frontier_over_parent,0.956777996070727
C136,qwen_m512,512,512,10,8,False,28205,round,4,parent_over_candidate,0.9902723735408563
C136,qwen_m512,512,512,10,8,False,28205,round,5,frontier_over_candidate,0.9959016393442621
C136,qwen_m512,512,512,10,8,False,28205,round,5,parent_over_candidate,0.9487704918032785
C136,qwen_m512,512,512,10,8,False,28205,round,6,frontier_over_candidate,0.9494949494949495
C136,qwen_m512,512,512,10,8,False,28205,round,6,frontier_over_parent,0.9475806451612903
C136,qwen_prefill_m16384,16384,512,10,8,False,28206,median,,frontier_over_candidate,0.8785691593063548
C136,qwen_prefill_m16384,16384,512,10,8,False,28206,median,,frontier_over_parent,0.858042602336333
C136,qwen_prefill_m16384,16384,512,10,8,False,28206,round,1,frontier_over_candidate,0.8795240456122954
C136,qwen_prefill_m16384,16384,512,10,8,False,28206,round,1,frontier_over_parent,0.8620019436345968
C136,qwen_prefill_m16384,16384,512,10,8,False,28206,round,2,frontier_over_candidate,0.8796203796203794
C136,qwen_prefill_m16384,16384,512,10,8,False,28206,round,2,frontier_over_parent,0.8615459882583172
C136,qwen_prefill_m16384,16384,512,10,8,False,28206,round,3,frontier_over_candidate,0.878968253968254
C136,qwen_prefill_m16384,16384,512,10,8,False,28206,round,3,frontier_over_parent,0.8581113801452784
C136,qwen_prefill_m16384,16384,512,10,8,False,28206,round,4,frontier_over_candidate,0.8771060455896929
C136,qwen_prefill_m16384,16384,512,10,8,False,28206,round,4,frontier_over_parent,0.8579738245273875
C136,qwen_prefill_m16384,16384,512,10,8,False,28206,round,5,frontier_over_candidate,0.8754359740906825
C136,qwen_prefill_m16384,16384,512,10,8,False,28206,round,5,frontier_over_parent,0.8579101562499999
C136,qwen_prefill_m16384,16384,512,10,8,False,28206,round,6,frontier_over_candidate,0.8781700646444557
C136,qwen_prefill_m16384,16384,512,10,8,False,28206,round,6,frontier_over_parent,0.8568655992236777
C133_EXPORT,batch_m128,128,512,8,16,False,28202,median,,c133_source_over_c133_export,0.990626903881247
C133_EXPORT,batch_m128,128,512,8,16,False,28202,round,1,c133_source_over_c133_export,0.9948882799325465
C133_EXPORT,batch_m128,128,512,8,16,False,28202,round,2,c133_source_over_c133_export,0.9897427721088436
C133_EXPORT,batch_m128,128,512,8,16,False,28202,round,3,c133_source_over_c133_export,0.9915110356536503
C133_EXPORT,batch_m128,128,512,8,16,False,28202,round,4,c133_source_over_c133_export,0.9882747068676718
C133_EXPORT,batch_m128,128,512,8,16,False,28202,round,5,c133_source_over_c133_export,0.9863945578231292
C133_EXPORT,qwen_batch_m128,128,512,10,8,False,28204,median,,c133_source_over_c133_export,0.9970410488295574
C133_EXPORT,qwen_batch_m128,128,512,10,8,False,28204,round,1,c133_source_over_c133_export,0.9780439121756489
C133_EXPORT,qwen_batch_m128,128,512,10,8,False,28204,round,2,c133_source_over_c133_export,0.9979959919839678
C133_EXPORT,qwen_batch_m128,128,512,10,8,False,28204,round,3,c133_source_over_c133_export,0.996086105675147
C133_EXPORT,qwen_batch_m128,128,512,10,8,False,28204,round,4,c133_source_over_c133_export,0.9880239520958086
C133_EXPORT,qwen_m512,512,512,10,8,False,28205,round,1,v53_source_over_v53_export,0.9987515605493134
C133_EXPORT,qwen_m512,512,512,10,8,False,28205,round,1,c133_source_over_c133_export,0.9979466119096508
C133_EXPORT,qwen_m512,512,512,10,8,False,28205,round,4,v53_source_over_v53_export,0.9950248756218906
C133_EXPORT,qwen_m512,512,512,10,8,False,28205,round,6,c133_source_over_c133_export,0.989517819706499
C133_EXPORT,qwen_prefill_m16384,16384,512,10,8,False,28206,median,,c133_source_over_c133_export,0.9974794552535045
C133_EXPORT,qwen_prefill_m16384,16384,512,10,8,False,28206,round,1,c133_source_over_c133_export,0.9972035794183445
C133_EXPORT,qwen_prefill_m16384,16384,512,10,8,False,28206,round,3,c133_source_over_c133_export,0.9977553310886644
C133_EXPORT,qwen_prefill_m16384,16384,512,10,8,False,28206,round,4,c133_source_over_c133_export,0.9938581797878279
C133_EXPORT,qwen_prefill_m16384,16384,512,10,8,False,28206,round,5,c133_source_over_c133_export,0.9926925238898258
C133_EXPORT_V3,tp_m32,32,512,8,16,False,28201,median,,c133_source_over_c133_export,0.9978510861601937
C133_EXPORT_V3,tp_m32,32,512,8,16,False,28201,round,1,c133_source_over_c133_export,0.9934782608695654
C133_EXPORT_V3,tp_m32,32,512,8,16,False,28201,round,3,c133_source_over_c133_export,0.9956331877729258
C133_EXPORT_V3,tp_m32,32,512,8,16,False,28201,round,6,c133_source_over_c133_export,0.9956331877729258
C133_EXPORT_V3,batch_m128,128,512,8,16,False,28202,median,,c133_source_over_c133_export,0.9991438356164384
C133_EXPORT_V3,batch_m128,128,512,8,16,False,28202,round,1,c133_source_over_c133_export,0.9982876712328768
C133_EXPORT_V3,batch_m128,128,512,8,16,False,28202,round,3,c133_source_over_c133_export,0.9933774834437085
C133_EXPORT_V3,batch_m128,128,512,8,16,False,28202,round,5,v53_source_over_v53_export,0.9970326409495547
C133_EXPORT_V3,batch_m128,128,512,8,16,False,28202,round,5,c133_source_over_c133_export,0.9966666666666667
C133_EXPORT_V3,qwen_decode_m8,8,512,10,8,False,28203,round,1,v53_source_over_v53_export,0.9920424403183024
C133_EXPORT_V3,qwen_decode_m8,8,512,10,8,False,28203,round,2,v53_source_over_v53_export,0.9946808510638296
C133_EXPORT_V3,qwen_decode_m8,8,512,10,8,False,28203,round,4,c133_source_over_c133_export,0.9934475806451611
C133_EXPORT_V3,qwen_batch_m128,128,512,10,8,False,28204,round,2,c133_source_over_c133_export,0.9921568627450981
C133_EXPORT_V3,qwen_batch_m128,128,512,10,8,False,28204,round,3,c133_source_over_c133_export,0.9960159362549801
C133_EXPORT_V3,qwen_m512,512,512,10,8,False,28205,round,2,v53_source_over_v53_export,0.9974937343358395
C133_EXPORT_V3,qwen_m512,512,512,10,8,False,28205,round,2,c133_source_over_c133_export,0.9979253112033195
C133_EXPORT_V3,qwen_m512,512,512,10,8,False,28205,round,5,v53_source_over_v53_export,0.9912499999999999
C133_EXPORT_V3,qwen_prefill_m16384,16384,512,10,8,False,28206,round,3,c133_source_over_c133_export,0.9977259806708357
C133_EXPORT_V3,qwen_prefill_m16384,16384,512,10,8,False,28206,round,6,c133_source_over_c133_export,0.9965750993753549
C133_EXPORT_V4,tp_m32,32,512,8,16,False,28201,median,,v53_source_over_v53_export,0.9928873030220664
C133_EXPORT_V4,tp_m32,32,512,8,16,False,28201,median,,c133_source_over_c133_export,0.9537702789349098
C133_EXPORT_V4,tp_m32,32,512,8,16,False,28201,round,1,v53_source_over_v53_export,0.9946714031971579
C133_EXPORT_V4,tp_m32,32,512,8,16,False,28201,round,1,c133_source_over_c133_export,0.9454545454545454
C133_EXPORT_V4,tp_m32,32,512,8,16,False,28201,round,2,v53_source_over_v53_export,0.9698064946619216
C133_EXPORT_V4,tp_m32,32,512,8,16,False,28201,round,2,c133_source_over_c133_export,0.9733606557377049
C133_EXPORT_V4,tp_m32,32,512,8,16,False,28201,round,3,c133_source_over_c133_export,0.9582504970178926
C133_EXPORT_V4,tp_m32,32,512,8,16,False,28201,round,4,v53_source_over_v53_export,0.9963963963963965
C133_EXPORT_V4,tp_m32,32,512,8,16,False,28201,round,4,c133_source_over_c133_export,0.9287128712871288
C133_EXPORT_V4,tp_m32,32,512,8,16,False,28201,round,5,v53_source_over_v53_export,0.9911032028469748
C133_EXPORT_V4,tp_m32,32,512,8,16,False,28201,round,5,c133_source_over_c133_export,0.949290060851927
C133_EXPORT_V4,tp_m32,32,512,8,16,False,28201,round,6,v53_source_over_v53_export,0.9609929078014182
C133_EXPORT_V4,tp_m32,32,512,8,16,False,28201,round,6,c133_source_over_c133_export,0.9918869240032959
C133_EXPORT_V4,batch_m128,128,512,8,16,False,28202,median,,v53_source_over_v53_export,0.9895607773946054
C133_EXPORT_V4,batch_m128,128,512,8,16,False,28202,median,,c133_source_over_c133_export,0.981155400756794
C133_EXPORT_V4,batch_m128,128,512,8,16,False,28202,round,1,c133_source_over_c133_export,0.9839987961476724
C133_EXPORT_V4,batch_m128,128,512,8,16,False,28202,round,2,v53_source_over_v53_export,0.9880169172932329
C133_EXPORT_V4,batch_m128,128,512,8,16,False,28202,round,2,c133_source_over_c133_export,0.9835526315789473
C133_EXPORT_V4,batch_m128,128,512,8,16,False,28202,round,3,v53_source_over_v53_export,0.9881305637982197
C133_EXPORT_V4,batch_m128,128,512,8,16,False,28202,round,3,c133_source_over_c133_export,0.9719112769485905
C133_EXPORT_V4,batch_m128,128,512,8,16,False,28202,round,4,v53_source_over_v53_export,0.9796806966618289
C133_EXPORT_V4,batch_m128,128,512,8,16,False,28202,round,5,c133_source_over_c133_export,0.9787581699346405
C133_EXPORT_V4,batch_m128,128,512,8,16,False,28202,round,6,v53_source_over_v53_export,0.990990990990991
C133_EXPORT_V4,batch_m128,128,512,8,16,False,28202,round,6,c133_source_over_c133_export,0.9720394736842105
C133_EXPORT_V4,qwen_decode_m8,8,512,10,8,False,28203,round,1,c133_source_over_c133_export,0.9852507374631266
C133_EXPORT_V4,qwen_decode_m8,8,512,10,8,False,28203,round,2,v53_source_over_v53_export,0.9543269230769231
C133_EXPORT_V4,qwen_decode_m8,8,512,10,8,False,28203,round,4,c133_source_over_c133_export,0.9519774011299434
C133_EXPORT_V4,qwen_decode_m8,8,512,10,8,False,28203,round,5,c133_source_over_c133_export,0.9851632047477746
C133_EXPORT_V4,qwen_decode_m8,8,512,10,8,False,28203,round,6,v53_source_over_v53_export,0.9567307692307693
C133_EXPORT_V4,qwen_batch_m128,128,512,10,8,False,28204,median,,c133_source_over_c133_export,0.9610278091980026
C133_EXPORT_V4,qwen_batch_m128,128,512,10,8,False,28204,round,1,c133_source_over_c133_export,0.9961240310077517
C133_EXPORT_V4,qwen_batch_m128,128,512,10,8,False,28204,round,2,c133_source_over_c133_export,0.9301470588235293
C133_EXPORT_V4,qwen_batch_m128,128,512,10,8,False,28204,round,3,c133_source_over_c133_export,0.955637707948244
C133_EXPORT_V4,qwen_batch_m128,128,512,10,8,False,28204,round,4,v53_source_over_v53_export,0.9899328859060404
C133_EXPORT_V4,qwen_batch_m128,128,512,10,8,False,28204,round,5,c133_source_over_c133_export,0.9664179104477612
C133_EXPORT_V4,qwen_batch_m128,128,512,10,8,False,28204,round,6,c133_source_over_c133_export,0.9453551912568303
C133_EXPORT_V4,qwen_m512,512,512,10,8,False,28205,median,,v53_source_over_v53_export,0.9870640664363995
C133_EXPORT_V4,qwen_m512,512,512,10,8,False,28205,round,2,v53_source_over_v53_export,0.9798215409678257
C133_EXPORT_V4,qwen_m512,512,512,10,8,False,28205,round,3,v53_source_over_v53_export,0.9801998249708286
C133_EXPORT_V4,qwen_m512,512,512,10,8,False,28205,round,4,v53_source_over_v53_export,0.9941107184923439
C133_EXPORT_V4,qwen_m512,512,512,10,8,False,28205,round,5,v53_source_over_v53_export,0.9868891537544696
C133_EXPORT_V4,qwen_m512,512,512,10,8,False,28205,round,6,v53_source_over_v53_export,0.9872389791183295
C133_EXPORT_V4,qwen_prefill_m16384,16384,512,10,8,False,28206,median,,c133_source_over_c133_export,0.9967695212056114
C133_EXPORT_V4,qwen_prefill_m16384,16384,512,10,8,False,28206,round,1,c133_source_over_c133_export,0.9892818863879957
C133_EXPORT_V4,qwen_prefill_m16384,16384,512,10,8,False,28206,round,2,c133_source_over_c133_export,0.9908256880733944
C133_EXPORT_V4,qwen_prefill_m16384,16384,512,10,8,False,28206,round,4,c133_source_over_c133_export,0.9957035445757251
C133_EXPORT_V4,qwen_prefill_m16384,16384,512,10,8,False,28206,round,5,c133_source_over_c133_export,0.9978354978354977
C133_EXPORT_V5_FAILED_IDENTITY,tp_m32,32,512,8,16,False,28201,median,,v53_source_over_v53_export,0.991153211583319
C133_EXPORT_V5_FAILED_IDENTITY,tp_m32,32,512,8,16,False,28201,median,,c133_source_over_c133_export,0.9560386473429953
C133_EXPORT_V5_FAILED_IDENTITY,tp_m32,32,512,8,16,False,28201,round,1,v53_source_over_v53_export,0.9858906525573192
C133_EXPORT_V5_FAILED_IDENTITY,tp_m32,32,512,8,16,False,28201,round,1,c133_source_over_c133_export,0.9555555555555556
C133_EXPORT_V5_FAILED_IDENTITY,tp_m32,32,512,8,16,False,28201,round,2,v53_source_over_v53_export,0.9663716814159293
C133_EXPORT_V5_FAILED_IDENTITY,tp_m32,32,512,8,16,False,28201,round,2,c133_source_over_c133_export,0.9650924024640657
C133_EXPORT_V5_FAILED_IDENTITY,tp_m32,32,512,8,16,False,28201,round,3,c133_source_over_c133_export,0.9565217391304349
C133_EXPORT_V5_FAILED_IDENTITY,tp_m32,32,512,8,16,False,28201,round,4,v53_source_over_v53_export,0.9964157706093187
C133_EXPORT_V5_FAILED_IDENTITY,tp_m32,32,512,8,16,False,28201,round,4,c133_source_over_c133_export,0.9328063241106719
C133_EXPORT_V5_FAILED_IDENTITY,tp_m32,32,512,8,16,False,28201,round,5,v53_source_over_v53_export,0.9982238010657194
C133_EXPORT_V5_FAILED_IDENTITY,tp_m32,32,512,8,16,False,28201,round,5,c133_source_over_c133_export,0.951417004048583
C133_EXPORT_V5_FAILED_IDENTITY,tp_m32,32,512,8,16,False,28201,round,6,v53_source_over_v53_export,0.9645390070921985
C133_EXPORT_V5_FAILED_IDENTITY,tp_m32,32,512,8,16,False,28201,round,6,c133_source_over_c133_export,0.98989898989899
C133_EXPORT_V5_FAILED_IDENTITY,batch_m128,128,512,8,16,False,28202,median,,v53_source_over_v53_export,0.9919118073266867
C133_EXPORT_V5_FAILED_IDENTITY,batch_m128,128,512,8,16,False,28202,median,,c133_source_over_c133_export,0.9780537806176783
C133_EXPORT_V5_FAILED_IDENTITY,batch_m128,128,512,8,16,False,28202,round,1,c133_source_over_c133_export,0.9744408945686902
C133_EXPORT_V5_FAILED_IDENTITY,batch_m128,128,512,8,16,False,28202,round,2,v53_source_over_v53_export,0.9849624060150376
C133_EXPORT_V5_FAILED_IDENTITY,batch_m128,128,512,8,16,False,28202,round,2,c133_source_over_c133_export,0.9705400981996727
C133_EXPORT_V5_FAILED_IDENTITY,batch_m128,128,512,8,16,False,28202,round,3,v53_source_over_v53_export,0.9837518463810933
C133_EXPORT_V5_FAILED_IDENTITY,batch_m128,128,512,8,16,False,28202,round,3,c133_source_over_c133_export,0.9816666666666665
C133_EXPORT_V5_FAILED_IDENTITY,batch_m128,128,512,8,16,False,28202,round,4,v53_source_over_v53_export,0.986784140969163
C133_EXPORT_V5_FAILED_IDENTITY,batch_m128,128,512,8,16,False,28202,round,5,c133_source_over_c133_export,0.9901800327332244
C133_EXPORT_V5_FAILED_IDENTITY,batch_m128,128,512,8,16,False,28202,round,6,v53_source_over_v53_export,0.9970394736842104
C133_EXPORT_V5_FAILED_IDENTITY,batch_m128,128,512,8,16,False,28202,round,6,c133_source_over_c133_export,0.9439102564102564
C133_EXPORT_V5_FAILED_IDENTITY,qwen_decode_m8,8,512,10,8,False,28203,median,,v53_source_over_v53_export,0.9889881671093939
C133_EXPORT_V5_FAILED_IDENTITY,qwen_decode_m8,8,512,10,8,False,28203,round,1,v53_source_over_v53_export,0.995049504950495
C133_EXPORT_V5_FAILED_IDENTITY,qwen_decode_m8,8,512,10,8,False,28203,round,2,v53_source_over_v53_export,0.9518072289156627
C133_EXPORT_V5_FAILED_IDENTITY,qwen_decode_m8,8,512,10,8,False,28203,round,4,v53_source_over_v53_export,0.9829268292682928
C133_EXPORT_V5_FAILED_IDENTITY,qwen_decode_m8,8,512,10,8,False,28203,round,4,c133_source_over_c133_export,0.9548022598870056
C133_EXPORT_V5_FAILED_IDENTITY,qwen_decode_m8,8,512,10,8,False,28203,round,6,v53_source_over_v53_export,0.9567307692307693
C133_EXPORT_V5_FAILED_IDENTITY,qwen_batch_m128,128,512,10,8,False,28204,median,,c133_source_over_c133_export,0.9579275807893382
C133_EXPORT_V5_FAILED_IDENTITY,qwen_batch_m128,128,512,10,8,False,28204,round,1,c133_source_over_c133_export,0.9771428571428571
C133_EXPORT_V5_FAILED_IDENTITY,qwen_batch_m128,128,512,10,8,False,28204,round,2,c133_source_over_c133_export,0.9391143911439116
C133_EXPORT_V5_FAILED_IDENTITY,qwen_batch_m128,128,512,10,8,False,28204,round,3,c133_source_over_c133_export,0.9757462686567164
C133_EXPORT_V5_FAILED_IDENTITY,qwen_batch_m128,128,512,10,8,False,28204,round,5,c133_source_over_c133_export,0.9379562043795622
C133_EXPORT_V5_FAILED_IDENTITY,qwen_batch_m128,128,512,10,8,False,28204,round,6,c133_source_over_c133_export,0.94010889292196
C133_EXPORT_V5_FAILED_IDENTITY,qwen_m512,512,512,10,8,False,28205,median,,v53_source_over_v53_export,0.9910822384159197
C133_EXPORT_V5_FAILED_IDENTITY,qwen_m512,512,512,10,8,False,28205,round,2,v53_source_over_v53_export,0.981042654028436
C133_EXPORT_V5_FAILED_IDENTITY,qwen_m512,512,512,10,8,False,28205,round,4,v53_source_over_v53_export,0.9988709207459207
C133_EXPORT_V5_FAILED_IDENTITY,qwen_m512,512,512,10,8,False,28205,round,5,v53_source_over_v53_export,0.9832935560859188
C133_EXPORT_V5_FAILED_IDENTITY,qwen_m512,512,512,10,8,False,28205,round,6,v53_source_over_v53_export,0.9652777777777778
C133_EXPORT_V5_FAILED_IDENTITY,qwen_prefill_m16384,16384,512,10,8,False,28206,median,,c133_source_over_c133_export,0.9957011577799699
C133_EXPORT_V5_FAILED_IDENTITY,qwen_prefill_m16384,16384,512,10,8,False,28206,round,2,c133_source_over_c133_export,0.9951456310679611
C133_EXPORT_V5_FAILED_IDENTITY,qwen_prefill_m16384,16384,512,10,8,False,28206,round,3,c133_source_over_c133_export,0.9935455749467719
C133_EXPORT_V5_FAILED_IDENTITY,qwen_prefill_m16384,16384,512,10,8,False,28206,round,4,c133_source_over_c133_export,0.9962566844919787
C133_EXPORT_V5_FAILED_IDENTITY,qwen_prefill_m16384,16384,512,10,8,False,28206,round,6,c133_source_over_c133_export,0.9882352941176472
C133_EXPORT_V5_ORIGINAL_GROUPED,tp_m32,32,512,8,16,False,28201,median,,c133_source_over_c133_export,0.9989106753812637
C133_EXPORT_V5_ORIGINAL_GROUPED,tp_m32,32,512,8,16,False,28201,round,3,c133_source_over_c133_export,0.9956521739130435
C133_EXPORT_V5_ORIGINAL_GROUPED,tp_m32,32,512,8,16,False,28201,round,4,c133_source_over_c133_export,0.9978213507625273
C133_EXPORT_V5_ORIGINAL_GROUPED,tp_m32,32,512,8,16,False,28201,round,5,v53_source_over_v53_export,0.9981308411214951
C133_EXPORT_V5_ORIGINAL_GROUPED,tp_m32,32,512,8,16,False,28201,round,5,c133_source_over_c133_export,0.9978070175438597
C133_EXPORT_V5_ORIGINAL_GROUPED,tp_m32,32,512,8,16,False,28201,round,6,v53_source_over_v53_export,0.9981273408239703
C133_EXPORT_V5_ORIGINAL_GROUPED,batch_m128,128,512,8,16,False,28202,round,1,v53_source_over_v53_export,0.9954819277108433
C133_EXPORT_V5_ORIGINAL_GROUPED,batch_m128,128,512,8,16,False,28202,round,3,c133_source_over_c133_export,0.9865771812080537
C133_EXPORT_V5_ORIGINAL_GROUPED,batch_m128,128,512,8,16,False,28202,round,4,v53_source_over_v53_export,0.9984917043740574
C133_EXPORT_V5_ORIGINAL_GROUPED,qwen_decode_m8,8,512,10,8,False,28203,median,,v53_source_over_v53_export,0.9986737400530503
C133_EXPORT_V5_ORIGINAL_GROUPED,qwen_decode_m8,8,512,10,8,False,28203,median,,c133_source_over_c133_export,0.9967948388687425
C133_EXPORT_V5_ORIGINAL_GROUPED,qwen_decode_m8,8,512,10,8,False,28203,round,1,c133_source_over_c133_export,0.9967845659163989
C133_EXPORT_V5_ORIGINAL_GROUPED,qwen_decode_m8,8,512,10,8,False,28203,round,2,c133_source_over_c133_export,0.9873417721518988
C133_EXPORT_V5_ORIGINAL_GROUPED,qwen_decode_m8,8,512,10,8,False,28203,round,3,c133_source_over_c133_export,0.9904458598726112
C133_EXPORT_V5_ORIGINAL_GROUPED,qwen_decode_m8,8,512,10,8,False,28203,round,4,v53_source_over_v53_export,0.9973474801061007
C133_EXPORT_V5_ORIGINAL_GROUPED,qwen_decode_m8,8,512,10,8,False,28203,round,4,c133_source_over_c133_export,0.9968051118210862
C133_EXPORT_V5_ORIGINAL_GROUPED,qwen_decode_m8,8,512,10,8,False,28203,round,5,v53_source_over_v53_export,0.9947780678851176
C133_EXPORT_V5_ORIGINAL_GROUPED,qwen_decode_m8,8,512,10,8,False,28203,round,6,v53_source_over_v53_export,0.9921259842519684
C133_EXPORT_V5_ORIGINAL_GROUPED,qwen_batch_m128,128,512,10,8,False,28204,round,6,c133_source_over_c133_export,0.9919678714859439
C133_EXPORT_V5_ORIGINAL_GROUPED,qwen_m512,512,512,10,8,False,28205,round,6,v53_source_over_v53_export,0.9974811083123424
C133_EXPORT_V5_ORIGINAL_GROUPED,qwen_prefill_m16384,16384,512,10,8,False,28206,round,5,c133_source_over_c133_export,0.9983221476510068
C133_EXPORT_V5_GROUPED_PRECISION3000,qwen_decode_m8,8,512,10,8,False,28203,round,2,c133_source_over_c133_export,0.9936708860759493
C133_EXPORT_V5_GROUPED_PRECISION3000,qwen_batch_m128,128,512,10,8,False,28204,round,2,v53_source_over_v53_export,0.9966329966329966
C133_EXPORT_V5_GROUPED_PRECISION3000,qwen_batch_m128,128,512,10,8,False,28204,round,4,c133_source_over_c133_export,0.9961240310077519
C133_EXPORT_V5_GROUPED_PRECISION3000,qwen_batch_m128,128,512,10,8,False,28204,round,5,v53_source_over_v53_export,0.9966329966329966
C133_EXPORT_V5_GROUPED_PRECISION3000,qwen_prefill_m16384,16384,512,10,8,False,28206,round,4,c133_source_over_c133_export,0.9988558352402745
C133_EXPORT_V5_GROUPED_PRECISION3000,qwen_prefill_m16384,16384,512,10,8,False,28206,round,6,c133_source_over_c133_export,0.9999643277565727
